WIDTH=16;
DEPTH=14190;
ADDRESS_RADIX=DEC;
DATA_RADIX=HEX;
CONTENT BEGIN
    0 : 0000;
    1 : 0000;
    2 : 0000;
    3 : 0000;
    4 : 0000;
    5 : 0000;
    6 : 0000;
    7 : FFFF;
    8 : 0002;
    9 : FFFE;
    10 : 0002;
    11 : FFFD;
    12 : 0003;
    13 : FFFE;
    14 : 0001;
    15 : FFFF;
    16 : 0000;
    17 : FFFF;
    18 : 0002;
    19 : FFFE;
    20 : 0003;
    21 : FFFD;
    22 : 0002;
    23 : FFFF;
    24 : 0001;
    25 : 0000;
    26 : 0001;
    27 : FFFD;
    28 : 0003;
    29 : FFFE;
    30 : 0001;
    31 : 0000;
    32 : FFFF;
    33 : 0000;
    34 : 0001;
    35 : FFFF;
    36 : 0001;
    37 : 0000;
    38 : 0000;
    39 : FFFF;
    40 : 0002;
    41 : FFFE;
    42 : 0002;
    43 : FFFD;
    44 : 0002;
    45 : FFFF;
    46 : 0000;
    47 : 0001;
    48 : FFFE;
    49 : 0003;
    50 : FFFC;
    51 : 0003;
    52 : FFFF;
    53 : FFFF;
    54 : 0003;
    55 : FFFC;
    56 : 0005;
    57 : FFFA;
    58 : 0006;
    59 : FFFB;
    60 : 0004;
    61 : FFFE;
    62 : 0000;
    63 : 0001;
    64 : FFFF;
    65 : 0002;
    66 : FFFD;
    67 : 0002;
    68 : 0000;
    69 : FFFF;
    70 : 0001;
    71 : FFFF;
    72 : 0000;
    73 : 0002;
    74 : FFFD;
    75 : 0001;
    76 : 0001;
    77 : FFFF;
    78 : 0001;
    79 : FFFF;
    80 : 0000;
    81 : 0002;
    82 : FFFD;
    83 : 0002;
    84 : FFFF;
    85 : 0000;
    86 : 0001;
    87 : FFFE;
    88 : 0002;
    89 : FFFE;
    90 : 0000;
    91 : 0000;
    92 : 0002;
    93 : FFFD;
    94 : 0004;
    95 : FFFB;
    96 : 0004;
    97 : FFFE;
    98 : 0001;
    99 : 0000;
    100 : FFFF;
    101 : 0001;
    102 : FFFE;
    103 : 0003;
    104 : FFFE;
    105 : 0001;
    106 : 0001;
    107 : FFFE;
    108 : 0001;
    109 : FFFF;
    110 : 0001;
    111 : 0000;
    112 : 0000;
    113 : 0000;
    114 : 0000;
    115 : 0000;
    116 : 0001;
    117 : FFFE;
    118 : 0002;
    119 : FFFF;
    120 : 0000;
    121 : 0001;
    122 : FFFF;
    123 : 0001;
    124 : FFFE;
    125 : 0001;
    126 : 0000;
    127 : FFFF;
    128 : 0001;
    129 : 0000;
    130 : 0000;
    131 : 0000;
    132 : 0001;
    133 : FFFE;
    134 : 0002;
    135 : FFFE;
    136 : 0002;
    137 : FFFE;
    138 : 0002;
    139 : FFFF;
    140 : 0000;
    141 : 0000;
    142 : FFFF;
    143 : 0000;
    144 : 0002;
    145 : FFFE;
    146 : 0001;
    147 : 0000;
    148 : FFFF;
    149 : 0003;
    150 : FFFE;
    151 : 0001;
    152 : FFFF;
    153 : FFFF;
    154 : 0001;
    155 : 0000;
    156 : FFFF;
    157 : 0001;
    158 : 0000;
    159 : 0000;
    160 : 0000;
    161 : FFFF;
    162 : 0001;
    163 : FFFF;
    164 : 0001;
    165 : 0000;
    166 : 0000;
    167 : 0000;
    168 : 0000;
    169 : 0000;
    170 : 0000;
    171 : 0000;
    172 : FFFF;
    173 : 0002;
    174 : FFFD;
    175 : 0003;
    176 : FFFD;
    177 : 0001;
    178 : 0002;
    179 : FFFC;
    180 : 0005;
    181 : FFFC;
    182 : 0003;
    183 : FFFF;
    184 : FFFF;
    185 : 0002;
    186 : FFFD;
    187 : 0003;
    188 : FFFE;
    189 : 0001;
    190 : 0000;
    191 : FFFE;
    192 : 0002;
    193 : FFFF;
    194 : 0000;
    195 : 0002;
    196 : FFFE;
    197 : 0001;
    198 : FFFF;
    199 : 0001;
    200 : 0001;
    201 : FFFD;
    202 : 0004;
    203 : FFFB;
    204 : 0005;
    205 : FFFC;
    206 : 0003;
    207 : FFFC;
    208 : 0005;
    209 : FFFD;
    210 : 0003;
    211 : FFFC;
    212 : 0002;
    213 : FFFF;
    214 : 0001;
    215 : FFFF;
    216 : 0001;
    217 : FFFE;
    218 : 0001;
    219 : 0001;
    220 : 0000;
    221 : FFFE;
    222 : 0003;
    223 : FFFD;
    224 : 0002;
    225 : FFFF;
    226 : 0000;
    227 : 0000;
    228 : 0000;
    229 : FFFF;
    230 : 0002;
    231 : FFFE;
    232 : 0003;
    233 : FFFD;
    234 : 0003;
    235 : FFFE;
    236 : 0002;
    237 : FFFD;
    238 : 0003;
    239 : FFFC;
    240 : 0004;
    241 : FFFE;
    242 : 0002;
    243 : FFFE;
    244 : 0001;
    245 : 0000;
    246 : FFFF;
    247 : 0000;
    248 : 0000;
    249 : 0002;
    250 : FFFC;
    251 : 0003;
    252 : FFFD;
    253 : 0005;
    254 : FFFC;
    255 : 0003;
    256 : FFFD;
    257 : 0002;
    258 : FFFE;
    259 : 0002;
    260 : FFFF;
    261 : 0001;
    262 : FFFF;
    263 : 0001;
    264 : FFFE;
    265 : 0002;
    266 : FFFF;
    267 : 0000;
    268 : 0000;
    269 : 0000;
    270 : 0000;
    271 : 0000;
    272 : 0000;
    273 : 0001;
    274 : FFFF;
    275 : 0001;
    276 : FFFF;
    277 : 0001;
    278 : FFFD;
    279 : 0003;
    280 : FFFF;
    281 : 0001;
    282 : FFFF;
    283 : 0002;
    284 : FFFD;
    285 : 0003;
    286 : FFFE;
    287 : 0000;
    288 : 0001;
    289 : 0000;
    290 : FFFF;
    291 : 0001;
    292 : FFFF;
    293 : FFFF;
    294 : 0002;
    295 : FFFD;
    296 : 0003;
    297 : FFFE;
    298 : 0001;
    299 : 0000;
    300 : FFFF;
    301 : 0002;
    302 : FFFD;
    303 : 0001;
    304 : 0001;
    305 : FFFF;
    306 : 0002;
    307 : FFFF;
    308 : FFFF;
    309 : 0001;
    310 : FFFF;
    311 : 0001;
    312 : FFFF;
    313 : 0000;
    314 : 0001;
    315 : FFFF;
    316 : 0000;
    317 : 0002;
    318 : FFFE;
    319 : 0001;
    320 : 0000;
    321 : FFFF;
    322 : 0002;
    323 : FFFE;
    324 : 0000;
    325 : 0002;
    326 : FFFD;
    327 : 0003;
    328 : FFFE;
    329 : 0000;
    330 : 0001;
    331 : FFFE;
    332 : 0003;
    333 : FFFD;
    334 : 0002;
    335 : FFFF;
    336 : 0001;
    337 : FFFF;
    338 : 0001;
    339 : FFFF;
    340 : 0001;
    341 : 0001;
    342 : FFFE;
    343 : 0003;
    344 : FFFC;
    345 : 0004;
    346 : FFFE;
    347 : 0000;
    348 : 0001;
    349 : FFFE;
    350 : 0001;
    351 : 0001;
    352 : FFFF;
    353 : 0001;
    354 : FFFE;
    355 : 0002;
    356 : 0000;
    357 : FFFE;
    358 : 0002;
    359 : FFFF;
    360 : 0000;
    361 : 0001;
    362 : FFFE;
    363 : 0003;
    364 : FFFD;
    365 : 0001;
    366 : 0000;
    367 : 0000;
    368 : FFFF;
    369 : 0001;
    370 : FFFF;
    371 : 0002;
    372 : FFFE;
    373 : 0001;
    374 : 0000;
    375 : 0000;
    376 : FFFF;
    377 : 0002;
    378 : FFFD;
    379 : 0004;
    380 : FFFD;
    381 : 0001;
    382 : 0000;
    383 : 0000;
    384 : 0000;
    385 : 0001;
    386 : FFFF;
    387 : 0001;
    388 : FFFF;
    389 : 0000;
    390 : 0001;
    391 : FFFD;
    392 : 0002;
    393 : FFFF;
    394 : 0000;
    395 : 0002;
    396 : FFFD;
    397 : 0003;
    398 : FFFF;
    399 : FFFF;
    400 : 0001;
    401 : FFFF;
    402 : 0000;
    403 : 0002;
    404 : FFFE;
    405 : 0000;
    406 : 0001;
    407 : FFFD;
    408 : 0004;
    409 : FFFD;
    410 : 0002;
    411 : FFFF;
    412 : 0001;
    413 : 0000;
    414 : 0000;
    415 : 0000;
    416 : FFFF;
    417 : 0000;
    418 : 0001;
    419 : FFFD;
    420 : 0004;
    421 : FFFD;
    422 : 0002;
    423 : FFFF;
    424 : 0000;
    425 : FFFF;
    426 : 0002;
    427 : FFFD;
    428 : 0004;
    429 : FFFC;
    430 : 0002;
    431 : 0001;
    432 : FFFE;
    433 : 0002;
    434 : FFFE;
    435 : 0001;
    436 : FFFE;
    437 : 0001;
    438 : 0000;
    439 : 0001;
    440 : FFFF;
    441 : 0001;
    442 : 0000;
    443 : FFFF;
    444 : 0001;
    445 : 0000;
    446 : 0001;
    447 : FFFE;
    448 : 0003;
    449 : FFFC;
    450 : 0005;
    451 : FFFB;
    452 : 0006;
    453 : FFFB;
    454 : 0004;
    455 : FFFD;
    456 : 0002;
    457 : FFFF;
    458 : 0000;
    459 : 0001;
    460 : 0000;
    461 : FFFF;
    462 : 0002;
    463 : FFFE;
    464 : 0001;
    465 : 0000;
    466 : FFFF;
    467 : 0002;
    468 : FFFE;
    469 : 0001;
    470 : 0001;
    471 : FFFD;
    472 : 0003;
    473 : FFFE;
    474 : 0002;
    475 : FFFE;
    476 : 0003;
    477 : FFFD;
    478 : 0003;
    479 : 0000;
    480 : FFFE;
    481 : 0002;
    482 : FFFE;
    483 : 0002;
    484 : FFFF;
    485 : 0000;
    486 : 0000;
    487 : FFFF;
    488 : 0002;
    489 : FFFF;
    490 : 0000;
    491 : 0001;
    492 : FFFE;
    493 : 0002;
    494 : FFFF;
    495 : 0000;
    496 : 0000;
    497 : 0000;
    498 : 0001;
    499 : FFFD;
    500 : 0002;
    501 : FFFD;
    502 : 0004;
    503 : FFFD;
    504 : 0003;
    505 : FFFC;
    506 : 0004;
    507 : FFFB;
    508 : 0004;
    509 : FFFE;
    510 : 0002;
    511 : FFFE;
    512 : 0001;
    513 : 0001;
    514 : FFFF;
    515 : FFFF;
    516 : 0001;
    517 : 0001;
    518 : FFFE;
    519 : 0003;
    520 : FFFD;
    521 : 0000;
    522 : 0002;
    523 : FFFF;
    524 : 0000;
    525 : 0000;
    526 : 0000;
    527 : 0001;
    528 : FFFE;
    529 : 0003;
    530 : FFFC;
    531 : 0004;
    532 : FFFB;
    533 : 0004;
    534 : FFFF;
    535 : 0000;
    536 : 0001;
    537 : FFFF;
    538 : 0000;
    539 : 0001;
    540 : 0000;
    541 : FFFF;
    542 : 0001;
    543 : FFFF;
    544 : 0000;
    545 : 0001;
    546 : FFFE;
    547 : 0003;
    548 : FFFD;
    549 : 0003;
    550 : FFFD;
    551 : 0001;
    552 : 0001;
    553 : FFFE;
    554 : 0002;
    555 : FFFF;
    556 : 0000;
    557 : 0000;
    558 : FFFF;
    559 : 0002;
    560 : FFFF;
    561 : 0001;
    562 : FFFF;
    563 : 0000;
    564 : 0001;
    565 : FFFD;
    566 : 0004;
    567 : FFFD;
    568 : 0001;
    569 : 0001;
    570 : FFFE;
    571 : 0001;
    572 : FFFE;
    573 : 0002;
    574 : FFFF;
    575 : 0000;
    576 : FFFF;
    577 : 0001;
    578 : 0000;
    579 : FFFE;
    580 : 0002;
    581 : FFFE;
    582 : 0000;
    583 : 0001;
    584 : 0000;
    585 : FFFF;
    586 : 0002;
    587 : FFFE;
    588 : 0001;
    589 : 0000;
    590 : FFFF;
    591 : 0003;
    592 : FFFD;
    593 : 0001;
    594 : 0000;
    595 : FFFE;
    596 : 0004;
    597 : FFFA;
    598 : 0004;
    599 : FFFC;
    600 : 0004;
    601 : FFFD;
    602 : 0002;
    603 : FFFF;
    604 : 0000;
    605 : 0001;
    606 : FFFE;
    607 : 0001;
    608 : 0001;
    609 : FFFF;
    610 : 0002;
    611 : FFFD;
    612 : 0004;
    613 : FFFB;
    614 : 0005;
    615 : FFFD;
    616 : 0002;
    617 : 0001;
    618 : FFFB;
    619 : 0005;
    620 : FFFD;
    621 : 0005;
    622 : FFFC;
    623 : 0002;
    624 : 0000;
    625 : FFFF;
    626 : 0003;
    627 : FFFE;
    628 : 0000;
    629 : 0003;
    630 : FFFE;
    631 : 0001;
    632 : 0000;
    633 : 0001;
    634 : FFFE;
    635 : 0004;
    636 : FFFC;
    637 : 0005;
    638 : FFFB;
    639 : 0004;
    640 : FFFC;
    641 : 0004;
    642 : FFFD;
    643 : 0001;
    644 : 0001;
    645 : FFFE;
    646 : 0003;
    647 : FFFD;
    648 : 0001;
    649 : 0000;
    650 : 0001;
    651 : FFFE;
    652 : 0003;
    653 : FFFE;
    654 : 0000;
    655 : 0002;
    656 : FFFD;
    657 : 0002;
    658 : FFFE;
    659 : 0003;
    660 : FFFD;
    661 : 0002;
    662 : FFFE;
    663 : 0001;
    664 : 0000;
    665 : FFFF;
    666 : 0003;
    667 : FFFC;
    668 : 0004;
    669 : FFFC;
    670 : 0004;
    671 : FFFD;
    672 : 0003;
    673 : FFFD;
    674 : 0003;
    675 : FFFD;
    676 : 0002;
    677 : FFFF;
    678 : 0000;
    679 : 0001;
    680 : FFFF;
    681 : FFFF;
    682 : 0001;
    683 : FFFF;
    684 : 0000;
    685 : 0002;
    686 : FFFD;
    687 : 0002;
    688 : 0000;
    689 : FFFF;
    690 : 0004;
    691 : FFFB;
    692 : 0003;
    693 : FFFE;
    694 : 0001;
    695 : 0001;
    696 : FFFF;
    697 : FFFF;
    698 : 0001;
    699 : FFFF;
    700 : 0002;
    701 : FFFF;
    702 : 0001;
    703 : FFFF;
    704 : 0001;
    705 : 0000;
    706 : 0001;
    707 : FFFF;
    708 : 0001;
    709 : 0001;
    710 : FFFF;
    711 : 0000;
    712 : 0002;
    713 : FFFD;
    714 : 0005;
    715 : FFFC;
    716 : 0001;
    717 : 0001;
    718 : FFFF;
    719 : 0001;
    720 : FFFF;
    721 : 0000;
    722 : FFFE;
    723 : 0002;
    724 : FFFF;
    725 : 0000;
    726 : 0001;
    727 : FFFD;
    728 : 0003;
    729 : FFFE;
    730 : FFFF;
    731 : 0001;
    732 : FFFD;
    733 : 0003;
    734 : FFFD;
    735 : 0003;
    736 : FFFD;
    737 : 0001;
    738 : FFFE;
    739 : FFFE;
    740 : 0001;
    741 : FFFE;
    742 : FFFE;
    743 : FFFF;
    744 : FFFF;
    745 : FFFF;
    746 : FFFF;
    747 : FFFE;
    748 : FFFE;
    749 : 0001;
    750 : FFFE;
    751 : 0000;
    752 : FFFE;
    753 : FFFF;
    754 : 0001;
    755 : FFFD;
    756 : 0002;
    757 : FFFD;
    758 : 0002;
    759 : FFFC;
    760 : 0004;
    761 : FFFC;
    762 : 0002;
    763 : FFFE;
    764 : 0001;
    765 : FFFD;
    766 : 0001;
    767 : FFFE;
    768 : FFFF;
    769 : 0000;
    770 : FFFD;
    771 : FFFF;
    772 : 0001;
    773 : FFFC;
    774 : 0001;
    775 : FFFE;
    776 : 0000;
    777 : FFFE;
    778 : 0000;
    779 : FFFF;
    780 : 0001;
    781 : 0000;
    782 : 0000;
    783 : FFFE;
    784 : 0001;
    785 : 0000;
    786 : 0000;
    787 : 0000;
    788 : 0000;
    789 : FFFC;
    790 : 0000;
    791 : FFFE;
    792 : FFFE;
    793 : FFFE;
    794 : FFFF;
    795 : FFFB;
    796 : 0000;
    797 : FFFD;
    798 : FFFD;
    799 : FFFF;
    800 : FFF8;
    801 : 0002;
    802 : FFF9;
    803 : FFFE;
    804 : FFFA;
    805 : FFFC;
    806 : FFFC;
    807 : FFFF;
    808 : FFFD;
    809 : FFFA;
    810 : FFFF;
    811 : FFFA;
    812 : 0002;
    813 : FFF8;
    814 : 0002;
    815 : FFFA;
    816 : FFFD;
    817 : FFFA;
    818 : FFFE;
    819 : FFF9;
    820 : FFFF;
    821 : FFF9;
    822 : FFFD;
    823 : FFF9;
    824 : FFFD;
    825 : FFF9;
    826 : FFFC;
    827 : FFFC;
    828 : 0000;
    829 : FFFD;
    830 : 0000;
    831 : FFFC;
    832 : 0004;
    833 : 0002;
    834 : 0006;
    835 : 0006;
    836 : 0003;
    837 : 0007;
    838 : 0009;
    839 : 0003;
    840 : 000A;
    841 : 0009;
    842 : 000A;
    843 : 0009;
    844 : 0009;
    845 : 000D;
    846 : 000C;
    847 : 000D;
    848 : 000F;
    849 : 000A;
    850 : 000E;
    851 : 0007;
    852 : 0009;
    853 : 0003;
    854 : 0008;
    855 : 0000;
    856 : 0005;
    857 : FFFD;
    858 : 0001;
    859 : FFF8;
    860 : FFFD;
    861 : FFF4;
    862 : FFF6;
    863 : FFF4;
    864 : FFF5;
    865 : FFF4;
    866 : FFF9;
    867 : FFFA;
    868 : FFFC;
    869 : FFFB;
    870 : FFFE;
    871 : FFFA;
    872 : 0004;
    873 : FFFE;
    874 : 0006;
    875 : 0003;
    876 : 0002;
    877 : 0000;
    878 : FFFA;
    879 : FFFA;
    880 : FFF2;
    881 : FFFD;
    882 : FFF4;
    883 : FFF8;
    884 : FFEE;
    885 : FFF5;
    886 : FFF2;
    887 : FFFA;
    888 : FFF9;
    889 : FFF9;
    890 : 0004;
    891 : FFFD;
    892 : 0005;
    893 : 0003;
    894 : 000D;
    895 : 0016;
    896 : 001D;
    897 : 0023;
    898 : 0024;
    899 : 0025;
    900 : 002F;
    901 : 002E;
    902 : 0032;
    903 : 0028;
    904 : 0032;
    905 : 002C;
    906 : 0031;
    907 : 0021;
    908 : 001C;
    909 : 0014;
    910 : 0013;
    911 : 000B;
    912 : 0003;
    913 : FFFA;
    914 : FFF9;
    915 : FFF2;
    916 : FFF4;
    917 : FFF5;
    918 : FFF6;
    919 : FFEE;
    920 : FFE7;
    921 : FFE0;
    922 : FFDB;
    923 : FFE1;
    924 : FFD7;
    925 : FFDA;
    926 : FFD7;
    927 : FFDE;
    928 : FFDF;
    929 : FFE2;
    930 : FFEE;
    931 : FFE8;
    932 : FFE9;
    933 : FFE8;
    934 : FFF4;
    935 : FFFA;
    936 : FFF9;
    937 : 000B;
    938 : 0009;
    939 : 000A;
    940 : 0008;
    941 : 001D;
    942 : 0026;
    943 : 0027;
    944 : 0027;
    945 : 002C;
    946 : 0031;
    947 : 002D;
    948 : 0021;
    949 : 000A;
    950 : FFFD;
    951 : FFFE;
    952 : 000B;
    953 : FFFD;
    954 : FFE7;
    955 : FFC7;
    956 : FFD0;
    957 : FFCC;
    958 : FFC3;
    959 : FFAC;
    960 : FFAC;
    961 : FFAD;
    962 : FF94;
    963 : FF6B;
    964 : FF53;
    965 : FF4A;
    966 : FF48;
    967 : FF37;
    968 : FF22;
    969 : FF12;
    970 : FF1A;
    971 : FF2C;
    972 : FF24;
    973 : FF03;
    974 : FEE3;
    975 : FEE2;
    976 : FEEE;
    977 : FEF9;
    978 : FF0A;
    979 : FF14;
    980 : FF2C;
    981 : FF36;
    982 : FF3D;
    983 : FF2E;
    984 : FF33;
    985 : FF38;
    986 : FF3C;
    987 : FF39;
    988 : FF4F;
    989 : FF6E;
    990 : FF8A;
    991 : FF8B;
    992 : FF95;
    993 : FFA5;
    994 : FFBD;
    995 : FFEF;
    996 : 0023;
    997 : 0057;
    998 : 008A;
    999 : 00A9;
    1000 : 00AD;
    1001 : 00A9;
    1002 : 00AE;
    1003 : 00C4;
    1004 : 00CD;
    1005 : 00DB;
    1006 : 00F6;
    1007 : 011C;
    1008 : 013F;
    1009 : 0147;
    1010 : 0135;
    1011 : 0150;
    1012 : 0187;
    1013 : 01A4;
    1014 : 019E;
    1015 : 01AA;
    1016 : 01EB;
    1017 : 021B;
    1018 : 022D;
    1019 : 022F;
    1020 : 024C;
    1021 : 0275;
    1022 : 0281;
    1023 : 0284;
    1024 : 0287;
    1025 : 028B;
    1026 : 0283;
    1027 : 0265;
    1028 : 025C;
    1029 : 026A;
    1030 : 026F;
    1031 : 0269;
    1032 : 025B;
    1033 : 024B;
    1034 : 0249;
    1035 : 026E;
    1036 : 0281;
    1037 : 0256;
    1038 : 0223;
    1039 : 0215;
    1040 : 021E;
    1041 : 01F3;
    1042 : 01BE;
    1043 : 017A;
    1044 : 0146;
    1045 : 010A;
    1046 : 00DD;
    1047 : 009F;
    1048 : 0064;
    1049 : 003E;
    1050 : 001F;
    1051 : FFAD;
    1052 : FF05;
    1053 : FEB2;
    1054 : FEC0;
    1055 : FEE7;
    1056 : FEB5;
    1057 : FE5C;
    1058 : FE2F;
    1059 : FE37;
    1060 : FE24;
    1061 : FDDC;
    1062 : FD84;
    1063 : FD73;
    1064 : FD6E;
    1065 : FD20;
    1066 : FCD1;
    1067 : FC90;
    1068 : FC61;
    1069 : FC31;
    1070 : FC51;
    1071 : FC5C;
    1072 : FC2B;
    1073 : FBE5;
    1074 : FBE7;
    1075 : FBF0;
    1076 : FBAF;
    1077 : FB73;
    1078 : FB7A;
    1079 : FBA6;
    1080 : FBB1;
    1081 : FBA0;
    1082 : FB97;
    1083 : FBC3;
    1084 : FC0C;
    1085 : FC38;
    1086 : FC69;
    1087 : FCCC;
    1088 : FD1E;
    1089 : FD3F;
    1090 : FD5B;
    1091 : FDB0;
    1092 : FE35;
    1093 : FEB2;
    1094 : FF18;
    1095 : FF51;
    1096 : FF9A;
    1097 : 0016;
    1098 : 00AA;
    1099 : 0116;
    1100 : 0169;
    1101 : 01D7;
    1102 : 023E;
    1103 : 0278;
    1104 : 02C4;
    1105 : 0343;
    1106 : 0394;
    1107 : 03B3;
    1108 : 03F8;
    1109 : 0460;
    1110 : 04B3;
    1111 : 0505;
    1112 : 0595;
    1113 : 0627;
    1114 : 067E;
    1115 : 068C;
    1116 : 06AE;
    1117 : 071A;
    1118 : 07AD;
    1119 : 07B0;
    1120 : 0736;
    1121 : 0701;
    1122 : 0736;
    1123 : 071D;
    1124 : 068C;
    1125 : 0647;
    1126 : 0656;
    1127 : 0614;
    1128 : 05A5;
    1129 : 054B;
    1130 : 0513;
    1131 : 04BD;
    1132 : 043E;
    1133 : 038A;
    1134 : 02D2;
    1135 : 0245;
    1136 : 01C6;
    1137 : 0159;
    1138 : 017A;
    1139 : 01A0;
    1140 : 00EF;
    1141 : FF9C;
    1142 : FECB;
    1143 : FE6F;
    1144 : FDC5;
    1145 : FCEC;
    1146 : FC5B;
    1147 : FC09;
    1148 : FBD6;
    1149 : FBEC;
    1150 : FC5C;
    1151 : FCBA;
    1152 : FCCB;
    1153 : FC70;
    1154 : FBE5;
    1155 : FB3E;
    1156 : FA82;
    1157 : FA2E;
    1158 : FAC2;
    1159 : FBCB;
    1160 : FC74;
    1161 : FCDA;
    1162 : FD40;
    1163 : FD41;
    1164 : FC51;
    1165 : FAC9;
    1166 : F910;
    1167 : F765;
    1168 : F60E;
    1169 : F590;
    1170 : F628;
    1171 : F7AD;
    1172 : F971;
    1173 : FA6D;
    1174 : FA95;
    1175 : FA18;
    1176 : F876;
    1177 : F5A6;
    1178 : F36F;
    1179 : F2B7;
    1180 : F233;
    1181 : F0E4;
    1182 : F00F;
    1183 : F130;
    1184 : F3D6;
    1185 : F708;
    1186 : F9A4;
    1187 : FB44;
    1188 : FC57;
    1189 : FD2F;
    1190 : FD25;
    1191 : FC11;
    1192 : FB96;
    1193 : FC82;
    1194 : FDBA;
    1195 : FE7F;
    1196 : FF2A;
    1197 : FFD7;
    1198 : 0072;
    1199 : 01E0;
    1200 : 04F1;
    1201 : 0895;
    1202 : 0AB2;
    1203 : 0B23;
    1204 : 0B55;
    1205 : 0B1C;
    1206 : 0944;
    1207 : 058A;
    1208 : 01D2;
    1209 : 00A2;
    1210 : 02BD;
    1211 : 05CB;
    1212 : 06C2;
    1213 : 0498;
    1214 : 0160;
    1215 : FF5E;
    1216 : FE48;
    1217 : FD35;
    1218 : FE33;
    1219 : 0367;
    1220 : 0B11;
    1221 : 1144;
    1222 : 1412;
    1223 : 1401;
    1224 : 1266;
    1225 : 10CC;
    1226 : 108B;
    1227 : 1258;
    1228 : 172F;
    1229 : 1F0E;
    1230 : 2621;
    1231 : 2695;
    1232 : 1BCB;
    1233 : 03A5;
    1234 : E0E5;
    1235 : BFF6;
    1236 : AFEA;
    1237 : B32A;
    1238 : C134;
    1239 : D7F8;
    1240 : FD27;
    1241 : 2A61;
    1242 : 4B0B;
    1243 : 543E;
    1244 : 4FF8;
    1245 : 4AE9;
    1246 : 4509;
    1247 : 39E4;
    1248 : 2BEF;
    1249 : 2162;
    1250 : 1DC6;
    1251 : 2111;
    1252 : 284B;
    1253 : 2E12;
    1254 : 2EF6;
    1255 : 2C55;
    1256 : 291B;
    1257 : 270F;
    1258 : 2641;
    1259 : 24FA;
    1260 : 2095;
    1261 : 196F;
    1262 : 1379;
    1263 : 100B;
    1264 : 0B06;
    1265 : 024E;
    1266 : F954;
    1267 : F152;
    1268 : E522;
    1269 : D311;
    1270 : C326;
    1271 : BCFF;
    1272 : BDCD;
    1273 : BE3B;
    1274 : BBAC;
    1275 : B879;
    1276 : B682;
    1277 : B578;
    1278 : B3EF;
    1279 : B18E;
    1280 : B088;
    1281 : B23E;
    1282 : B480;
    1283 : B52E;
    1284 : B718;
    1285 : BC6C;
    1286 : C30F;
    1287 : C913;
    1288 : D001;
    1289 : D70F;
    1290 : D9B7;
    1291 : D865;
    1292 : D954;
    1293 : DE58;
    1294 : E291;
    1295 : E232;
    1296 : E024;
    1297 : E19B;
    1298 : E76F;
    1299 : ECB0;
    1300 : ECBA;
    1301 : EA1D;
    1302 : EBA8;
    1303 : F26D;
    1304 : F975;
    1305 : FE82;
    1306 : 03AC;
    1307 : 092D;
    1308 : 0D07;
    1309 : 1038;
    1310 : 1514;
    1311 : 1B93;
    1312 : 232A;
    1313 : 2D3C;
    1314 : 3945;
    1315 : 440D;
    1316 : 4ACD;
    1317 : 4D82;
    1318 : 4DAA;
    1319 : 4C58;
    1320 : 49EC;
    1321 : 4629;
    1322 : 41E2;
    1323 : 3EEA;
    1324 : 3C89;
    1325 : 37E6;
    1326 : 30D7;
    1327 : 2ACE;
    1328 : 27DC;
    1329 : 2661;
    1330 : 2496;
    1331 : 22AB;
    1332 : 2118;
    1333 : 1FF6;
    1334 : 1EA4;
    1335 : 1C47;
    1336 : 1962;
    1337 : 1802;
    1338 : 18A4;
    1339 : 19C2;
    1340 : 1A14;
    1341 : 19AE;
    1342 : 17E7;
    1343 : 1468;
    1344 : 10BD;
    1345 : 0E88;
    1346 : 0D26;
    1347 : 0B2D;
    1348 : 094E;
    1349 : 08A1;
    1350 : 0851;
    1351 : 06C5;
    1352 : 0328;
    1353 : FDD3;
    1354 : F750;
    1355 : F034;
    1356 : E8A1;
    1357 : E124;
    1358 : DA40;
    1359 : D433;
    1360 : CEB0;
    1361 : C986;
    1362 : C533;
    1363 : C1FA;
    1364 : C008;
    1365 : BF6E;
    1366 : C07B;
    1367 : C300;
    1368 : C626;
    1369 : C914;
    1370 : CB94;
    1371 : CE6F;
    1372 : D257;
    1373 : D6E5;
    1374 : DAFB;
    1375 : DDDD;
    1376 : DF37;
    1377 : DF0F;
    1378 : DE53;
    1379 : DEC7;
    1380 : E07A;
    1381 : E1DD;
    1382 : E1E1;
    1383 : E147;
    1384 : E0EF;
    1385 : E0B3;
    1386 : E06C;
    1387 : E05E;
    1388 : E0E0;
    1389 : E20D;
    1390 : E389;
    1391 : E4D1;
    1392 : E5EE;
    1393 : E787;
    1394 : EA13;
    1395 : ECEC;
    1396 : EFFD;
    1397 : F395;
    1398 : F7CA;
    1399 : FBBA;
    1400 : FF0A;
    1401 : 01D8;
    1402 : 0483;
    1403 : 0786;
    1404 : 0B52;
    1405 : 0FA1;
    1406 : 1454;
    1407 : 1A55;
    1408 : 22AA;
    1409 : 2C19;
    1410 : 343A;
    1411 : 39EA;
    1412 : 3D45;
    1413 : 3E65;
    1414 : 3D07;
    1415 : 39FA;
    1416 : 36A7;
    1417 : 33F4;
    1418 : 31BB;
    1419 : 2F84;
    1420 : 2CD4;
    1421 : 29DC;
    1422 : 2702;
    1423 : 24A8;
    1424 : 22E9;
    1425 : 2182;
    1426 : 2055;
    1427 : 1F92;
    1428 : 1F36;
    1429 : 1E90;
    1430 : 1D64;
    1431 : 1C52;
    1432 : 1BCC;
    1433 : 1B2C;
    1434 : 19B9;
    1435 : 179F;
    1436 : 1577;
    1437 : 1332;
    1438 : 10C7;
    1439 : 0E44;
    1440 : 0BD5;
    1441 : 09C1;
    1442 : 0831;
    1443 : 0662;
    1444 : 040D;
    1445 : 01B9;
    1446 : 000E;
    1447 : FE7F;
    1448 : FC4E;
    1449 : F996;
    1450 : F6A5;
    1451 : F376;
    1452 : EFDF;
    1453 : EB68;
    1454 : E554;
    1455 : DDC7;
    1456 : D679;
    1457 : D073;
    1458 : CC33;
    1459 : C9EF;
    1460 : C90C;
    1461 : C884;
    1462 : C7F9;
    1463 : C867;
    1464 : CA15;
    1465 : CBE1;
    1466 : CD83;
    1467 : CF9D;
    1468 : D20F;
    1469 : D45D;
    1470 : D682;
    1471 : D86B;
    1472 : D99F;
    1473 : DA86;
    1474 : DC48;
    1475 : DEA8;
    1476 : E0D8;
    1477 : E2BF;
    1478 : E526;
    1479 : E7CE;
    1480 : EA02;
    1481 : EBBE;
    1482 : ED4E;
    1483 : EEC1;
    1484 : F065;
    1485 : F236;
    1486 : F3D9;
    1487 : F521;
    1488 : F682;
    1489 : F809;
    1490 : F930;
    1491 : F9DE;
    1492 : FA6B;
    1493 : FB36;
    1494 : FC83;
    1495 : FEC5;
    1496 : 0208;
    1497 : 058D;
    1498 : 089E;
    1499 : 0B13;
    1500 : 0D03;
    1501 : 0EF4;
    1502 : 11BE;
    1503 : 1603;
    1504 : 1B6E;
    1505 : 2128;
    1506 : 267E;
    1507 : 2AFF;
    1508 : 2E83;
    1509 : 3146;
    1510 : 339B;
    1511 : 3521;
    1512 : 3587;
    1513 : 34CE;
    1514 : 339E;
    1515 : 321C;
    1516 : 3034;
    1517 : 2DD1;
    1518 : 2B27;
    1519 : 2876;
    1520 : 25F0;
    1521 : 2399;
    1522 : 2119;
    1523 : 1E47;
    1524 : 1B80;
    1525 : 1942;
    1526 : 1791;
    1527 : 15E2;
    1528 : 1407;
    1529 : 1243;
    1530 : 10E9;
    1531 : 1004;
    1532 : 0F3A;
    1533 : 0E6C;
    1534 : 0D8B;
    1535 : 0C8D;
    1536 : 0AF0;
    1537 : 090F;
    1538 : 0762;
    1539 : 065A;
    1540 : 0565;
    1541 : 0432;
    1542 : 0292;
    1543 : 008F;
    1544 : FE2B;
    1545 : FBB9;
    1546 : F980;
    1547 : F734;
    1548 : F4B4;
    1549 : F228;
    1550 : EF69;
    1551 : EC7A;
    1552 : E95B;
    1553 : E5DF;
    1554 : E21D;
    1555 : DE0E;
    1556 : DA2B;
    1557 : D6A8;
    1558 : D3B7;
    1559 : D1AE;
    1560 : D08E;
    1561 : D00C;
    1562 : D026;
    1563 : D0FB;
    1564 : D251;
    1565 : D3F2;
    1566 : D5CD;
    1567 : D7E2;
    1568 : DA03;
    1569 : DC1D;
    1570 : DE42;
    1571 : E081;
    1572 : E2C7;
    1573 : E4C8;
    1574 : E5FB;
    1575 : E696;
    1576 : E733;
    1577 : E830;
    1578 : E918;
    1579 : E9C0;
    1580 : EA94;
    1581 : EB8E;
    1582 : EC4C;
    1583 : ECE9;
    1584 : EDAE;
    1585 : EEB1;
    1586 : EFDF;
    1587 : F125;
    1588 : F265;
    1589 : F340;
    1590 : F3DA;
    1591 : F494;
    1592 : F5D1;
    1593 : F740;
    1594 : F8C6;
    1595 : FA36;
    1596 : FB8E;
    1597 : FD29;
    1598 : FF41;
    1599 : 01C7;
    1600 : 043B;
    1601 : 06A6;
    1602 : 097C;
    1603 : 0D17;
    1604 : 1150;
    1605 : 15E6;
    1606 : 1AC1;
    1607 : 1F86;
    1608 : 2402;
    1609 : 27E8;
    1610 : 2AE6;
    1611 : 2CF4;
    1612 : 2E6D;
    1613 : 2F77;
    1614 : 2FD9;
    1615 : 2F91;
    1616 : 2F25;
    1617 : 2EBF;
    1618 : 2E0A;
    1619 : 2D18;
    1620 : 2C3C;
    1621 : 2B35;
    1622 : 29B7;
    1623 : 2804;
    1624 : 268E;
    1625 : 251B;
    1626 : 2374;
    1627 : 21CE;
    1628 : 2024;
    1629 : 1E1C;
    1630 : 1BCF;
    1631 : 19D1;
    1632 : 1849;
    1633 : 16A0;
    1634 : 1471;
    1635 : 120A;
    1636 : 0FDF;
    1637 : 0DF8;
    1638 : 0C1C;
    1639 : 0A64;
    1640 : 0906;
    1641 : 07FA;
    1642 : 0721;
    1643 : 0676;
    1644 : 0617;
    1645 : 05D6;
    1646 : 0575;
    1647 : 04FD;
    1648 : 046D;
    1649 : 0404;
    1650 : 037F;
    1651 : 0295;
    1652 : 0123;
    1653 : FF34;
    1654 : FCA4;
    1655 : F979;
    1656 : F5F2;
    1657 : F240;
    1658 : EE41;
    1659 : E9F1;
    1660 : E5B4;
    1661 : E194;
    1662 : DD86;
    1663 : D9ED;
    1664 : D754;
    1665 : D564;
    1666 : D3C6;
    1667 : D264;
    1668 : D187;
    1669 : D132;
    1670 : D12F;
    1671 : D178;
    1672 : D1D7;
    1673 : D260;
    1674 : D385;
    1675 : D550;
    1676 : D74D;
    1677 : D91D;
    1678 : DAF7;
    1679 : DD1B;
    1680 : DF4C;
    1681 : E15C;
    1682 : E32C;
    1683 : E4B3;
    1684 : E5FE;
    1685 : E74C;
    1686 : E87E;
    1687 : E995;
    1688 : EAAB;
    1689 : EBF5;
    1690 : ED48;
    1691 : EE48;
    1692 : EF79;
    1693 : F12D;
    1694 : F36A;
    1695 : F594;
    1696 : F784;
    1697 : F93E;
    1698 : FB19;
    1699 : FD5A;
    1700 : 0044;
    1701 : 03A6;
    1702 : 0762;
    1703 : 0B82;
    1704 : 102B;
    1705 : 1527;
    1706 : 1A44;
    1707 : 1F8B;
    1708 : 24C3;
    1709 : 29C4;
    1710 : 2E3A;
    1711 : 31FD;
    1712 : 34D2;
    1713 : 36C2;
    1714 : 3809;
    1715 : 38A0;
    1716 : 383C;
    1717 : 36EE;
    1718 : 3539;
    1719 : 3339;
    1720 : 30D0;
    1721 : 2DF5;
    1722 : 2AD2;
    1723 : 27A4;
    1724 : 248E;
    1725 : 21B5;
    1726 : 1F36;
    1727 : 1CEF;
    1728 : 1AC8;
    1729 : 18D0;
    1730 : 170C;
    1731 : 1579;
    1732 : 1400;
    1733 : 1292;
    1734 : 112A;
    1735 : 0FB1;
    1736 : 0E40;
    1737 : 0CE9;
    1738 : 0BC4;
    1739 : 0A84;
    1740 : 08F6;
    1741 : 072F;
    1742 : 0567;
    1743 : 03CE;
    1744 : 0220;
    1745 : 0038;
    1746 : FE02;
    1747 : FB87;
    1748 : F8E6;
    1749 : F630;
    1750 : F360;
    1751 : F081;
    1752 : ED96;
    1753 : EA7C;
    1754 : E734;
    1755 : E378;
    1756 : DF7A;
    1757 : DB6C;
    1758 : D768;
    1759 : D35F;
    1760 : CF91;
    1761 : CC69;
    1762 : CA12;
    1763 : C863;
    1764 : C792;
    1765 : C7BF;
    1766 : C8B2;
    1767 : C9F5;
    1768 : CB5B;
    1769 : CCF2;
    1770 : CEDD;
    1771 : D108;
    1772 : D377;
    1773 : D5EF;
    1774 : D855;
    1775 : DA8B;
    1776 : DC9E;
    1777 : DE7A;
    1778 : E010;
    1779 : E163;
    1780 : E2BD;
    1781 : E446;
    1782 : E5F8;
    1783 : E775;
    1784 : E8DB;
    1785 : EA31;
    1786 : EB7A;
    1787 : ECA1;
    1788 : EDCE;
    1789 : EF20;
    1790 : F086;
    1791 : F205;
    1792 : F3BA;
    1793 : F5B6;
    1794 : F80F;
    1795 : FAE8;
    1796 : FE60;
    1797 : 0234;
    1798 : 0648;
    1799 : 0A95;
    1800 : 0F23;
    1801 : 13ED;
    1802 : 18D1;
    1803 : 1D73;
    1804 : 2176;
    1805 : 24E2;
    1806 : 27FE;
    1807 : 2AE1;
    1808 : 2D66;
    1809 : 2F7F;
    1810 : 3106;
    1811 : 31F2;
    1812 : 3222;
    1813 : 31E9;
    1814 : 3115;
    1815 : 2F8D;
    1816 : 2D9D;
    1817 : 2B94;
    1818 : 2986;
    1819 : 274B;
    1820 : 24D9;
    1821 : 2272;
    1822 : 2033;
    1823 : 1E5D;
    1824 : 1D16;
    1825 : 1BF6;
    1826 : 1AB2;
    1827 : 1927;
    1828 : 17CE;
    1829 : 167E;
    1830 : 1522;
    1831 : 13AF;
    1832 : 1279;
    1833 : 1194;
    1834 : 10CE;
    1835 : 0FF5;
    1836 : 0EE4;
    1837 : 0D91;
    1838 : 0C09;
    1839 : 0A4A;
    1840 : 0883;
    1841 : 06A3;
    1842 : 047D;
    1843 : 01C7;
    1844 : FEAD;
    1845 : FB82;
    1846 : F845;
    1847 : F4FC;
    1848 : F1C1;
    1849 : EEA2;
    1850 : EB7A;
    1851 : E82B;
    1852 : E4BA;
    1853 : E125;
    1854 : DD67;
    1855 : D9AB;
    1856 : D615;
    1857 : D2FF;
    1858 : D044;
    1859 : CDDF;
    1860 : CBD6;
    1861 : CA95;
    1862 : CA5C;
    1863 : CAF9;
    1864 : CC14;
    1865 : CDA9;
    1866 : CFC5;
    1867 : D246;
    1868 : D4FB;
    1869 : D7C2;
    1870 : DA5C;
    1871 : DC98;
    1872 : DE99;
    1873 : E081;
    1874 : E257;
    1875 : E41A;
    1876 : E5EC;
    1877 : E7DB;
    1878 : E9D7;
    1879 : EBD2;
    1880 : EDE4;
    1881 : F00B;
    1882 : F253;
    1883 : F4C3;
    1884 : F73D;
    1885 : F9BF;
    1886 : FC26;
    1887 : FE7E;
    1888 : 00D6;
    1889 : 031E;
    1890 : 057B;
    1891 : 07FB;
    1892 : 0AAD;
    1893 : 0DA7;
    1894 : 10F4;
    1895 : 148C;
    1896 : 1880;
    1897 : 1CD0;
    1898 : 2190;
    1899 : 2656;
    1900 : 2AC6;
    1901 : 2E95;
    1902 : 31BE;
    1903 : 342B;
    1904 : 35BD;
    1905 : 36B6;
    1906 : 371F;
    1907 : 36E9;
    1908 : 3612;
    1909 : 34A8;
    1910 : 32CA;
    1911 : 3069;
    1912 : 2DAF;
    1913 : 2AB1;
    1914 : 27D2;
    1915 : 2544;
    1916 : 22F4;
    1917 : 2080;
    1918 : 1DF6;
    1919 : 1B6E;
    1920 : 18D1;
    1921 : 15F4;
    1922 : 130E;
    1923 : 1081;
    1924 : 0EA1;
    1925 : 0D56;
    1926 : 0C2D;
    1927 : 0AE6;
    1928 : 0985;
    1929 : 0817;
    1930 : 06C6;
    1931 : 057E;
    1932 : 0440;
    1933 : 02F7;
    1934 : 018F;
    1935 : 001E;
    1936 : FE7B;
    1937 : FC9A;
    1938 : FA65;
    1939 : F803;
    1940 : F564;
    1941 : F2C8;
    1942 : F028;
    1943 : ED5E;
    1944 : EA11;
    1945 : E676;
    1946 : E2B9;
    1947 : DF19;
    1948 : DB98;
    1949 : D856;
    1950 : D56F;
    1951 : D303;
    1952 : D14E;
    1953 : D046;
    1954 : CFB5;
    1955 : CF9C;
    1956 : D010;
    1957 : D0FB;
    1958 : D24E;
    1959 : D3D5;
    1960 : D580;
    1961 : D739;
    1962 : D91A;
    1963 : DB0C;
    1964 : DD1A;
    1965 : DEFA;
    1966 : E0BF;
    1967 : E268;
    1968 : E40A;
    1969 : E5B6;
    1970 : E779;
    1971 : E92C;
    1972 : EACA;
    1973 : EC60;
    1974 : EDDA;
    1975 : EF3D;
    1976 : F082;
    1977 : F1D5;
    1978 : F353;
    1979 : F501;
    1980 : F6C6;
    1981 : F8AA;
    1982 : FA9A;
    1983 : FCA5;
    1984 : FF09;
    1985 : 01E5;
    1986 : 051B;
    1987 : 0885;
    1988 : 0C1F;
    1989 : 0FE8;
    1990 : 13A9;
    1991 : 174E;
    1992 : 1ACB;
    1993 : 1E25;
    1994 : 215F;
    1995 : 249D;
    1996 : 27A6;
    1997 : 2A54;
    1998 : 2C8B;
    1999 : 2E39;
    2000 : 2F3B;
    2001 : 2F94;
    2002 : 2F45;
    2003 : 2E51;
    2004 : 2CCD;
    2005 : 2AED;
    2006 : 28D0;
    2007 : 267A;
    2008 : 23FC;
    2009 : 217D;
    2010 : 1F36;
    2011 : 1D29;
    2012 : 1B54;
    2013 : 1980;
    2014 : 17AE;
    2015 : 15D6;
    2016 : 1410;
    2017 : 126C;
    2018 : 1101;
    2019 : 0FC9;
    2020 : 0EB5;
    2021 : 0DE9;
    2022 : 0D27;
    2023 : 0C76;
    2024 : 0B7E;
    2025 : 0A75;
    2026 : 0946;
    2027 : 0814;
    2028 : 06F0;
    2029 : 05BD;
    2030 : 0469;
    2031 : 02E8;
    2032 : 015D;
    2033 : FFB4;
    2034 : FDE2;
    2035 : FBE7;
    2036 : F9AD;
    2037 : F714;
    2038 : F42B;
    2039 : F0EC;
    2040 : ED91;
    2041 : EA12;
    2042 : E6AA;
    2043 : E352;
    2044 : E011;
    2045 : DCF1;
    2046 : DA0A;
    2047 : D764;
    2048 : D50C;
    2049 : D335;
    2050 : D216;
    2051 : D1C2;
    2052 : D211;
    2053 : D2E0;
    2054 : D401;
    2055 : D536;
    2056 : D69E;
    2057 : D864;
    2058 : DA7B;
    2059 : DCB0;
    2060 : DEC4;
    2061 : E0C5;
    2062 : E27C;
    2063 : E3E5;
    2064 : E504;
    2065 : E61E;
    2066 : E737;
    2067 : E85C;
    2068 : E9AF;
    2069 : EB3A;
    2070 : ECE1;
    2071 : EEA1;
    2072 : F06D;
    2073 : F25B;
    2074 : F463;
    2075 : F697;
    2076 : F8C5;
    2077 : FB23;
    2078 : FDB0;
    2079 : 006F;
    2080 : 0309;
    2081 : 05B5;
    2082 : 087C;
    2083 : 0B5E;
    2084 : 0E1B;
    2085 : 10C6;
    2086 : 1370;
    2087 : 161A;
    2088 : 18D1;
    2089 : 1B92;
    2090 : 1E5B;
    2091 : 2120;
    2092 : 23BF;
    2093 : 2639;
    2094 : 2876;
    2095 : 2A41;
    2096 : 2B63;
    2097 : 2BF9;
    2098 : 2BF0;
    2099 : 2B4E;
    2100 : 2A31;
    2101 : 28C9;
    2102 : 2712;
    2103 : 2506;
    2104 : 22C0;
    2105 : 204A;
    2106 : 1DD0;
    2107 : 1B52;
    2108 : 1900;
    2109 : 16DD;
    2110 : 14EF;
    2111 : 1334;
    2112 : 1175;
    2113 : 0FA1;
    2114 : 0DEB;
    2115 : 0C75;
    2116 : 0B4E;
    2117 : 0A72;
    2118 : 09F9;
    2119 : 09AC;
    2120 : 095C;
    2121 : 0906;
    2122 : 0897;
    2123 : 080F;
    2124 : 0759;
    2125 : 0693;
    2126 : 05B8;
    2127 : 04A4;
    2128 : 0346;
    2129 : 019F;
    2130 : FFC4;
    2131 : FDC9;
    2132 : FBBE;
    2133 : F9A0;
    2134 : F76F;
    2135 : F50F;
    2136 : F270;
    2137 : EFB2;
    2138 : ED0D;
    2139 : EA8B;
    2140 : E81C;
    2141 : E5AD;
    2142 : E335;
    2143 : E0C7;
    2144 : DE6A;
    2145 : DC35;
    2146 : DA32;
    2147 : D8B0;
    2148 : D7E0;
    2149 : D7D3;
    2150 : D845;
    2151 : D90B;
    2152 : DA01;
    2153 : DAF1;
    2154 : DC0E;
    2155 : DD86;
    2156 : DF29;
    2157 : E0E1;
    2158 : E2A3;
    2159 : E47B;
    2160 : E629;
    2161 : E7A5;
    2162 : E914;
    2163 : EA5C;
    2164 : EB58;
    2165 : EC23;
    2166 : ECF8;
    2167 : EDE8;
    2168 : EEF9;
    2169 : F014;
    2170 : F16C;
    2171 : F2D9;
    2172 : F466;
    2173 : F616;
    2174 : F820;
    2175 : FA72;
    2176 : FCE5;
    2177 : FF54;
    2178 : 01DA;
    2179 : 045A;
    2180 : 06DB;
    2181 : 093E;
    2182 : 0B8C;
    2183 : 0DE7;
    2184 : 103F;
    2185 : 1281;
    2186 : 14C1;
    2187 : 1707;
    2188 : 1931;
    2189 : 1B18;
    2190 : 1CD1;
    2191 : 1E87;
    2192 : 203E;
    2193 : 21C4;
    2194 : 22F3;
    2195 : 23C4;
    2196 : 2408;
    2197 : 23C8;
    2198 : 233D;
    2199 : 2282;
    2200 : 2195;
    2201 : 2083;
    2202 : 1F3C;
    2203 : 1DC0;
    2204 : 1C1D;
    2205 : 1A99;
    2206 : 193B;
    2207 : 1802;
    2208 : 16E1;
    2209 : 15F2;
    2210 : 1510;
    2211 : 141F;
    2212 : 12FF;
    2213 : 1190;
    2214 : 0FDA;
    2215 : 0E0E;
    2216 : 0C92;
    2217 : 0B5F;
    2218 : 0A83;
    2219 : 09BA;
    2220 : 08EB;
    2221 : 07F0;
    2222 : 06D1;
    2223 : 05B3;
    2224 : 049C;
    2225 : 0382;
    2226 : 025C;
    2227 : 0123;
    2228 : FFD0;
    2229 : FE4B;
    2230 : FC8B;
    2231 : FA82;
    2232 : F844;
    2233 : F5D8;
    2234 : F37B;
    2235 : F129;
    2236 : EEF7;
    2237 : ECE1;
    2238 : EAE4;
    2239 : E8FA;
    2240 : E720;
    2241 : E55F;
    2242 : E3B1;
    2243 : E1F0;
    2244 : E031;
    2245 : DE7F;
    2246 : DCF3;
    2247 : DBA4;
    2248 : DABF;
    2249 : DA3C;
    2250 : DA22;
    2251 : DA7C;
    2252 : DB45;
    2253 : DC56;
    2254 : DD99;
    2255 : DF0C;
    2256 : E095;
    2257 : E21B;
    2258 : E39B;
    2259 : E519;
    2260 : E693;
    2261 : E829;
    2262 : E9E3;
    2263 : EBC5;
    2264 : ED99;
    2265 : EF63;
    2266 : F11E;
    2267 : F2D0;
    2268 : F48E;
    2269 : F655;
    2270 : F820;
    2271 : F9FD;
    2272 : FBDF;
    2273 : FDC7;
    2274 : FF91;
    2275 : 0167;
    2276 : 0326;
    2277 : 04DE;
    2278 : 0693;
    2279 : 086C;
    2280 : 0A41;
    2281 : 0C0C;
    2282 : 0DBD;
    2283 : 0F83;
    2284 : 1165;
    2285 : 137F;
    2286 : 15BF;
    2287 : 181D;
    2288 : 1A88;
    2289 : 1CF0;
    2290 : 1F14;
    2291 : 20D6;
    2292 : 222A;
    2293 : 230E;
    2294 : 2393;
    2295 : 23B6;
    2296 : 2384;
    2297 : 2310;
    2298 : 2269;
    2299 : 219F;
    2300 : 20A6;
    2301 : 1F82;
    2302 : 1E48;
    2303 : 1CEB;
    2304 : 1B6F;
    2305 : 19ED;
    2306 : 187F;
    2307 : 1724;
    2308 : 15B0;
    2309 : 141C;
    2310 : 127D;
    2311 : 10E9;
    2312 : 0F60;
    2313 : 0DD0;
    2314 : 0C4F;
    2315 : 0AF1;
    2316 : 09BB;
    2317 : 08A7;
    2318 : 07A8;
    2319 : 068D;
    2320 : 0553;
    2321 : 03F9;
    2322 : 02AF;
    2323 : 015B;
    2324 : FFF1;
    2325 : FE65;
    2326 : FCCF;
    2327 : FB39;
    2328 : F9A3;
    2329 : F7EA;
    2330 : F5F2;
    2331 : F3D0;
    2332 : F1A9;
    2333 : EFA6;
    2334 : EDC2;
    2335 : EBF0;
    2336 : EA01;
    2337 : E7DC;
    2338 : E588;
    2339 : E339;
    2340 : E111;
    2341 : DF14;
    2342 : DD5A;
    2343 : DBF2;
    2344 : DB04;
    2345 : DA8D;
    2346 : DA7F;
    2347 : DACF;
    2348 : DB45;
    2349 : DBCF;
    2350 : DC6E;
    2351 : DD3E;
    2352 : DE39;
    2353 : DF63;
    2354 : E0B7;
    2355 : E246;
    2356 : E3DE;
    2357 : E570;
    2358 : E718;
    2359 : E8DB;
    2360 : EAA8;
    2361 : EC6F;
    2362 : EE4D;
    2363 : F054;
    2364 : F260;
    2365 : F46B;
    2366 : F654;
    2367 : F80E;
    2368 : F9A5;
    2369 : FB53;
    2370 : FD26;
    2371 : FF1E;
    2372 : 0109;
    2373 : 02E2;
    2374 : 04AF;
    2375 : 0684;
    2376 : 086B;
    2377 : 0A73;
    2378 : 0CAF;
    2379 : 0F29;
    2380 : 11D0;
    2381 : 1478;
    2382 : 1723;
    2383 : 19BC;
    2384 : 1C35;
    2385 : 1E71;
    2386 : 207A;
    2387 : 2274;
    2388 : 2445;
    2389 : 25BF;
    2390 : 26C4;
    2391 : 2733;
    2392 : 2725;
    2393 : 2694;
    2394 : 25B7;
    2395 : 24AD;
    2396 : 238E;
    2397 : 227C;
    2398 : 2167;
    2399 : 201C;
    2400 : 1EAD;
    2401 : 1D37;
    2402 : 1BD1;
    2403 : 1A69;
    2404 : 18FF;
    2405 : 179E;
    2406 : 1641;
    2407 : 14DD;
    2408 : 136C;
    2409 : 11C6;
    2410 : 0FD3;
    2411 : 0DD7;
    2412 : 0C19;
    2413 : 0AB0;
    2414 : 096D;
    2415 : 083B;
    2416 : 0709;
    2417 : 05A7;
    2418 : 0416;
    2419 : 0282;
    2420 : 010F;
    2421 : FF9C;
    2422 : FE1B;
    2423 : FC96;
    2424 : FB12;
    2425 : F953;
    2426 : F74C;
    2427 : F508;
    2428 : F29D;
    2429 : F02E;
    2430 : EDE5;
    2431 : EBAB;
    2432 : E96D;
    2433 : E719;
    2434 : E4EB;
    2435 : E2CC;
    2436 : E0D0;
    2437 : DEFB;
    2438 : DD65;
    2439 : DBFC;
    2440 : DACF;
    2441 : D9FB;
    2442 : D98E;
    2443 : D97D;
    2444 : D9D7;
    2445 : DA77;
    2446 : DB45;
    2447 : DC2E;
    2448 : DD32;
    2449 : DE31;
    2450 : DF2E;
    2451 : E048;
    2452 : E18D;
    2453 : E2C2;
    2454 : E3F6;
    2455 : E55D;
    2456 : E6EC;
    2457 : E89A;
    2458 : EA4F;
    2459 : EC25;
    2460 : EE14;
    2461 : F016;
    2462 : F232;
    2463 : F43C;
    2464 : F64C;
    2465 : F85A;
    2466 : FA7B;
    2467 : FC82;
    2468 : FE6B;
    2469 : 0051;
    2470 : 022A;
    2471 : 0411;
    2472 : 0617;
    2473 : 084F;
    2474 : 0AAF;
    2475 : 0D1F;
    2476 : 0FAB;
    2477 : 1254;
    2478 : 1500;
    2479 : 17BC;
    2480 : 1A78;
    2481 : 1D3E;
    2482 : 1FDA;
    2483 : 224B;
    2484 : 2464;
    2485 : 2633;
    2486 : 277D;
    2487 : 2868;
    2488 : 28E8;
    2489 : 291F;
    2490 : 28FD;
    2491 : 2894;
    2492 : 27F4;
    2493 : 2727;
    2494 : 263C;
    2495 : 252E;
    2496 : 23E9;
    2497 : 2288;
    2498 : 2115;
    2499 : 1FA7;
    2500 : 1E31;
    2501 : 1CC3;
    2502 : 1B79;
    2503 : 1A34;
    2504 : 18D1;
    2505 : 1743;
    2506 : 1588;
    2507 : 13A6;
    2508 : 11A6;
    2509 : 0FCF;
    2510 : 0E4A;
    2511 : 0CF6;
    2512 : 0BC7;
    2513 : 0A93;
    2514 : 0955;
    2515 : 07F0;
    2516 : 066F;
    2517 : 04F2;
    2518 : 037D;
    2519 : 0214;
    2520 : 00A8;
    2521 : FF13;
    2522 : FD6C;
    2523 : FB94;
    2524 : F99E;
    2525 : F76F;
    2526 : F526;
    2527 : F2C1;
    2528 : F03E;
    2529 : ED93;
    2530 : EAC7;
    2531 : E7F1;
    2532 : E51B;
    2533 : E26A;
    2534 : DFEE;
    2535 : DDAE;
    2536 : DBAD;
    2537 : D9FF;
    2538 : D8B0;
    2539 : D7C7;
    2540 : D72F;
    2541 : D6F6;
    2542 : D737;
    2543 : D7E4;
    2544 : D8DC;
    2545 : D9EE;
    2546 : DB12;
    2547 : DC4C;
    2548 : DD7E;
    2549 : DEB3;
    2550 : DFD3;
    2551 : E106;
    2552 : E230;
    2553 : E37C;
    2554 : E4D9;
    2555 : E654;
    2556 : E7EA;
    2557 : E99D;
    2558 : EB78;
    2559 : ED7A;
    2560 : EF99;
    2561 : F1CB;
    2562 : F3F4;
    2563 : F60B;
    2564 : F818;
    2565 : FA0F;
    2566 : FC01;
    2567 : FDE7;
    2568 : FFBC;
    2569 : 018E;
    2570 : 036D;
    2571 : 0559;
    2572 : 072A;
    2573 : 0901;
    2574 : 0AFE;
    2575 : 0D3F;
    2576 : 0F8F;
    2577 : 11FD;
    2578 : 14A0;
    2579 : 1770;
    2580 : 1A4A;
    2581 : 1D21;
    2582 : 1FD5;
    2583 : 2245;
    2584 : 2460;
    2585 : 2621;
    2586 : 277F;
    2587 : 2850;
    2588 : 2897;
    2589 : 2852;
    2590 : 27BC;
    2591 : 2707;
    2592 : 264F;
    2593 : 2566;
    2594 : 242B;
    2595 : 22A6;
    2596 : 20EC;
    2597 : 1F15;
    2598 : 1D3B;
    2599 : 1B89;
    2600 : 1A23;
    2601 : 18FD;
    2602 : 17ED;
    2603 : 16D9;
    2604 : 1597;
    2605 : 1403;
    2606 : 1238;
    2607 : 106F;
    2608 : 0EF7;
    2609 : 0DC8;
    2610 : 0CC2;
    2611 : 0BE6;
    2612 : 0B03;
    2613 : 09F2;
    2614 : 08B8;
    2615 : 0788;
    2616 : 0681;
    2617 : 0577;
    2618 : 045B;
    2619 : 032B;
    2620 : 01C9;
    2621 : 0021;
    2622 : FE2C;
    2623 : FC13;
    2624 : F9D5;
    2625 : F788;
    2626 : F505;
    2627 : F25E;
    2628 : EF7C;
    2629 : EC72;
    2630 : E955;
    2631 : E650;
    2632 : E38A;
    2633 : E107;
    2634 : DED1;
    2635 : DCEB;
    2636 : DB5E;
    2637 : DA1E;
    2638 : D958;
    2639 : D922;
    2640 : D97C;
    2641 : DA18;
    2642 : DAF4;
    2643 : DBF1;
    2644 : DD02;
    2645 : DE10;
    2646 : DF42;
    2647 : E085;
    2648 : E1D5;
    2649 : E312;
    2650 : E469;
    2651 : E5BE;
    2652 : E712;
    2653 : E86E;
    2654 : E9D9;
    2655 : EB4F;
    2656 : ECBB;
    2657 : EE45;
    2658 : EFE9;
    2659 : F1A9;
    2660 : F366;
    2661 : F521;
    2662 : F6DA;
    2663 : F878;
    2664 : F9F4;
    2665 : FB4B;
    2666 : FC87;
    2667 : FDB9;
    2668 : FF04;
    2669 : 0078;
    2670 : 021C;
    2671 : 03E8;
    2672 : 05DC;
    2673 : 07FD;
    2674 : 0A64;
    2675 : 0CF8;
    2676 : 0FC7;
    2677 : 1294;
    2678 : 1551;
    2679 : 17FC;
    2680 : 1AA0;
    2681 : 1D2F;
    2682 : 1F91;
    2683 : 21B9;
    2684 : 2381;
    2685 : 24C6;
    2686 : 2582;
    2687 : 25CA;
    2688 : 25AA;
    2689 : 252D;
    2690 : 245A;
    2691 : 2361;
    2692 : 224F;
    2693 : 2115;
    2694 : 1F9F;
    2695 : 1DE5;
    2696 : 1C30;
    2697 : 1A90;
    2698 : 191F;
    2699 : 17BB;
    2700 : 1685;
    2701 : 1556;
    2702 : 1407;
    2703 : 1288;
    2704 : 10F0;
    2705 : 0F6C;
    2706 : 0E12;
    2707 : 0CEB;
    2708 : 0C19;
    2709 : 0B4E;
    2710 : 0A94;
    2711 : 09A7;
    2712 : 08B6;
    2713 : 07AD;
    2714 : 06BC;
    2715 : 05CC;
    2716 : 04D9;
    2717 : 03BB;
    2718 : 0269;
    2719 : 00C5;
    2720 : FEE3;
    2721 : FCC4;
    2722 : FA8C;
    2723 : F81D;
    2724 : F580;
    2725 : F2A2;
    2726 : EFAF;
    2727 : EC9D;
    2728 : E98C;
    2729 : E693;
    2730 : E3BB;
    2731 : E125;
    2732 : DEBF;
    2733 : DCB2;
    2734 : DAFA;
    2735 : D9E1;
    2736 : D94E;
    2737 : D94C;
    2738 : D9A4;
    2739 : DA5B;
    2740 : DB5D;
    2741 : DC88;
    2742 : DDD9;
    2743 : DF40;
    2744 : E0C3;
    2745 : E229;
    2746 : E376;
    2747 : E4B3;
    2748 : E5E8;
    2749 : E704;
    2750 : E80B;
    2751 : E925;
    2752 : EA69;
    2753 : EBC6;
    2754 : ED2F;
    2755 : EEA5;
    2756 : F008;
    2757 : F168;
    2758 : F2BB;
    2759 : F420;
    2760 : F573;
    2761 : F6BF;
    2762 : F7F5;
    2763 : F93E;
    2764 : FAA0;
    2765 : FC26;
    2766 : FDB7;
    2767 : FF41;
    2768 : 00D5;
    2769 : 028D;
    2770 : 0484;
    2771 : 06A4;
    2772 : 0906;
    2773 : 0B96;
    2774 : 0E71;
    2775 : 1174;
    2776 : 1490;
    2777 : 178C;
    2778 : 1A60;
    2779 : 1CFC;
    2780 : 1F63;
    2781 : 217D;
    2782 : 234C;
    2783 : 24A1;
    2784 : 2578;
    2785 : 25B5;
    2786 : 25A6;
    2787 : 2554;
    2788 : 24D4;
    2789 : 2415;
    2790 : 230D;
    2791 : 21BA;
    2792 : 2019;
    2793 : 1E7E;
    2794 : 1D08;
    2795 : 1BBB;
    2796 : 1A97;
    2797 : 198E;
    2798 : 18A1;
    2799 : 179B;
    2800 : 1668;
    2801 : 1504;
    2802 : 139A;
    2803 : 123C;
    2804 : 10FF;
    2805 : 0FE1;
    2806 : 0ED8;
    2807 : 0DD7;
    2808 : 0CD8;
    2809 : 0BBE;
    2810 : 0A93;
    2811 : 0964;
    2812 : 0832;
    2813 : 06F6;
    2814 : 05A9;
    2815 : 044D;
    2816 : 02C5;
    2817 : 0102;
    2818 : FF09;
    2819 : FCEB;
    2820 : FAB0;
    2821 : F83B;
    2822 : F59F;
    2823 : F2E0;
    2824 : F008;
    2825 : ED17;
    2826 : EA29;
    2827 : E754;
    2828 : E4BB;
    2829 : E25B;
    2830 : E04A;
    2831 : DE90;
    2832 : DD29;
    2833 : DC0F;
    2834 : DB38;
    2835 : DAC6;
    2836 : DAAC;
    2837 : DADE;
    2838 : DB53;
    2839 : DC0E;
    2840 : DD05;
    2841 : DE20;
    2842 : DF54;
    2843 : E086;
    2844 : E1B9;
    2845 : E2F6;
    2846 : E43A;
    2847 : E582;
    2848 : E6C5;
    2849 : E805;
    2850 : E944;
    2851 : EA6E;
    2852 : EB9B;
    2853 : ECCE;
    2854 : EE0D;
    2855 : EF4C;
    2856 : F095;
    2857 : F1F1;
    2858 : F353;
    2859 : F4B0;
    2860 : F608;
    2861 : F76A;
    2862 : F8EF;
    2863 : FA8D;
    2864 : FC41;
    2865 : FE07;
    2866 : FFDB;
    2867 : 01C9;
    2868 : 03B5;
    2869 : 05D8;
    2870 : 082F;
    2871 : 0ACE;
    2872 : 0D7C;
    2873 : 1031;
    2874 : 12CF;
    2875 : 1564;
    2876 : 17E0;
    2877 : 1A3D;
    2878 : 1C5E;
    2879 : 1E42;
    2880 : 2006;
    2881 : 218E;
    2882 : 22CF;
    2883 : 23A1;
    2884 : 2438;
    2885 : 2472;
    2886 : 246C;
    2887 : 2427;
    2888 : 23C6;
    2889 : 2335;
    2890 : 225C;
    2891 : 2146;
    2892 : 2006;
    2893 : 1EAF;
    2894 : 1D41;
    2895 : 1BEB;
    2896 : 1ABC;
    2897 : 19B6;
    2898 : 18A6;
    2899 : 1798;
    2900 : 1687;
    2901 : 1560;
    2902 : 1406;
    2903 : 128C;
    2904 : 1129;
    2905 : 0FF2;
    2906 : 0ED1;
    2907 : 0DC3;
    2908 : 0CA4;
    2909 : 0B66;
    2910 : 09E7;
    2911 : 084F;
    2912 : 06B6;
    2913 : 0531;
    2914 : 03B8;
    2915 : 022E;
    2916 : 007F;
    2917 : FE9E;
    2918 : FC96;
    2919 : FA61;
    2920 : F800;
    2921 : F56D;
    2922 : F2E0;
    2923 : F046;
    2924 : EDBC;
    2925 : EB2C;
    2926 : E8B1;
    2927 : E66B;
    2928 : E455;
    2929 : E273;
    2930 : E0C7;
    2931 : DF5E;
    2932 : DE39;
    2933 : DD45;
    2934 : DC90;
    2935 : DC23;
    2936 : DBF9;
    2937 : DC11;
    2938 : DC6D;
    2939 : DD04;
    2940 : DDB5;
    2941 : DE76;
    2942 : DF59;
    2943 : E056;
    2944 : E179;
    2945 : E29B;
    2946 : E3D2;
    2947 : E51A;
    2948 : E664;
    2949 : E7B8;
    2950 : E903;
    2951 : EA60;
    2952 : EBC4;
    2953 : ED36;
    2954 : EEBA;
    2955 : F056;
    2956 : F1F1;
    2957 : F36D;
    2958 : F4ED;
    2959 : F663;
    2960 : F7D3;
    2961 : F94C;
    2962 : FAD6;
    2963 : FC65;
    2964 : FDF1;
    2965 : FF9F;
    2966 : 0186;
    2967 : 0388;
    2968 : 0591;
    2969 : 07BB;
    2970 : 0A03;
    2971 : 0C5B;
    2972 : 0EB4;
    2973 : 1106;
    2974 : 1348;
    2975 : 156A;
    2976 : 177D;
    2977 : 1987;
    2978 : 1B6D;
    2979 : 1D41;
    2980 : 1ED0;
    2981 : 2017;
    2982 : 2108;
    2983 : 21AF;
    2984 : 220E;
    2985 : 2224;
    2986 : 220E;
    2987 : 21DF;
    2988 : 218B;
    2989 : 211C;
    2990 : 2071;
    2991 : 1F93;
    2992 : 1E7E;
    2993 : 1D73;
    2994 : 1C7A;
    2995 : 1B94;
    2996 : 1AB7;
    2997 : 19DA;
    2998 : 18E8;
    2999 : 17C3;
    3000 : 166A;
    3001 : 14EA;
    3002 : 1346;
    3003 : 1193;
    3004 : 0FFF;
    3005 : 0E99;
    3006 : 0D50;
    3007 : 0C11;
    3008 : 0ACE;
    3009 : 0963;
    3010 : 07DF;
    3011 : 063A;
    3012 : 0495;
    3013 : 0306;
    3014 : 0169;
    3015 : FFA3;
    3016 : FDB3;
    3017 : FB9B;
    3018 : F96C;
    3019 : F730;
    3020 : F4F0;
    3021 : F29F;
    3022 : F03A;
    3023 : EDC1;
    3024 : EB41;
    3025 : E8B5;
    3026 : E64A;
    3027 : E417;
    3028 : E22D;
    3029 : E06B;
    3030 : DEED;
    3031 : DDB0;
    3032 : DCBD;
    3033 : DC0C;
    3034 : DBA6;
    3035 : DBA0;
    3036 : DBCC;
    3037 : DC43;
    3038 : DCE4;
    3039 : DDB5;
    3040 : DE97;
    3041 : DF97;
    3042 : E0AA;
    3043 : E1D0;
    3044 : E30B;
    3045 : E455;
    3046 : E595;
    3047 : E6ED;
    3048 : E858;
    3049 : E9D8;
    3050 : EB55;
    3051 : ECD2;
    3052 : EE41;
    3053 : EFA1;
    3054 : F0F8;
    3055 : F263;
    3056 : F3EA;
    3057 : F573;
    3058 : F715;
    3059 : F8C1;
    3060 : FA7E;
    3061 : FC46;
    3062 : FE14;
    3063 : FFDD;
    3064 : 01AA;
    3065 : 038D;
    3066 : 05A9;
    3067 : 07C1;
    3068 : 09ED;
    3069 : 0C14;
    3070 : 0E56;
    3071 : 10A3;
    3072 : 12F1;
    3073 : 1539;
    3074 : 1777;
    3075 : 19A8;
    3076 : 1BC7;
    3077 : 1DC0;
    3078 : 1F98;
    3079 : 2126;
    3080 : 2264;
    3081 : 2339;
    3082 : 23BD;
    3083 : 23E6;
    3084 : 23C9;
    3085 : 237B;
    3086 : 2300;
    3087 : 2249;
    3088 : 215E;
    3089 : 2045;
    3090 : 1F05;
    3091 : 1DB3;
    3092 : 1C73;
    3093 : 1B43;
    3094 : 1A2B;
    3095 : 1933;
    3096 : 1841;
    3097 : 1740;
    3098 : 1608;
    3099 : 14BD;
    3100 : 134E;
    3101 : 11BA;
    3102 : 101E;
    3103 : 0E96;
    3104 : 0D22;
    3105 : 0BBB;
    3106 : 0A48;
    3107 : 08D9;
    3108 : 0758;
    3109 : 05D6;
    3110 : 0435;
    3111 : 026B;
    3112 : 0088;
    3113 : FE91;
    3114 : FC7C;
    3115 : FA54;
    3116 : F82F;
    3117 : F601;
    3118 : F3B2;
    3119 : F13E;
    3120 : EEC1;
    3121 : EC3E;
    3122 : E9B3;
    3123 : E756;
    3124 : E52D;
    3125 : E344;
    3126 : E191;
    3127 : E01F;
    3128 : DEDA;
    3129 : DDC9;
    3130 : DCEE;
    3131 : DC58;
    3132 : DC15;
    3133 : DC2F;
    3134 : DCA4;
    3135 : DD39;
    3136 : DDFE;
    3137 : DEE0;
    3138 : DFF7;
    3139 : E116;
    3140 : E24F;
    3141 : E398;
    3142 : E4E3;
    3143 : E634;
    3144 : E77D;
    3145 : E8D8;
    3146 : EA35;
    3147 : EB94;
    3148 : ECFB;
    3149 : EE5B;
    3150 : EFCB;
    3151 : F123;
    3152 : F280;
    3153 : F3E1;
    3154 : F55A;
    3155 : F6EA;
    3156 : F87A;
    3157 : FA1E;
    3158 : FBC6;
    3159 : FD76;
    3160 : FF34;
    3161 : 0101;
    3162 : 02E0;
    3163 : 04CF;
    3164 : 06E2;
    3165 : 0917;
    3166 : 0B68;
    3167 : 0DD3;
    3168 : 103B;
    3169 : 129D;
    3170 : 14DF;
    3171 : 1714;
    3172 : 192B;
    3173 : 1B30;
    3174 : 1D05;
    3175 : 1EA2;
    3176 : 1FFC;
    3177 : 211E;
    3178 : 21FB;
    3179 : 2281;
    3180 : 22AC;
    3181 : 22AC;
    3182 : 2276;
    3183 : 221B;
    3184 : 2192;
    3185 : 20F3;
    3186 : 2016;
    3187 : 1EFB;
    3188 : 1DBF;
    3189 : 1C83;
    3190 : 1B3D;
    3191 : 1A08;
    3192 : 18C9;
    3193 : 17A8;
    3194 : 167E;
    3195 : 156D;
    3196 : 143D;
    3197 : 1303;
    3198 : 119D;
    3199 : 1014;
    3200 : 0E6F;
    3201 : 0CC7;
    3202 : 0B57;
    3203 : 09F2;
    3204 : 08A6;
    3205 : 0745;
    3206 : 05D0;
    3207 : 0430;
    3208 : 0265;
    3209 : 0087;
    3210 : FE9C;
    3211 : FCA1;
    3212 : FAA1;
    3213 : F87B;
    3214 : F65F;
    3215 : F426;
    3216 : F1D5;
    3217 : EF60;
    3218 : ECD4;
    3219 : EA6B;
    3220 : E81C;
    3221 : E5FC;
    3222 : E41B;
    3223 : E277;
    3224 : E111;
    3225 : DFD3;
    3226 : DECD;
    3227 : DE05;
    3228 : DD6C;
    3229 : DD13;
    3230 : DCF6;
    3231 : DD21;
    3232 : DD98;
    3233 : DE4A;
    3234 : DF29;
    3235 : E02D;
    3236 : E152;
    3237 : E26E;
    3238 : E396;
    3239 : E4D8;
    3240 : E62D;
    3241 : E793;
    3242 : E8FC;
    3243 : EA74;
    3244 : EBDB;
    3245 : ED2B;
    3246 : EE79;
    3247 : EFD9;
    3248 : F122;
    3249 : F26C;
    3250 : F3D2;
    3251 : F550;
    3252 : F6D4;
    3253 : F84F;
    3254 : F9E9;
    3255 : FB91;
    3256 : FD52;
    3257 : FF13;
    3258 : 00EA;
    3259 : 02CD;
    3260 : 04C2;
    3261 : 06B5;
    3262 : 08B6;
    3263 : 0ABF;
    3264 : 0CD9;
    3265 : 0EF9;
    3266 : 1113;
    3267 : 132A;
    3268 : 1528;
    3269 : 1716;
    3270 : 18F7;
    3271 : 1AD5;
    3272 : 1C84;
    3273 : 1E0D;
    3274 : 1F55;
    3275 : 2076;
    3276 : 2141;
    3277 : 21C3;
    3278 : 21FE;
    3279 : 21F2;
    3280 : 219F;
    3281 : 210F;
    3282 : 203E;
    3283 : 1F5E;
    3284 : 1E5A;
    3285 : 1D4E;
    3286 : 1C2B;
    3287 : 1AE3;
    3288 : 1991;
    3289 : 1821;
    3290 : 16CB;
    3291 : 1578;
    3292 : 1449;
    3293 : 1325;
    3294 : 120B;
    3295 : 10DF;
    3296 : 0F9E;
    3297 : 0E48;
    3298 : 0CEE;
    3299 : 0B77;
    3300 : 0A01;
    3301 : 0894;
    3302 : 0734;
    3303 : 05CD;
    3304 : 0456;
    3305 : 02C5;
    3306 : 011B;
    3307 : FF6C;
    3308 : FDB5;
    3309 : FC02;
    3310 : FA31;
    3311 : F857;
    3312 : F65E;
    3313 : F462;
    3314 : F25B;
    3315 : F054;
    3316 : EE46;
    3317 : EC21;
    3318 : EA09;
    3319 : E7F3;
    3320 : E617;
    3321 : E472;
    3322 : E30D;
    3323 : E1DE;
    3324 : E0E3;
    3325 : E020;
    3326 : DF9C;
    3327 : DF4F;
    3328 : DF51;
    3329 : DF98;
    3330 : E00A;
    3331 : E0A1;
    3332 : E15B;
    3333 : E23E;
    3334 : E32C;
    3335 : E42E;
    3336 : E538;
    3337 : E658;
    3338 : E78C;
    3339 : E8CD;
    3340 : EA21;
    3341 : EB7E;
    3342 : ECDC;
    3343 : EE25;
    3344 : EF59;
    3345 : F093;
    3346 : F1D3;
    3347 : F326;
    3348 : F47D;
    3349 : F5EE;
    3350 : F750;
    3351 : F8A8;
    3352 : FA00;
    3353 : FB59;
    3354 : FCC6;
    3355 : FE2B;
    3356 : FFBD;
    3357 : 0160;
    3358 : 0327;
    3359 : 0505;
    3360 : 06E6;
    3361 : 08C8;
    3362 : 0A9B;
    3363 : 0C81;
    3364 : 0E6E;
    3365 : 105B;
    3366 : 1258;
    3367 : 143A;
    3368 : 1610;
    3369 : 17AE;
    3370 : 193E;
    3371 : 1AA8;
    3372 : 1BF6;
    3373 : 1D10;
    3374 : 1DF2;
    3375 : 1E8E;
    3376 : 1EE3;
    3377 : 1EF2;
    3378 : 1EC2;
    3379 : 1E79;
    3380 : 1E1A;
    3381 : 1DAA;
    3382 : 1D15;
    3383 : 1C70;
    3384 : 1BA3;
    3385 : 1AA7;
    3386 : 1989;
    3387 : 1848;
    3388 : 1705;
    3389 : 15B8;
    3390 : 1487;
    3391 : 1366;
    3392 : 1253;
    3393 : 1143;
    3394 : 1028;
    3395 : 0F10;
    3396 : 0DD1;
    3397 : 0C8A;
    3398 : 0B2C;
    3399 : 09C7;
    3400 : 086C;
    3401 : 0714;
    3402 : 05C4;
    3403 : 045D;
    3404 : 02DE;
    3405 : 0140;
    3406 : FF83;
    3407 : FDC3;
    3408 : FBF0;
    3409 : FA18;
    3410 : F816;
    3411 : F627;
    3412 : F420;
    3413 : F219;
    3414 : F019;
    3415 : EE25;
    3416 : EC4A;
    3417 : EA5F;
    3418 : E88A;
    3419 : E6CA;
    3420 : E549;
    3421 : E3FA;
    3422 : E2F9;
    3423 : E22F;
    3424 : E1A6;
    3425 : E13A;
    3426 : E0FA;
    3427 : E0EB;
    3428 : E123;
    3429 : E177;
    3430 : E1F2;
    3431 : E28F;
    3432 : E34F;
    3433 : E424;
    3434 : E507;
    3435 : E60B;
    3436 : E731;
    3437 : E85C;
    3438 : E981;
    3439 : EAB7;
    3440 : EBFC;
    3441 : ED49;
    3442 : EE87;
    3443 : EFC4;
    3444 : F116;
    3445 : F27A;
    3446 : F3EC;
    3447 : F56D;
    3448 : F6E7;
    3449 : F85A;
    3450 : F9BD;
    3451 : FB30;
    3452 : FCB6;
    3453 : FE45;
    3454 : FFE3;
    3455 : 019E;
    3456 : 0358;
    3457 : 0512;
    3458 : 06D3;
    3459 : 08A8;
    3460 : 0A7F;
    3461 : 0C43;
    3462 : 0DFD;
    3463 : 0FAE;
    3464 : 115D;
    3465 : 12FC;
    3466 : 14A2;
    3467 : 1638;
    3468 : 17D3;
    3469 : 1954;
    3470 : 1ABC;
    3471 : 1BE8;
    3472 : 1CD4;
    3473 : 1D7E;
    3474 : 1DDE;
    3475 : 1E0D;
    3476 : 1DEE;
    3477 : 1DA0;
    3478 : 1D17;
    3479 : 1C8B;
    3480 : 1BD6;
    3481 : 1B17;
    3482 : 1A3F;
    3483 : 196B;
    3484 : 1887;
    3485 : 1792;
    3486 : 1697;
    3487 : 1591;
    3488 : 1478;
    3489 : 135B;
    3490 : 122C;
    3491 : 10F6;
    3492 : 0FAC;
    3493 : 0E56;
    3494 : 0CFD;
    3495 : 0B94;
    3496 : 0A1A;
    3497 : 08A1;
    3498 : 0722;
    3499 : 059D;
    3500 : 0429;
    3501 : 02B7;
    3502 : 0154;
    3503 : FFE2;
    3504 : FE49;
    3505 : FC88;
    3506 : FAB7;
    3507 : F8DC;
    3508 : F705;
    3509 : F52A;
    3510 : F354;
    3511 : F17B;
    3512 : EFA0;
    3513 : EDD6;
    3514 : EC23;
    3515 : EA7E;
    3516 : E8F0;
    3517 : E796;
    3518 : E672;
    3519 : E589;
    3520 : E4C2;
    3521 : E444;
    3522 : E3EB;
    3523 : E3A8;
    3524 : E377;
    3525 : E365;
    3526 : E382;
    3527 : E3BB;
    3528 : E427;
    3529 : E4BF;
    3530 : E587;
    3531 : E670;
    3532 : E765;
    3533 : E86E;
    3534 : E986;
    3535 : EAB2;
    3536 : EBE0;
    3537 : ED1D;
    3538 : EE55;
    3539 : EF8B;
    3540 : F0B1;
    3541 : F1E4;
    3542 : F333;
    3543 : F48F;
    3544 : F5E5;
    3545 : F73B;
    3546 : F8A0;
    3547 : FA04;
    3548 : FB72;
    3549 : FCE8;
    3550 : FE69;
    3551 : FFF7;
    3552 : 0176;
    3553 : 02F4;
    3554 : 046D;
    3555 : 05FE;
    3556 : 07A1;
    3557 : 094E;
    3558 : 0AF6;
    3559 : 0C9F;
    3560 : 0E4C;
    3561 : 0FF2;
    3562 : 1176;
    3563 : 12DE;
    3564 : 1433;
    3565 : 156B;
    3566 : 167A;
    3567 : 174E;
    3568 : 1802;
    3569 : 1895;
    3570 : 190B;
    3571 : 1971;
    3572 : 19BC;
    3573 : 19E5;
    3574 : 19F5;
    3575 : 19E1;
    3576 : 19A7;
    3577 : 194F;
    3578 : 18D0;
    3579 : 1833;
    3580 : 1772;
    3581 : 1690;
    3582 : 15A7;
    3583 : 149C;
    3584 : 137D;
    3585 : 125A;
    3586 : 112E;
    3587 : 0FFD;
    3588 : 0ED7;
    3589 : 0DCB;
    3590 : 0CD5;
    3591 : 0BDC;
    3592 : 0AD5;
    3593 : 09BD;
    3594 : 089E;
    3595 : 0773;
    3596 : 0640;
    3597 : 04E7;
    3598 : 038F;
    3599 : 0221;
    3600 : 00AD;
    3601 : FF1A;
    3602 : FD7F;
    3603 : FBE5;
    3604 : FA44;
    3605 : F8A1;
    3606 : F70B;
    3607 : F581;
    3608 : F404;
    3609 : F286;
    3610 : F107;
    3611 : EF99;
    3612 : EE40;
    3613 : ED02;
    3614 : EBD0;
    3615 : EAB0;
    3616 : E9C5;
    3617 : E909;
    3618 : E86C;
    3619 : E7D3;
    3620 : E75B;
    3621 : E702;
    3622 : E6CA;
    3623 : E6B9;
    3624 : E6D7;
    3625 : E723;
    3626 : E798;
    3627 : E81E;
    3628 : E8D0;
    3629 : E9AB;
    3630 : EAA0;
    3631 : EB9D;
    3632 : EC8B;
    3633 : ED7D;
    3634 : EE58;
    3635 : EF35;
    3636 : F015;
    3637 : F118;
    3638 : F20F;
    3639 : F30B;
    3640 : F3FD;
    3641 : F50F;
    3642 : F622;
    3643 : F74D;
    3644 : F88B;
    3645 : F9E6;
    3646 : FB42;
    3647 : FCB6;
    3648 : FE2E;
    3649 : FFB1;
    3650 : 0127;
    3651 : 02A7;
    3652 : 0428;
    3653 : 05A7;
    3654 : 0718;
    3655 : 0890;
    3656 : 0A10;
    3657 : 0B90;
    3658 : 0D07;
    3659 : 0E75;
    3660 : 0FE8;
    3661 : 114C;
    3662 : 12A0;
    3663 : 13DF;
    3664 : 14FC;
    3665 : 15F5;
    3666 : 16CA;
    3667 : 1777;
    3668 : 180A;
    3669 : 187A;
    3670 : 18C3;
    3671 : 18F0;
    3672 : 18F9;
    3673 : 18E5;
    3674 : 189E;
    3675 : 1843;
    3676 : 17B7;
    3677 : 1725;
    3678 : 1670;
    3679 : 15AE;
    3680 : 14D4;
    3681 : 13E5;
    3682 : 12EA;
    3683 : 11F1;
    3684 : 10F8;
    3685 : 0FF6;
    3686 : 0EEE;
    3687 : 0DEA;
    3688 : 0CDE;
    3689 : 0BC6;
    3690 : 0AA0;
    3691 : 0988;
    3692 : 085F;
    3693 : 072E;
    3694 : 05F5;
    3695 : 04B5;
    3696 : 0365;
    3697 : 01F2;
    3698 : 006E;
    3699 : FED2;
    3700 : FD1F;
    3701 : FB64;
    3702 : F9BA;
    3703 : F820;
    3704 : F68F;
    3705 : F50A;
    3706 : F387;
    3707 : F21A;
    3708 : F0AB;
    3709 : EF49;
    3710 : EDE0;
    3711 : EC73;
    3712 : EB1A;
    3713 : E9D8;
    3714 : E8BA;
    3715 : E7C6;
    3716 : E705;
    3717 : E67D;
    3718 : E619;
    3719 : E5E4;
    3720 : E5CA;
    3721 : E5D8;
    3722 : E613;
    3723 : E689;
    3724 : E71D;
    3725 : E7C9;
    3726 : E891;
    3727 : E965;
    3728 : EA42;
    3729 : EB21;
    3730 : EC1C;
    3731 : ED31;
    3732 : EE4D;
    3733 : EF73;
    3734 : F096;
    3735 : F1B8;
    3736 : F2E9;
    3737 : F429;
    3738 : F57C;
    3739 : F6D9;
    3740 : F831;
    3741 : F982;
    3742 : FABD;
    3743 : FBE6;
    3744 : FD0E;
    3745 : FE3A;
    3746 : FF79;
    3747 : 00D0;
    3748 : 0246;
    3749 : 03D2;
    3750 : 056D;
    3751 : 070F;
    3752 : 08B7;
    3753 : 0A6C;
    3754 : 0C22;
    3755 : 0DBC;
    3756 : 0F45;
    3757 : 1099;
    3758 : 11DF;
    3759 : 12FD;
    3760 : 1427;
    3761 : 153C;
    3762 : 1653;
    3763 : 173E;
    3764 : 1821;
    3765 : 18DC;
    3766 : 1982;
    3767 : 1A00;
    3768 : 1A67;
    3769 : 1A9A;
    3770 : 1A96;
    3771 : 1A5D;
    3772 : 19F1;
    3773 : 1957;
    3774 : 189A;
    3775 : 17C6;
    3776 : 16E2;
    3777 : 15E9;
    3778 : 14E8;
    3779 : 13EA;
    3780 : 12D1;
    3781 : 11AB;
    3782 : 106E;
    3783 : 0F39;
    3784 : 0E0B;
    3785 : 0CD5;
    3786 : 0B9D;
    3787 : 0A5C;
    3788 : 0911;
    3789 : 07C8;
    3790 : 067A;
    3791 : 0537;
    3792 : 0402;
    3793 : 02D2;
    3794 : 01A2;
    3795 : 0064;
    3796 : FF13;
    3797 : FDA9;
    3798 : FC2E;
    3799 : FAA9;
    3800 : F919;
    3801 : F780;
    3802 : F5EB;
    3803 : F458;
    3804 : F2D5;
    3805 : F14F;
    3806 : EFE3;
    3807 : EE7B;
    3808 : ED2A;
    3809 : EBE1;
    3810 : EAA7;
    3811 : E986;
    3812 : E869;
    3813 : E773;
    3814 : E6A3;
    3815 : E5E9;
    3816 : E541;
    3817 : E4BC;
    3818 : E466;
    3819 : E449;
    3820 : E466;
    3821 : E4C9;
    3822 : E563;
    3823 : E625;
    3824 : E6FF;
    3825 : E7F5;
    3826 : E8F6;
    3827 : E9F3;
    3828 : EAFA;
    3829 : EC02;
    3830 : ED00;
    3831 : EDF7;
    3832 : EEF1;
    3833 : EFFA;
    3834 : F110;
    3835 : F23E;
    3836 : F380;
    3837 : F4E9;
    3838 : F658;
    3839 : F7EC;
    3840 : F975;
    3841 : FB0D;
    3842 : FC94;
    3843 : FE15;
    3844 : FF7D;
    3845 : 00CD;
    3846 : 0218;
    3847 : 034C;
    3848 : 0485;
    3849 : 05BF;
    3850 : 0711;
    3851 : 0873;
    3852 : 09FA;
    3853 : 0BA0;
    3854 : 0D5E;
    3855 : 0F2D;
    3856 : 1101;
    3857 : 12CF;
    3858 : 1483;
    3859 : 1609;
    3860 : 175E;
    3861 : 1873;
    3862 : 194A;
    3863 : 19F2;
    3864 : 1A7F;
    3865 : 1AFA;
    3866 : 1B60;
    3867 : 1BC4;
    3868 : 1C13;
    3869 : 1C3D;
    3870 : 1C47;
    3871 : 1C2D;
    3872 : 1BF1;
    3873 : 1B81;
    3874 : 1AD5;
    3875 : 19FD;
    3876 : 18F3;
    3877 : 17D1;
    3878 : 169C;
    3879 : 1579;
    3880 : 145B;
    3881 : 1349;
    3882 : 122A;
    3883 : 1106;
    3884 : 0FE1;
    3885 : 0EC0;
    3886 : 0D9D;
    3887 : 0C63;
    3888 : 0B21;
    3889 : 09B5;
    3890 : 083B;
    3891 : 069C;
    3892 : 04F9;
    3893 : 0350;
    3894 : 01A3;
    3895 : 000B;
    3896 : FE8A;
    3897 : FD18;
    3898 : FBBA;
    3899 : FA71;
    3900 : F941;
    3901 : F80D;
    3902 : F6BF;
    3903 : F545;
    3904 : F38D;
    3905 : F1A9;
    3906 : EF8D;
    3907 : ED6B;
    3908 : EB57;
    3909 : E97C;
    3910 : E7E0;
    3911 : E697;
    3912 : E5A4;
    3913 : E4F8;
    3914 : E492;
    3915 : E45D;
    3916 : E456;
    3917 : E461;
    3918 : E472;
    3919 : E483;
    3920 : E48F;
    3921 : E4AA;
    3922 : E4D2;
    3923 : E51A;
    3924 : E587;
    3925 : E61F;
    3926 : E6DA;
    3927 : E7B8;
    3928 : E8BF;
    3929 : E9EE;
    3930 : EB4B;
    3931 : ECB5;
    3932 : EE29;
    3933 : EF8B;
    3934 : F0DE;
    3935 : F220;
    3936 : F35A;
    3937 : F48C;
    3938 : F5BC;
    3939 : F6F2;
    3940 : F82E;
    3941 : F971;
    3942 : FAC9;
    3943 : FC3C;
    3944 : FDC4;
    3945 : FF70;
    3946 : 011F;
    3947 : 02EA;
    3948 : 0498;
    3949 : 0641;
    3950 : 07CA;
    3951 : 0953;
    3952 : 0AD3;
    3953 : 0C4D;
    3954 : 0DCA;
    3955 : 0F39;
    3956 : 10A7;
    3957 : 11FB;
    3958 : 135A;
    3959 : 14B1;
    3960 : 1612;
    3961 : 1758;
    3962 : 1881;
    3963 : 197C;
    3964 : 1A4D;
    3965 : 1AE8;
    3966 : 1B66;
    3967 : 1BB7;
    3968 : 1BE4;
    3969 : 1BDD;
    3970 : 1BAB;
    3971 : 1B51;
    3972 : 1ADD;
    3973 : 1A52;
    3974 : 19B7;
    3975 : 1905;
    3976 : 183D;
    3977 : 1754;
    3978 : 164A;
    3979 : 1526;
    3980 : 13E8;
    3981 : 12AC;
    3982 : 116A;
    3983 : 103D;
    3984 : 0EFF;
    3985 : 0DCC;
    3986 : 0C8A;
    3987 : 0B43;
    3988 : 0A05;
    3989 : 08C5;
    3990 : 07A4;
    3991 : 067E;
    3992 : 0551;
    3993 : 040F;
    3994 : 02AB;
    3995 : 0135;
    3996 : FF9C;
    3997 : FDFA;
    3998 : FC44;
    3999 : FA87;
    4000 : F8B9;
    4001 : F6F9;
    4002 : F54D;
    4003 : F3CD;
    4004 : F266;
    4005 : F11E;
    4006 : EFE3;
    4007 : EEA2;
    4008 : ED4A;
    4009 : EBE7;
    4010 : EA87;
    4011 : E934;
    4012 : E801;
    4013 : E6ED;
    4014 : E612;
    4015 : E562;
    4016 : E4EA;
    4017 : E4AB;
    4018 : E4A7;
    4019 : E4E7;
    4020 : E53F;
    4021 : E5B6;
    4022 : E642;
    4023 : E6D2;
    4024 : E76C;
    4025 : E7FF;
    4026 : E8B0;
    4027 : E966;
    4028 : EA30;
    4029 : EB00;
    4030 : EBE0;
    4031 : ECE0;
    4032 : EE04;
    4033 : EF4E;
    4034 : F0BD;
    4035 : F244;
    4036 : F3D3;
    4037 : F54C;
    4038 : F6AA;
    4039 : F7E6;
    4040 : F917;
    4041 : FA35;
    4042 : FB5B;
    4043 : FC8B;
    4044 : FDCB;
    4045 : FF30;
    4046 : 00A5;
    4047 : 0249;
    4048 : 0405;
    4049 : 05EF;
    4050 : 07E1;
    4051 : 09C3;
    4052 : 0B80;
    4053 : 0D0C;
    4054 : 0E6E;
    4055 : 0FA0;
    4056 : 10BC;
    4057 : 11BB;
    4058 : 12A1;
    4059 : 1376;
    4060 : 1448;
    4061 : 152F;
    4062 : 1620;
    4063 : 1726;
    4064 : 182C;
    4065 : 191F;
    4066 : 19D4;
    4067 : 1A3B;
    4068 : 1A47;
    4069 : 1A0B;
    4070 : 19A1;
    4071 : 1904;
    4072 : 184E;
    4073 : 177C;
    4074 : 16B1;
    4075 : 15CF;
    4076 : 14EC;
    4077 : 1411;
    4078 : 133F;
    4079 : 1286;
    4080 : 11CA;
    4081 : 110D;
    4082 : 1036;
    4083 : 0F51;
    4084 : 0E5A;
    4085 : 0D56;
    4086 : 0C42;
    4087 : 0B14;
    4088 : 09D0;
    4089 : 086B;
    4090 : 06F7;
    4091 : 057B;
    4092 : 0402;
    4093 : 02A9;
    4094 : 016F;
    4095 : 003E;
    4096 : FF0E;
    4097 : FDC6;
    4098 : FC69;
    4099 : FAF5;
    4100 : F96B;
    4101 : F7D3;
    4102 : F643;
    4103 : F4B9;
    4104 : F340;
    4105 : F1E2;
    4106 : F08C;
    4107 : EF53;
    4108 : EE42;
    4109 : ED53;
    4110 : EC83;
    4111 : EBB2;
    4112 : EAEA;
    4113 : EA1B;
    4114 : E96D;
    4115 : E8DC;
    4116 : E883;
    4117 : E85E;
    4118 : E85E;
    4119 : E878;
    4120 : E8B5;
    4121 : E8FE;
    4122 : E96E;
    4123 : E9FD;
    4124 : EAA1;
    4125 : EB5F;
    4126 : EC0F;
    4127 : ECC1;
    4128 : ED60;
    4129 : EE05;
    4130 : EEC3;
    4131 : EF8E;
    4132 : F072;
    4133 : F16C;
    4134 : F27C;
    4135 : F3A3;
    4136 : F4DE;
    4137 : F632;
    4138 : F79A;
    4139 : F90C;
    4140 : FA75;
    4141 : FBC8;
    4142 : FD00;
    4143 : FE23;
    4144 : FF3E;
    4145 : 0056;
    4146 : 017E;
    4147 : 02B0;
    4148 : 03E9;
    4149 : 052D;
    4150 : 0695;
    4151 : 0818;
    4152 : 09B4;
    4153 : 0B5C;
    4154 : 0CF6;
    4155 : 0E7A;
    4156 : 0FD1;
    4157 : 10EE;
    4158 : 11C7;
    4159 : 126B;
    4160 : 12E1;
    4161 : 1327;
    4162 : 1361;
    4163 : 1390;
    4164 : 13D0;
    4165 : 1416;
    4166 : 1468;
    4167 : 14BF;
    4168 : 1507;
    4169 : 153D;
    4170 : 154A;
    4171 : 1537;
    4172 : 14EB;
    4173 : 147E;
    4174 : 13EC;
    4175 : 133F;
    4176 : 1277;
    4177 : 11AB;
    4178 : 10CE;
    4179 : 0FFB;
    4180 : 0F2B;
    4181 : 0E6D;
    4182 : 0DB5;
    4183 : 0CED;
    4184 : 0C2B;
    4185 : 0B4D;
    4186 : 0A70;
    4187 : 097B;
    4188 : 0879;
    4189 : 0759;
    4190 : 0615;
    4191 : 04B9;
    4192 : 034B;
    4193 : 01DC;
    4194 : 0085;
    4195 : FF49;
    4196 : FE27;
    4197 : FD0B;
    4198 : FBF0;
    4199 : FAB9;
    4200 : F979;
    4201 : F819;
    4202 : F6C3;
    4203 : F56C;
    4204 : F420;
    4205 : F2DA;
    4206 : F1BA;
    4207 : F0BC;
    4208 : EFEC;
    4209 : EF46;
    4210 : EEC6;
    4211 : EE5E;
    4212 : EDF6;
    4213 : ED95;
    4214 : ED2E;
    4215 : ECD3;
    4216 : EC7B;
    4217 : EC35;
    4218 : EBFD;
    4219 : EBD6;
    4220 : EBCC;
    4221 : EBD7;
    4222 : EBF4;
    4223 : EC48;
    4224 : ECB1;
    4225 : ED4B;
    4226 : EE03;
    4227 : EEC8;
    4228 : EF9F;
    4229 : F06B;
    4230 : F13D;
    4231 : F210;
    4232 : F2D4;
    4233 : F3A0;
    4234 : F45B;
    4235 : F539;
    4236 : F60A;
    4237 : F700;
    4238 : F7F7;
    4239 : F913;
    4240 : FA42;
    4241 : FB95;
    4242 : FCEF;
    4243 : FE4C;
    4244 : FF9E;
    4245 : 00E8;
    4246 : 022C;
    4247 : 035E;
    4248 : 0480;
    4249 : 059C;
    4250 : 06B1;
    4251 : 07B4;
    4252 : 08AC;
    4253 : 099E;
    4254 : 0A93;
    4255 : 0B91;
    4256 : 0C8E;
    4257 : 0D89;
    4258 : 0E77;
    4259 : 0F4F;
    4260 : 100F;
    4261 : 10A9;
    4262 : 1138;
    4263 : 1197;
    4264 : 11E7;
    4265 : 1224;
    4266 : 1252;
    4267 : 1273;
    4268 : 1282;
    4269 : 128B;
    4270 : 128C;
    4271 : 1288;
    4272 : 1264;
    4273 : 1227;
    4274 : 11D7;
    4275 : 1168;
    4276 : 10F0;
    4277 : 104C;
    4278 : 0FAA;
    4279 : 0EF6;
    4280 : 0E41;
    4281 : 0D7F;
    4282 : 0CC0;
    4283 : 0BFC;
    4284 : 0B1F;
    4285 : 0A40;
    4286 : 0950;
    4287 : 0867;
    4288 : 0766;
    4289 : 0661;
    4290 : 0551;
    4291 : 042E;
    4292 : 030A;
    4293 : 01E8;
    4294 : 00CC;
    4295 : FFBD;
    4296 : FEB4;
    4297 : FDA8;
    4298 : FC94;
    4299 : FB6C;
    4300 : FA41;
    4301 : F8F3;
    4302 : F7AE;
    4303 : F656;
    4304 : F510;
    4305 : F3CC;
    4306 : F2A5;
    4307 : F194;
    4308 : F0A5;
    4309 : EFD8;
    4310 : EF25;
    4311 : EE8F;
    4312 : EE00;
    4313 : ED96;
    4314 : ED31;
    4315 : ECE2;
    4316 : EC9D;
    4317 : EC79;
    4318 : EC6D;
    4319 : EC64;
    4320 : EC71;
    4321 : EC8D;
    4322 : ECC1;
    4323 : ED0D;
    4324 : ED7A;
    4325 : EE0C;
    4326 : EEB4;
    4327 : EF85;
    4328 : F065;
    4329 : F166;
    4330 : F25B;
    4331 : F341;
    4332 : F41A;
    4333 : F4E9;
    4334 : F5B5;
    4335 : F671;
    4336 : F747;
    4337 : F80C;
    4338 : F906;
    4339 : FA01;
    4340 : FB1D;
    4341 : FC42;
    4342 : FD61;
    4343 : FE81;
    4344 : FF9E;
    4345 : 00B9;
    4346 : 01DF;
    4347 : 0304;
    4348 : 042C;
    4349 : 054B;
    4350 : 065E;
    4351 : 076D;
    4352 : 088E;
    4353 : 09B5;
    4354 : 0AD7;
    4355 : 0BE9;
    4356 : 0CEB;
    4357 : 0DE9;
    4358 : 0EF0;
    4359 : 0FF6;
    4360 : 10F4;
    4361 : 11E1;
    4362 : 12B0;
    4363 : 134D;
    4364 : 13BA;
    4365 : 13EE;
    4366 : 13FE;
    4367 : 13EF;
    4368 : 13BA;
    4369 : 137B;
    4370 : 1312;
    4371 : 1291;
    4372 : 11FE;
    4373 : 115E;
    4374 : 109C;
    4375 : 0FD9;
    4376 : 0F0B;
    4377 : 0E3C;
    4378 : 0D61;
    4379 : 0C81;
    4380 : 0BB3;
    4381 : 0AEE;
    4382 : 0A34;
    4383 : 097E;
    4384 : 08B4;
    4385 : 07D4;
    4386 : 06D5;
    4387 : 05C4;
    4388 : 04A0;
    4389 : 038B;
    4390 : 027B;
    4391 : 0180;
    4392 : 0089;
    4393 : FFA1;
    4394 : FEAA;
    4395 : FDB3;
    4396 : FCB8;
    4397 : FBBE;
    4398 : FAB0;
    4399 : F997;
    4400 : F87B;
    4401 : F769;
    4402 : F653;
    4403 : F55D;
    4404 : F476;
    4405 : F3B0;
    4406 : F2F1;
    4407 : F241;
    4408 : F195;
    4409 : F0F4;
    4410 : F06B;
    4411 : F00B;
    4412 : EFD6;
    4413 : EFC9;
    4414 : EFDA;
    4415 : EFEC;
    4416 : F014;
    4417 : F031;
    4418 : F061;
    4419 : F0A9;
    4420 : F109;
    4421 : F178;
    4422 : F1F5;
    4423 : F28D;
    4424 : F341;
    4425 : F400;
    4426 : F4CC;
    4427 : F598;
    4428 : F65F;
    4429 : F70D;
    4430 : F7B5;
    4431 : F84E;
    4432 : F8E9;
    4433 : F98F;
    4434 : FA42;
    4435 : FB07;
    4436 : FBD4;
    4437 : FCA8;
    4438 : FD8E;
    4439 : FE6C;
    4440 : FF4E;
    4441 : 001C;
    4442 : 00EF;
    4443 : 01B5;
    4444 : 0285;
    4445 : 034B;
    4446 : 041E;
    4447 : 04F4;
    4448 : 05E6;
    4449 : 06D5;
    4450 : 07CC;
    4451 : 08C4;
    4452 : 09B0;
    4453 : 0A95;
    4454 : 0B5A;
    4455 : 0C16;
    4456 : 0CB3;
    4457 : 0D3B;
    4458 : 0D9E;
    4459 : 0DF5;
    4460 : 0E1D;
    4461 : 0E18;
    4462 : 0DF0;
    4463 : 0DBB;
    4464 : 0D7C;
    4465 : 0D52;
    4466 : 0D32;
    4467 : 0D12;
    4468 : 0CEA;
    4469 : 0CA3;
    4470 : 0C44;
    4471 : 0BC7;
    4472 : 0B2E;
    4473 : 0A76;
    4474 : 099D;
    4475 : 08B5;
    4476 : 07C9;
    4477 : 06EE;
    4478 : 061A;
    4479 : 0555;
    4480 : 049B;
    4481 : 03D4;
    4482 : 0309;
    4483 : 0229;
    4484 : 0140;
    4485 : 0050;
    4486 : FF72;
    4487 : FE9A;
    4488 : FDD1;
    4489 : FD0F;
    4490 : FC55;
    4491 : FBA9;
    4492 : FAF8;
    4493 : FA4B;
    4494 : F9A0;
    4495 : F8FD;
    4496 : F856;
    4497 : F7AA;
    4498 : F6F5;
    4499 : F64A;
    4500 : F5B4;
    4501 : F52D;
    4502 : F4C5;
    4503 : F473;
    4504 : F429;
    4505 : F3F5;
    4506 : F3D3;
    4507 : F3CE;
    4508 : F3C7;
    4509 : F3D2;
    4510 : F3EE;
    4511 : F410;
    4512 : F445;
    4513 : F485;
    4514 : F4D9;
    4515 : F53F;
    4516 : F5BD;
    4517 : F655;
    4518 : F6FC;
    4519 : F7AA;
    4520 : F85F;
    4521 : F915;
    4522 : F9CC;
    4523 : FA7D;
    4524 : FB3F;
    4525 : FBFB;
    4526 : FCC5;
    4527 : FD89;
    4528 : FE52;
    4529 : FF04;
    4530 : FFC4;
    4531 : 0087;
    4532 : 015B;
    4533 : 024A;
    4534 : 0347;
    4535 : 0457;
    4536 : 056A;
    4537 : 067F;
    4538 : 079D;
    4539 : 08AD;
    4540 : 0995;
    4541 : 0A62;
    4542 : 0B0C;
    4543 : 0B96;
    4544 : 0C14;
    4545 : 0C8E;
    4546 : 0CFF;
    4547 : 0D6B;
    4548 : 0DC6;
    4549 : 0E24;
    4550 : 0E6C;
    4551 : 0EAC;
    4552 : 0ED0;
    4553 : 0ED1;
    4554 : 0EB7;
    4555 : 0E76;
    4556 : 0E32;
    4557 : 0DD7;
    4558 : 0D72;
    4559 : 0CFB;
    4560 : 0C63;
    4561 : 0BBD;
    4562 : 0B03;
    4563 : 0A51;
    4564 : 099C;
    4565 : 08D1;
    4566 : 07FF;
    4567 : 0701;
    4568 : 05F6;
    4569 : 04D0;
    4570 : 03A3;
    4571 : 026D;
    4572 : 0125;
    4573 : FFDF;
    4574 : FE8E;
    4575 : FD47;
    4576 : FBFC;
    4577 : FAD5;
    4578 : F9B1;
    4579 : F8AC;
    4580 : F7A3;
    4581 : F6AF;
    4582 : F5C1;
    4583 : F4DE;
    4584 : F407;
    4585 : F32E;
    4586 : F253;
    4587 : F167;
    4588 : F081;
    4589 : EFA5;
    4590 : EEEA;
    4591 : EE52;
    4592 : EDE9;
    4593 : EDB5;
    4594 : EDA9;
    4595 : EDD3;
    4596 : EE1C;
    4597 : EE81;
    4598 : EEF8;
    4599 : EF7B;
    4600 : F006;
    4601 : F096;
    4602 : F12A;
    4603 : F1B8;
    4604 : F249;
    4605 : F2D4;
    4606 : F36B;
    4607 : F403;
    4608 : F498;
    4609 : F535;
    4610 : F5E1;
    4611 : F6A5;
    4612 : F788;
    4613 : F87D;
    4614 : F989;
    4615 : FA90;
    4616 : FB95;
    4617 : FC99;
    4618 : FD88;
    4619 : FE6D;
    4620 : FF5F;
    4621 : 0063;
    4622 : 0180;
    4623 : 02A8;
    4624 : 03EC;
    4625 : 053B;
    4626 : 0697;
    4627 : 07EC;
    4628 : 0930;
    4629 : 0A61;
    4630 : 0B7D;
    4631 : 0C7B;
    4632 : 0D69;
    4633 : 0E44;
    4634 : 0F1A;
    4635 : 0FF9;
    4636 : 10D7;
    4637 : 11BC;
    4638 : 1299;
    4639 : 1362;
    4640 : 1416;
    4641 : 14B3;
    4642 : 1532;
    4643 : 1590;
    4644 : 15CA;
    4645 : 15E7;
    4646 : 15D3;
    4647 : 158A;
    4648 : 1519;
    4649 : 148F;
    4650 : 13FB;
    4651 : 1355;
    4652 : 12B7;
    4653 : 1209;
    4654 : 115B;
    4655 : 109C;
    4656 : 0FD4;
    4657 : 0F08;
    4658 : 0E1B;
    4659 : 0D1F;
    4660 : 0C0A;
    4661 : 0AEB;
    4662 : 09C3;
    4663 : 08A7;
    4664 : 079C;
    4665 : 0692;
    4666 : 0599;
    4667 : 0493;
    4668 : 0394;
    4669 : 027D;
    4670 : 014B;
    4671 : 0000;
    4672 : FE93;
    4673 : FD2E;
    4674 : FBB3;
    4675 : FA37;
    4676 : F8A1;
    4677 : F70B;
    4678 : F56E;
    4679 : F3E3;
    4680 : F265;
    4681 : F10B;
    4682 : EFCF;
    4683 : EEAE;
    4684 : EDA4;
    4685 : ECA7;
    4686 : EBB6;
    4687 : EAD9;
    4688 : EA09;
    4689 : E942;
    4690 : E883;
    4691 : E7D2;
    4692 : E74B;
    4693 : E6E7;
    4694 : E6B8;
    4695 : E6AC;
    4696 : E6CC;
    4697 : E6FB;
    4698 : E745;
    4699 : E7A4;
    4700 : E81D;
    4701 : E8AB;
    4702 : E949;
    4703 : E9FD;
    4704 : EAB5;
    4705 : EB86;
    4706 : EC64;
    4707 : ED68;
    4708 : EE7E;
    4709 : EFA2;
    4710 : F0C5;
    4711 : F1E8;
    4712 : F309;
    4713 : F436;
    4714 : F562;
    4715 : F69A;
    4716 : F7E2;
    4717 : F939;
    4718 : FA90;
    4719 : FBF1;
    4720 : FD55;
    4721 : FEC0;
    4722 : 0036;
    4723 : 01B5;
    4724 : 033F;
    4725 : 04D1;
    4726 : 0662;
    4727 : 0807;
    4728 : 09AE;
    4729 : 0B6F;
    4730 : 0D43;
    4731 : 0F26;
    4732 : 10F7;
    4733 : 12AA;
    4734 : 143D;
    4735 : 15AD;
    4736 : 1713;
    4737 : 1866;
    4738 : 19AC;
    4739 : 1AD3;
    4740 : 1BD3;
    4741 : 1CA2;
    4742 : 1D4A;
    4743 : 1DC9;
    4744 : 1E2E;
    4745 : 1E64;
    4746 : 1E80;
    4747 : 1E77;
    4748 : 1E4B;
    4749 : 1DFD;
    4750 : 1D8B;
    4751 : 1D01;
    4752 : 1C60;
    4753 : 1B9E;
    4754 : 1AC4;
    4755 : 19CB;
    4756 : 18AA;
    4757 : 176A;
    4758 : 1614;
    4759 : 14B6;
    4760 : 1361;
    4761 : 1203;
    4762 : 10A7;
    4763 : 0F3F;
    4764 : 0DC9;
    4765 : 0C3E;
    4766 : 0AA8;
    4767 : 091C;
    4768 : 0787;
    4769 : 05F5;
    4770 : 0450;
    4771 : 0292;
    4772 : 00C5;
    4773 : FEDB;
    4774 : FCF5;
    4775 : FB18;
    4776 : F944;
    4777 : F77E;
    4778 : F5B1;
    4779 : F3E2;
    4780 : F20F;
    4781 : F04A;
    4782 : EE87;
    4783 : ECD5;
    4784 : EB1D;
    4785 : E96B;
    4786 : E7BD;
    4787 : E622;
    4788 : E4B0;
    4789 : E361;
    4790 : E251;
    4791 : E16D;
    4792 : E0C1;
    4793 : E045;
    4794 : E00F;
    4795 : E00B;
    4796 : E039;
    4797 : E089;
    4798 : E0F9;
    4799 : E181;
    4800 : E211;
    4801 : E2B5;
    4802 : E35B;
    4803 : E414;
    4804 : E4DE;
    4805 : E5D0;
    4806 : E6FC;
    4807 : E844;
    4808 : E9B8;
    4809 : EB2C;
    4810 : ECB1;
    4811 : EE23;
    4812 : EFA2;
    4813 : F10B;
    4814 : F289;
    4815 : F3F4;
    4816 : F562;
    4817 : F6C9;
    4818 : F83B;
    4819 : F9BB;
    4820 : FB52;
    4821 : FCF9;
    4822 : FEAC;
    4823 : 0064;
    4824 : 0219;
    4825 : 03E5;
    4826 : 05B7;
    4827 : 079F;
    4828 : 097F;
    4829 : 0B63;
    4830 : 0D2B;
    4831 : 0EEC;
    4832 : 108D;
    4833 : 1220;
    4834 : 13A8;
    4835 : 1521;
    4836 : 16A6;
    4837 : 1816;
    4838 : 197F;
    4839 : 1AC9;
    4840 : 1BF1;
    4841 : 1CF4;
    4842 : 1DC2;
    4843 : 1E54;
    4844 : 1EA8;
    4845 : 1EC1;
    4846 : 1EAB;
    4847 : 1E64;
    4848 : 1E02;
    4849 : 1D94;
    4850 : 1D10;
    4851 : 1C89;
    4852 : 1BEC;
    4853 : 1B40;
    4854 : 1A67;
    4855 : 196C;
    4856 : 1847;
    4857 : 1712;
    4858 : 15C4;
    4859 : 1476;
    4860 : 132D;
    4861 : 11DF;
    4862 : 109A;
    4863 : 0F53;
    4864 : 0E0A;
    4865 : 0CC8;
    4866 : 0B7D;
    4867 : 0A45;
    4868 : 08E9;
    4869 : 0787;
    4870 : 0606;
    4871 : 0469;
    4872 : 02BC;
    4873 : 00FF;
    4874 : FF43;
    4875 : FD6A;
    4876 : FB8A;
    4877 : F9A1;
    4878 : F7B7;
    4879 : F5D9;
    4880 : F40C;
    4881 : F25E;
    4882 : F0C1;
    4883 : EF25;
    4884 : ED8E;
    4885 : EBEB;
    4886 : EA43;
    4887 : E8B2;
    4888 : E733;
    4889 : E5C7;
    4890 : E483;
    4891 : E372;
    4892 : E2A5;
    4893 : E213;
    4894 : E1C4;
    4895 : E1B1;
    4896 : E1C7;
    4897 : E20C;
    4898 : E27B;
    4899 : E303;
    4900 : E391;
    4901 : E437;
    4902 : E4E1;
    4903 : E59F;
    4904 : E66C;
    4905 : E74B;
    4906 : E843;
    4907 : E93A;
    4908 : EA54;
    4909 : EB74;
    4910 : ECBB;
    4911 : EE15;
    4912 : EF9B;
    4913 : F12F;
    4914 : F2BC;
    4915 : F43E;
    4916 : F5B1;
    4917 : F70A;
    4918 : F85C;
    4919 : F9AE;
    4920 : FB05;
    4921 : FC71;
    4922 : FDF1;
    4923 : FF94;
    4924 : 0152;
    4925 : 0323;
    4926 : 050F;
    4927 : 06F9;
    4928 : 08E3;
    4929 : 0AB8;
    4930 : 0C82;
    4931 : 0E31;
    4932 : 0FCE;
    4933 : 1142;
    4934 : 129E;
    4935 : 13D4;
    4936 : 14F4;
    4937 : 15F5;
    4938 : 16E8;
    4939 : 17CC;
    4940 : 18A9;
    4941 : 1981;
    4942 : 1A41;
    4943 : 1AEB;
    4944 : 1B58;
    4945 : 1B8C;
    4946 : 1B7C;
    4947 : 1B25;
    4948 : 1AA1;
    4949 : 19FD;
    4950 : 1941;
    4951 : 187C;
    4952 : 17B7;
    4953 : 16FC;
    4954 : 1644;
    4955 : 1595;
    4956 : 14DB;
    4957 : 140B;
    4958 : 130C;
    4959 : 11F2;
    4960 : 10BC;
    4961 : 0F72;
    4962 : 0E16;
    4963 : 0CB1;
    4964 : 0B4B;
    4965 : 09E5;
    4966 : 088C;
    4967 : 073E;
    4968 : 0600;
    4969 : 04C7;
    4970 : 038F;
    4971 : 024B;
    4972 : 00E6;
    4973 : FF7A;
    4974 : FE01;
    4975 : FC80;
    4976 : FAF8;
    4977 : F96D;
    4978 : F7D4;
    4979 : F646;
    4980 : F4BB;
    4981 : F355;
    4982 : F202;
    4983 : F0D4;
    4984 : EFCD;
    4985 : EEE2;
    4986 : EE15;
    4987 : ED56;
    4988 : ECA5;
    4989 : EBF5;
    4990 : EB3E;
    4991 : EA8E;
    4992 : E9DF;
    4993 : E933;
    4994 : E8A6;
    4995 : E843;
    4996 : E80D;
    4997 : E805;
    4998 : E833;
    4999 : E89D;
    5000 : E918;
    5001 : E9B0;
    5002 : EA4E;
    5003 : EAFA;
    5004 : EBAD;
    5005 : EC69;
    5006 : ED23;
    5007 : EDD4;
    5008 : EE90;
    5009 : EF54;
    5010 : F035;
    5011 : F137;
    5012 : F269;
    5013 : F3C6;
    5014 : F541;
    5015 : F6C9;
    5016 : F85A;
    5017 : F9E4;
    5018 : FB68;
    5019 : FCE3;
    5020 : FE3F;
    5021 : FF7D;
    5022 : 009F;
    5023 : 01A6;
    5024 : 02B0;
    5025 : 03B8;
    5026 : 04E6;
    5027 : 0620;
    5028 : 0779;
    5029 : 08D6;
    5030 : 0A3B;
    5031 : 0B99;
    5032 : 0CE9;
    5033 : 0E37;
    5034 : 0F5C;
    5035 : 106D;
    5036 : 1147;
    5037 : 1201;
    5038 : 1291;
    5039 : 130B;
    5040 : 1363;
    5041 : 13BF;
    5042 : 1409;
    5043 : 1454;
    5044 : 147D;
    5045 : 1493;
    5046 : 148D;
    5047 : 147A;
    5048 : 145C;
    5049 : 1432;
    5050 : 1401;
    5051 : 1392;
    5052 : 12FE;
    5053 : 1220;
    5054 : 1115;
    5055 : 0FE9;
    5056 : 0EB2;
    5057 : 0D84;
    5058 : 0C5D;
    5059 : 0B47;
    5060 : 0A3D;
    5061 : 0939;
    5062 : 084E;
    5063 : 076E;
    5064 : 068A;
    5065 : 059D;
    5066 : 048A;
    5067 : 0360;
    5068 : 020D;
    5069 : 00AA;
    5070 : FF59;
    5071 : FE25;
    5072 : FD1C;
    5073 : FC3C;
    5074 : FB8B;
    5075 : FAE0;
    5076 : FA52;
    5077 : F9C5;
    5078 : F94E;
    5079 : F8CA;
    5080 : F840;
    5081 : F79F;
    5082 : F6D2;
    5083 : F5F3;
    5084 : F50A;
    5085 : F434;
    5086 : F37B;
    5087 : F2E2;
    5088 : F274;
    5089 : F222;
    5090 : F1FB;
    5091 : F1ED;
    5092 : F1F7;
    5093 : F200;
    5094 : F209;
    5095 : F1FF;
    5096 : F1DF;
    5097 : F1A8;
    5098 : F15D;
    5099 : F10F;
    5100 : F0C5;
    5101 : F0AF;
    5102 : F0D6;
    5103 : F13F;
    5104 : F1E4;
    5105 : F2B0;
    5106 : F387;
    5107 : F463;
    5108 : F539;
    5109 : F60C;
    5110 : F6CC;
    5111 : F770;
    5112 : F7F9;
    5113 : F872;
    5114 : F8E2;
    5115 : F955;
    5116 : F9E2;
    5117 : FA80;
    5118 : FB3D;
    5119 : FC02;
    5120 : FCE5;
    5121 : FDD0;
    5122 : FED6;
    5123 : FFE5;
    5124 : 0102;
    5125 : 0214;
    5126 : 0301;
    5127 : 03D2;
    5128 : 047C;
    5129 : 050D;
    5130 : 0574;
    5131 : 05D7;
    5132 : 062F;
    5133 : 069D;
    5134 : 0724;
    5135 : 07CC;
    5136 : 088F;
    5137 : 0966;
    5138 : 0A51;
    5139 : 0B35;
    5140 : 0C0B;
    5141 : 0CB4;
    5142 : 0D26;
    5143 : 0D48;
    5144 : 0D3A;
    5145 : 0CF4;
    5146 : 0C99;
    5147 : 0C28;
    5148 : 0BAE;
    5149 : 0B34;
    5150 : 0AA5;
    5151 : 0A1F;
    5152 : 099B;
    5153 : 0926;
    5154 : 08C2;
    5155 : 085F;
    5156 : 080D;
    5157 : 079E;
    5158 : 072D;
    5159 : 06A6;
    5160 : 060B;
    5161 : 055E;
    5162 : 04A4;
    5163 : 03E2;
    5164 : 0320;
    5165 : 026B;
    5166 : 01CE;
    5167 : 0152;
    5168 : 00F5;
    5169 : 00B0;
    5170 : 0083;
    5171 : 0052;
    5172 : 001B;
    5173 : FFD7;
    5174 : FF7F;
    5175 : FF15;
    5176 : FEA6;
    5177 : FE20;
    5178 : FDA1;
    5179 : FD1A;
    5180 : FCB7;
    5181 : FC5E;
    5182 : FC23;
    5183 : FBEA;
    5184 : FBBC;
    5185 : FB8A;
    5186 : FB52;
    5187 : FB08;
    5188 : FA9F;
    5189 : FA2C;
    5190 : F9A9;
    5191 : F94A;
    5192 : F8F4;
    5193 : F8D4;
    5194 : F8D1;
    5195 : F909;
    5196 : F964;
    5197 : F9E0;
    5198 : FA63;
    5199 : FAD9;
    5200 : FB3F;
    5201 : FB82;
    5202 : FBB5;
    5203 : FBCC;
    5204 : FBD7;
    5205 : FBDF;
    5206 : FBDE;
    5207 : FBFA;
    5208 : FC28;
    5209 : FC98;
    5210 : FD3B;
    5211 : FE24;
    5212 : FF32;
    5213 : 004C;
    5214 : 0148;
    5215 : 020E;
    5216 : 0290;
    5217 : 02DB;
    5218 : 02EB;
    5219 : 02DC;
    5220 : 02B8;
    5221 : 0289;
    5222 : 026E;
    5223 : 0272;
    5224 : 029D;
    5225 : 02F5;
    5226 : 036D;
    5227 : 0403;
    5228 : 04A9;
    5229 : 053A;
    5230 : 05A9;
    5231 : 05E7;
    5232 : 05EE;
    5233 : 05CD;
    5234 : 057F;
    5235 : 0520;
    5236 : 04B1;
    5237 : 0444;
    5238 : 03E1;
    5239 : 0388;
    5240 : 033E;
    5241 : 0317;
    5242 : 0309;
    5243 : 0303;
    5244 : 02E8;
    5245 : 02A1;
    5246 : 022B;
    5247 : 019A;
    5248 : 00F7;
    5249 : 004C;
    5250 : FF91;
    5251 : FECB;
    5252 : FE0D;
    5253 : FD41;
    5254 : FC97;
    5255 : FBEE;
    5256 : FB7D;
    5257 : FB1A;
    5258 : FAE3;
    5259 : FAAE;
    5260 : FA79;
    5261 : FA30;
    5262 : F9D6;
    5263 : F969;
    5264 : F8E5;
    5265 : F859;
    5266 : F7E9;
    5267 : F796;
    5268 : F77C;
    5269 : F780;
    5270 : F7BC;
    5271 : F80B;
    5272 : F878;
    5273 : F8E7;
    5274 : F944;
    5275 : F96B;
    5276 : F962;
    5277 : F933;
    5278 : F8EA;
    5279 : F8A6;
    5280 : F867;
    5281 : F854;
    5282 : F868;
    5283 : F8BF;
    5284 : F945;
    5285 : FA04;
    5286 : FACF;
    5287 : FBB1;
    5288 : FC87;
    5289 : FD4A;
    5290 : FDF7;
    5291 : FE88;
    5292 : FF05;
    5293 : FF78;
    5294 : FFDD;
    5295 : 0057;
    5296 : 00D3;
    5297 : 0179;
    5298 : 0247;
    5299 : 034E;
    5300 : 0486;
    5301 : 05DF;
    5302 : 075A;
    5303 : 08C7;
    5304 : 0A16;
    5305 : 0B35;
    5306 : 0C08;
    5307 : 0CB0;
    5308 : 0D12;
    5309 : 0D65;
    5310 : 0D7B;
    5311 : 0D8D;
    5312 : 0D91;
    5313 : 0DC2;
    5314 : 0E20;
    5315 : 0EAB;
    5316 : 0F46;
    5317 : 0FD8;
    5318 : 103A;
    5319 : 1076;
    5320 : 1079;
    5321 : 104F;
    5322 : 0FFE;
    5323 : 0F76;
    5324 : 0EDF;
    5325 : 0E1D;
    5326 : 0D4F;
    5327 : 0C6E;
    5328 : 0B96;
    5329 : 0AD6;
    5330 : 0A2B;
    5331 : 0997;
    5332 : 0914;
    5333 : 089B;
    5334 : 0827;
    5335 : 079E;
    5336 : 06F4;
    5337 : 061D;
    5338 : 0508;
    5339 : 03D5;
    5340 : 0267;
    5341 : 00EC;
    5342 : FF4E;
    5343 : FDD3;
    5344 : FC87;
    5345 : FB7B;
    5346 : FAA1;
    5347 : F9DA;
    5348 : F8FF;
    5349 : F810;
    5350 : F6FA;
    5351 : F5CA;
    5352 : F476;
    5353 : F317;
    5354 : F1A2;
    5355 : F045;
    5356 : EEF6;
    5357 : EDD0;
    5358 : ECCC;
    5359 : EBFB;
    5360 : EB5A;
    5361 : EAF7;
    5362 : EABA;
    5363 : EAB4;
    5364 : EAC6;
    5365 : EAF7;
    5366 : EB32;
    5367 : EB68;
    5368 : EB92;
    5369 : EBAA;
    5370 : EBB3;
    5371 : EBB7;
    5372 : EBC4;
    5373 : EBF0;
    5374 : EC43;
    5375 : ECCE;
    5376 : ED93;
    5377 : EE88;
    5378 : EF95;
    5379 : F0A4;
    5380 : F1C0;
    5381 : F2D2;
    5382 : F3DA;
    5383 : F4D3;
    5384 : F5AE;
    5385 : F678;
    5386 : F742;
    5387 : F81F;
    5388 : F92E;
    5389 : FA60;
    5390 : FBC8;
    5391 : FD66;
    5392 : FF24;
    5393 : 00EF;
    5394 : 02AA;
    5395 : 0447;
    5396 : 05BA;
    5397 : 0713;
    5398 : 0850;
    5399 : 098D;
    5400 : 0ABA;
    5401 : 0C04;
    5402 : 0D56;
    5403 : 0EC5;
    5404 : 102D;
    5405 : 1193;
    5406 : 12EB;
    5407 : 142D;
    5408 : 154D;
    5409 : 164C;
    5410 : 1729;
    5411 : 17FA;
    5412 : 18C1;
    5413 : 1980;
    5414 : 1A1D;
    5415 : 1A9B;
    5416 : 1AF9;
    5417 : 1B34;
    5418 : 1B5D;
    5419 : 1B66;
    5420 : 1B63;
    5421 : 1B4E;
    5422 : 1B32;
    5423 : 1AFE;
    5424 : 1AB2;
    5425 : 1A1F;
    5426 : 195D;
    5427 : 185F;
    5428 : 1740;
    5429 : 15F8;
    5430 : 1492;
    5431 : 131F;
    5432 : 11A4;
    5433 : 1037;
    5434 : 0ED5;
    5435 : 0D88;
    5436 : 0C43;
    5437 : 0AFE;
    5438 : 09A4;
    5439 : 0832;
    5440 : 0691;
    5441 : 04C8;
    5442 : 02E0;
    5443 : 00D7;
    5444 : FEC3;
    5445 : FCAB;
    5446 : FAB0;
    5447 : F8D7;
    5448 : F736;
    5449 : F5BF;
    5450 : F467;
    5451 : F326;
    5452 : F1E1;
    5453 : F0A1;
    5454 : EF46;
    5455 : EDD5;
    5456 : EC34;
    5457 : EA7E;
    5458 : E8A7;
    5459 : E6E8;
    5460 : E549;
    5461 : E3E0;
    5462 : E2C1;
    5463 : E1EC;
    5464 : E15E;
    5465 : E10F;
    5466 : E0EF;
    5467 : E0F9;
    5468 : E117;
    5469 : E13E;
    5470 : E176;
    5471 : E1A9;
    5472 : E1D4;
    5473 : E206;
    5474 : E242;
    5475 : E2A2;
    5476 : E339;
    5477 : E41A;
    5478 : E546;
    5479 : E6C0;
    5480 : E863;
    5481 : EA2D;
    5482 : EC04;
    5483 : EDE1;
    5484 : EFBF;
    5485 : F17F;
    5486 : F31D;
    5487 : F49E;
    5488 : F604;
    5489 : F75B;
    5490 : F8A7;
    5491 : F9FD;
    5492 : FB65;
    5493 : FCF6;
    5494 : FE9E;
    5495 : 0067;
    5496 : 022C;
    5497 : 03FE;
    5498 : 05D6;
    5499 : 07B0;
    5500 : 0981;
    5501 : 0B3A;
    5502 : 0CD9;
    5503 : 0E5B;
    5504 : 0FBC;
    5505 : 1112;
    5506 : 1252;
    5507 : 13AB;
    5508 : 150E;
    5509 : 168B;
    5510 : 1809;
    5511 : 1978;
    5512 : 1ACD;
    5513 : 1C04;
    5514 : 1D14;
    5515 : 1DF7;
    5516 : 1EA4;
    5517 : 1F1F;
    5518 : 1F66;
    5519 : 1F93;
    5520 : 1F93;
    5521 : 1F80;
    5522 : 1F43;
    5523 : 1EEF;
    5524 : 1E76;
    5525 : 1DE9;
    5526 : 1D35;
    5527 : 1C5E;
    5528 : 1B50;
    5529 : 1A11;
    5530 : 18BB;
    5531 : 173E;
    5532 : 15D6;
    5533 : 1453;
    5534 : 12E0;
    5535 : 1166;
    5536 : 0FEF;
    5537 : 0E87;
    5538 : 0D22;
    5539 : 0BC7;
    5540 : 0A6A;
    5541 : 0901;
    5542 : 0784;
    5543 : 05F0;
    5544 : 044B;
    5545 : 0299;
    5546 : 00CF;
    5547 : FEFD;
    5548 : FD0B;
    5549 : FB1F;
    5550 : F925;
    5551 : F744;
    5552 : F56C;
    5553 : F3AE;
    5554 : F20F;
    5555 : F086;
    5556 : EF19;
    5557 : EDB7;
    5558 : EC50;
    5559 : EAD8;
    5560 : E943;
    5561 : E799;
    5562 : E5E9;
    5563 : E457;
    5564 : E2EA;
    5565 : E1BD;
    5566 : E0D7;
    5567 : E042;
    5568 : E003;
    5569 : E020;
    5570 : E07C;
    5571 : E108;
    5572 : E1AA;
    5573 : E262;
    5574 : E32C;
    5575 : E406;
    5576 : E4E6;
    5577 : E5D9;
    5578 : E6CF;
    5579 : E7D2;
    5580 : E8DC;
    5581 : E9FF;
    5582 : EB2D;
    5583 : EC72;
    5584 : EDC4;
    5585 : EF2B;
    5586 : F0AD;
    5587 : F247;
    5588 : F414;
    5589 : F5EC;
    5590 : F7CE;
    5591 : F991;
    5592 : FB39;
    5593 : FCAB;
    5594 : FE03;
    5595 : FF3A;
    5596 : 0066;
    5597 : 019C;
    5598 : 02EA;
    5599 : 0460;
    5600 : 05ED;
    5601 : 079C;
    5602 : 095B;
    5603 : 0B28;
    5604 : 0CEE;
    5605 : 0E99;
    5606 : 1019;
    5607 : 1170;
    5608 : 12AE;
    5609 : 13C6;
    5610 : 14C5;
    5611 : 1593;
    5612 : 163E;
    5613 : 16CE;
    5614 : 1748;
    5615 : 17AE;
    5616 : 17F9;
    5617 : 183E;
    5618 : 1861;
    5619 : 188A;
    5620 : 1898;
    5621 : 188D;
    5622 : 1855;
    5623 : 17DF;
    5624 : 173A;
    5625 : 1661;
    5626 : 1565;
    5627 : 144B;
    5628 : 132E;
    5629 : 1211;
    5630 : 110D;
    5631 : 1019;
    5632 : 0F42;
    5633 : 0E6E;
    5634 : 0D9B;
    5635 : 0CB1;
    5636 : 0BBD;
    5637 : 0AAC;
    5638 : 097C;
    5639 : 083D;
    5640 : 06E4;
    5641 : 059C;
    5642 : 044A;
    5643 : 030D;
    5644 : 01CC;
    5645 : 00A9;
    5646 : FF8D;
    5647 : FE8E;
    5648 : FD87;
    5649 : FC86;
    5650 : FB73;
    5651 : FA68;
    5652 : F952;
    5653 : F82E;
    5654 : F6FA;
    5655 : F5AF;
    5656 : F461;
    5657 : F318;
    5658 : F1E6;
    5659 : F0E3;
    5660 : F00B;
    5661 : EF6B;
    5662 : EEF3;
    5663 : EEA7;
    5664 : EE7E;
    5665 : EE63;
    5666 : EE4F;
    5667 : EE34;
    5668 : EDFF;
    5669 : EDC7;
    5670 : ED89;
    5671 : ED5F;
    5672 : ED4F;
    5673 : ED59;
    5674 : ED95;
    5675 : EDF7;
    5676 : EE8E;
    5677 : EF37;
    5678 : F00A;
    5679 : F0E4;
    5680 : F1D2;
    5681 : F2B9;
    5682 : F38A;
    5683 : F448;
    5684 : F4FD;
    5685 : F5AE;
    5686 : F666;
    5687 : F731;
    5688 : F80A;
    5689 : F900;
    5690 : FA02;
    5691 : FB14;
    5692 : FC23;
    5693 : FD26;
    5694 : FE20;
    5695 : FF1B;
    5696 : 001B;
    5697 : 0121;
    5698 : 0222;
    5699 : 032A;
    5700 : 041F;
    5701 : 0515;
    5702 : 0601;
    5703 : 06EC;
    5704 : 07C3;
    5705 : 0885;
    5706 : 0926;
    5707 : 09B2;
    5708 : 0A28;
    5709 : 0A96;
    5710 : 0B06;
    5711 : 0B63;
    5712 : 0BBB;
    5713 : 0BF6;
    5714 : 0C23;
    5715 : 0C43;
    5716 : 0C5B;
    5717 : 0C7D;
    5718 : 0CAA;
    5719 : 0CD1;
    5720 : 0CEA;
    5721 : 0CED;
    5722 : 0CC8;
    5723 : 0C8A;
    5724 : 0C15;
    5725 : 0B8B;
    5726 : 0AE1;
    5727 : 0A33;
    5728 : 0980;
    5729 : 08DD;
    5730 : 0850;
    5731 : 07DB;
    5732 : 078B;
    5733 : 0743;
    5734 : 06FF;
    5735 : 06A4;
    5736 : 0634;
    5737 : 05AC;
    5738 : 04F8;
    5739 : 0420;
    5740 : 031B;
    5741 : 0213;
    5742 : 0112;
    5743 : 0024;
    5744 : FF42;
    5745 : FE77;
    5746 : FDBB;
    5747 : FD33;
    5748 : FCB5;
    5749 : FC5C;
    5750 : FC04;
    5751 : FBB0;
    5752 : FB64;
    5753 : FB14;
    5754 : FABB;
    5755 : FA5B;
    5756 : F9F8;
    5757 : F9A2;
    5758 : F94C;
    5759 : F903;
    5760 : F8BB;
    5761 : F88A;
    5762 : F873;
    5763 : F878;
    5764 : F88B;
    5765 : F8B0;
    5766 : F8D2;
    5767 : F90A;
    5768 : F944;
    5769 : F981;
    5770 : F9A7;
    5771 : F9C8;
    5772 : F9D8;
    5773 : F9FC;
    5774 : FA21;
    5775 : FA60;
    5776 : FAA9;
    5777 : FAF5;
    5778 : FB53;
    5779 : FBA8;
    5780 : FC15;
    5781 : FC6F;
    5782 : FCD3;
    5783 : FD2D;
    5784 : FD88;
    5785 : FDE5;
    5786 : FE3A;
    5787 : FE9B;
    5788 : FEFB;
    5789 : FF73;
    5790 : FFE2;
    5791 : 0058;
    5792 : 00B7;
    5793 : 011F;
    5794 : 0178;
    5795 : 01DD;
    5796 : 023C;
    5797 : 029F;
    5798 : 02F2;
    5799 : 034E;
    5800 : 03A5;
    5801 : 03F6;
    5802 : 043D;
    5803 : 047F;
    5804 : 04B0;
    5805 : 04E8;
    5806 : 0511;
    5807 : 0539;
    5808 : 0549;
    5809 : 054E;
    5810 : 0533;
    5811 : 0509;
    5812 : 04C9;
    5813 : 047F;
    5814 : 0431;
    5815 : 03EA;
    5816 : 03A8;
    5817 : 0378;
    5818 : 0345;
    5819 : 0314;
    5820 : 02DA;
    5821 : 029B;
    5822 : 0259;
    5823 : 0207;
    5824 : 019F;
    5825 : 011B;
    5826 : 0087;
    5827 : FFEB;
    5828 : FF54;
    5829 : FEC6;
    5830 : FE2D;
    5831 : FDA6;
    5832 : FD1B;
    5833 : FCAD;
    5834 : FC45;
    5835 : FBFE;
    5836 : FBBF;
    5837 : FB9B;
    5838 : FB6D;
    5839 : FB4D;
    5840 : FB15;
    5841 : FADF;
    5842 : FA98;
    5843 : FA43;
    5844 : F9E9;
    5845 : F977;
    5846 : F90F;
    5847 : F8A5;
    5848 : F85B;
    5849 : F826;
    5850 : F811;
    5851 : F820;
    5852 : F84F;
    5853 : F8A0;
    5854 : F8FB;
    5855 : F969;
    5856 : F9D1;
    5857 : FA42;
    5858 : FA9B;
    5859 : FAF2;
    5860 : FB37;
    5861 : FB77;
    5862 : FBC2;
    5863 : FC23;
    5864 : FC88;
    5865 : FD03;
    5866 : FD8A;
    5867 : FE2C;
    5868 : FEF5;
    5869 : FFE5;
    5870 : 00EE;
    5871 : 0201;
    5872 : 0318;
    5873 : 041E;
    5874 : 051D;
    5875 : 05ED;
    5876 : 0696;
    5877 : 070C;
    5878 : 075F;
    5879 : 079A;
    5880 : 07D8;
    5881 : 0820;
    5882 : 089A;
    5883 : 0939;
    5884 : 0A0A;
    5885 : 0AF8;
    5886 : 0BDB;
    5887 : 0CBB;
    5888 : 0D67;
    5889 : 0DE8;
    5890 : 0E19;
    5891 : 0E0D;
    5892 : 0DB1;
    5893 : 0D3B;
    5894 : 0CAE;
    5895 : 0C36;
    5896 : 0BCE;
    5897 : 0B7F;
    5898 : 0B4D;
    5899 : 0B3E;
    5900 : 0B45;
    5901 : 0B5B;
    5902 : 0B68;
    5903 : 0B5A;
    5904 : 0B2A;
    5905 : 0ACE;
    5906 : 0A40;
    5907 : 098A;
    5908 : 089E;
    5909 : 0791;
    5910 : 066A;
    5911 : 053B;
    5912 : 0428;
    5913 : 0319;
    5914 : 0238;
    5915 : 016A;
    5916 : 00BB;
    5917 : 000E;
    5918 : FF5D;
    5919 : FE99;
    5920 : FDB1;
    5921 : FC9C;
    5922 : FB47;
    5923 : F9C3;
    5924 : F80F;
    5925 : F660;
    5926 : F4BB;
    5927 : F34D;
    5928 : F205;
    5929 : F105;
    5930 : F030;
    5931 : EFA5;
    5932 : EF38;
    5933 : EEE4;
    5934 : EE88;
    5935 : EE0F;
    5936 : ED88;
    5937 : ECE6;
    5938 : EC51;
    5939 : EBB9;
    5940 : EB43;
    5941 : EAE2;
    5942 : EAC0;
    5943 : EAC8;
    5944 : EB0C;
    5945 : EB76;
    5946 : EC06;
    5947 : ECB8;
    5948 : ED74;
    5949 : EE42;
    5950 : EF0C;
    5951 : EFD9;
    5952 : F09F;
    5953 : F162;
    5954 : F225;
    5955 : F2E7;
    5956 : F3BB;
    5957 : F49E;
    5958 : F5A8;
    5959 : F6CF;
    5960 : F817;
    5961 : F987;
    5962 : FB09;
    5963 : FCA6;
    5964 : FE48;
    5965 : FFE4;
    5966 : 0179;
    5967 : 0300;
    5968 : 0489;
    5969 : 060D;
    5970 : 0793;
    5971 : 091B;
    5972 : 0A9C;
    5973 : 0C25;
    5974 : 0DBD;
    5975 : 0F54;
    5976 : 10E5;
    5977 : 1268;
    5978 : 13C4;
    5979 : 14F6;
    5980 : 1601;
    5981 : 16DB;
    5982 : 1792;
    5983 : 1818;
    5984 : 1889;
    5985 : 18DB;
    5986 : 1928;
    5987 : 195C;
    5988 : 198B;
    5989 : 1992;
    5990 : 1983;
    5991 : 1952;
    5992 : 18FB;
    5993 : 1897;
    5994 : 180A;
    5995 : 1769;
    5996 : 169D;
    5997 : 15CE;
    5998 : 14F8;
    5999 : 1426;
    6000 : 1350;
    6001 : 1267;
    6002 : 1171;
    6003 : 1059;
    6004 : 0F30;
    6005 : 0DF3;
    6006 : 0CAE;
    6007 : 0B4F;
    6008 : 09EF;
    6009 : 0874;
    6010 : 06F5;
    6011 : 056D;
    6012 : 03E0;
    6013 : 025E;
    6014 : 00D9;
    6015 : FF5D;
    6016 : FDD6;
    6017 : FC51;
    6018 : FAB2;
    6019 : F90A;
    6020 : F76A;
    6021 : F5C8;
    6022 : F439;
    6023 : F2B0;
    6024 : F128;
    6025 : EFAC;
    6026 : EE36;
    6027 : ECD3;
    6028 : EB84;
    6029 : EA4D;
    6030 : E943;
    6031 : E858;
    6032 : E78C;
    6033 : E6E7;
    6034 : E650;
    6035 : E5E9;
    6036 : E595;
    6037 : E56E;
    6038 : E539;
    6039 : E515;
    6040 : E4EE;
    6041 : E4E4;
    6042 : E505;
    6043 : E54B;
    6044 : E5CB;
    6045 : E668;
    6046 : E73D;
    6047 : E826;
    6048 : E934;
    6049 : EA51;
    6050 : EB71;
    6051 : EC87;
    6052 : ED8F;
    6053 : EE9E;
    6054 : EFB1;
    6055 : F0D2;
    6056 : F20B;
    6057 : F356;
    6058 : F4BF;
    6059 : F63F;
    6060 : F7DB;
    6061 : F984;
    6062 : FB33;
    6063 : FCEE;
    6064 : FE9F;
    6065 : 0057;
    6066 : 01FC;
    6067 : 03A6;
    6068 : 0549;
    6069 : 06EC;
    6070 : 087E;
    6071 : 0A03;
    6072 : 0B72;
    6073 : 0CE6;
    6074 : 0E45;
    6075 : 0FB0;
    6076 : 1115;
    6077 : 1281;
    6078 : 13E3;
    6079 : 153E;
    6080 : 167A;
    6081 : 17A1;
    6082 : 1891;
    6083 : 195D;
    6084 : 1A01;
    6085 : 1A66;
    6086 : 1AA5;
    6087 : 1AB6;
    6088 : 1AB1;
    6089 : 1A93;
    6090 : 1A61;
    6091 : 1A24;
    6092 : 19E7;
    6093 : 199F;
    6094 : 1947;
    6095 : 18D7;
    6096 : 184D;
    6097 : 17A6;
    6098 : 16EF;
    6099 : 1618;
    6100 : 1525;
    6101 : 141A;
    6102 : 12F3;
    6103 : 11B8;
    6104 : 1077;
    6105 : 0F20;
    6106 : 0DC3;
    6107 : 0C64;
    6108 : 0B01;
    6109 : 09A5;
    6110 : 0845;
    6111 : 06E2;
    6112 : 058F;
    6113 : 0437;
    6114 : 02F6;
    6115 : 01AA;
    6116 : 005E;
    6117 : FEFA;
    6118 : FD99;
    6119 : FC2D;
    6120 : FAC6;
    6121 : F957;
    6122 : F7E8;
    6123 : F682;
    6124 : F51C;
    6125 : F3CC;
    6126 : F278;
    6127 : F145;
    6128 : F022;
    6129 : EF1C;
    6130 : EE21;
    6131 : ED31;
    6132 : EC4C;
    6133 : EB72;
    6134 : EAAF;
    6135 : E9FB;
    6136 : E951;
    6137 : E8B8;
    6138 : E83A;
    6139 : E7D3;
    6140 : E786;
    6141 : E746;
    6142 : E719;
    6143 : E710;
    6144 : E722;
    6145 : E75C;
    6146 : E7AF;
    6147 : E824;
    6148 : E8C9;
    6149 : E989;
    6150 : EA71;
    6151 : EB67;
    6152 : EC7B;
    6153 : ED9B;
    6154 : EEC8;
    6155 : EFF1;
    6156 : F11C;
    6157 : F23A;
    6158 : F366;
    6159 : F48F;
    6160 : F5C4;
    6161 : F6F2;
    6162 : F82A;
    6163 : F969;
    6164 : FAC1;
    6165 : FC1E;
    6166 : FD89;
    6167 : FEF1;
    6168 : 0061;
    6169 : 01C3;
    6170 : 0327;
    6171 : 047D;
    6172 : 05C7;
    6173 : 06FE;
    6174 : 0826;
    6175 : 0940;
    6176 : 0A3C;
    6177 : 0B2A;
    6178 : 0C03;
    6179 : 0CCE;
    6180 : 0D9A;
    6181 : 0E65;
    6182 : 0F30;
    6183 : 100F;
    6184 : 10E9;
    6185 : 11C8;
    6186 : 1288;
    6187 : 1326;
    6188 : 1396;
    6189 : 13D1;
    6190 : 13EE;
    6191 : 13DC;
    6192 : 13B7;
    6193 : 137F;
    6194 : 134D;
    6195 : 132E;
    6196 : 131B;
    6197 : 1306;
    6198 : 1300;
    6199 : 12E0;
    6200 : 12B1;
    6201 : 1251;
    6202 : 11CB;
    6203 : 1121;
    6204 : 1068;
    6205 : 0F8C;
    6206 : 0EA7;
    6207 : 0DB4;
    6208 : 0CC5;
    6209 : 0BE9;
    6210 : 0B16;
    6211 : 0A4A;
    6212 : 0978;
    6213 : 089E;
    6214 : 07C8;
    6215 : 06D9;
    6216 : 05CD;
    6217 : 0493;
    6218 : 0339;
    6219 : 01D1;
    6220 : 0060;
    6221 : FEFA;
    6222 : FDA4;
    6223 : FC75;
    6224 : FB73;
    6225 : FAA0;
    6226 : F9E5;
    6227 : F940;
    6228 : F898;
    6229 : F7EA;
    6230 : F739;
    6231 : F670;
    6232 : F594;
    6233 : F4AB;
    6234 : F3C3;
    6235 : F2F5;
    6236 : F234;
    6237 : F19D;
    6238 : F127;
    6239 : F0E7;
    6240 : F0CD;
    6241 : F0DA;
    6242 : F0F2;
    6243 : F114;
    6244 : F137;
    6245 : F153;
    6246 : F15F;
    6247 : F158;
    6248 : F137;
    6249 : F122;
    6250 : F10E;
    6251 : F11D;
    6252 : F13B;
    6253 : F17D;
    6254 : F1DC;
    6255 : F263;
    6256 : F308;
    6257 : F3B9;
    6258 : F484;
    6259 : F565;
    6260 : F656;
    6261 : F753;
    6262 : F841;
    6263 : F923;
    6264 : F9F0;
    6265 : FAA5;
    6266 : FB52;
    6267 : FBE9;
    6268 : FC84;
    6269 : FD1E;
    6270 : FDD1;
    6271 : FE89;
    6272 : FF5D;
    6273 : 002B;
    6274 : 0110;
    6275 : 01EF;
    6276 : 02CD;
    6277 : 0395;
    6278 : 044A;
    6279 : 04E5;
    6280 : 0563;
    6281 : 05D5;
    6282 : 0633;
    6283 : 067F;
    6284 : 06C6;
    6285 : 06FE;
    6286 : 0747;
    6287 : 0793;
    6288 : 07EA;
    6289 : 084D;
    6290 : 08B8;
    6291 : 0933;
    6292 : 09B0;
    6293 : 0A39;
    6294 : 0AB5;
    6295 : 0B23;
    6296 : 0B85;
    6297 : 0BCF;
    6298 : 0C0C;
    6299 : 0C22;
    6300 : 0C1D;
    6301 : 0BFA;
    6302 : 0BC0;
    6303 : 0B72;
    6304 : 0B1E;
    6305 : 0ACB;
    6306 : 0A82;
    6307 : 0A30;
    6308 : 09DE;
    6309 : 0983;
    6310 : 0927;
    6311 : 08C5;
    6312 : 084F;
    6313 : 07B7;
    6314 : 0700;
    6315 : 0634;
    6316 : 0549;
    6317 : 0449;
    6318 : 0339;
    6319 : 0219;
    6320 : 010F;
    6321 : 001C;
    6322 : FF45;
    6323 : FE91;
    6324 : FDF3;
    6325 : FD7D;
    6326 : FD13;
    6327 : FCC3;
    6328 : FC6F;
    6329 : FC23;
    6330 : FBC8;
    6331 : FB71;
    6332 : FB05;
    6333 : FA94;
    6334 : FA24;
    6335 : F9BE;
    6336 : F961;
    6337 : F90B;
    6338 : F8B9;
    6339 : F868;
    6340 : F82C;
    6341 : F7F8;
    6342 : F7E0;
    6343 : F7CB;
    6344 : F7CF;
    6345 : F7D1;
    6346 : F7E2;
    6347 : F7EB;
    6348 : F7EB;
    6349 : F7EF;
    6350 : F7E8;
    6351 : F7EE;
    6352 : F7FE;
    6353 : F81F;
    6354 : F854;
    6355 : F8A5;
    6356 : F91A;
    6357 : F9B0;
    6358 : FA53;
    6359 : FAF7;
    6360 : FB90;
    6361 : FC31;
    6362 : FCB5;
    6363 : FD3F;
    6364 : FDBB;
    6365 : FE41;
    6366 : FECB;
    6367 : FF5F;
    6368 : FFE6;
    6369 : 006B;
    6370 : 00E7;
    6371 : 0170;
    6372 : 01FD;
    6373 : 0286;
    6374 : 02ED;
    6375 : 0349;
    6376 : 037F;
    6377 : 03B2;
    6378 : 03B5;
    6379 : 03AD;
    6380 : 038B;
    6381 : 0377;
    6382 : 0374;
    6383 : 038B;
    6384 : 03BE;
    6385 : 040C;
    6386 : 0470;
    6387 : 04E1;
    6388 : 0556;
    6389 : 05B5;
    6390 : 05FD;
    6391 : 0620;
    6392 : 0622;
    6393 : 0614;
    6394 : 05F0;
    6395 : 05CB;
    6396 : 05A5;
    6397 : 058A;
    6398 : 0570;
    6399 : 0572;
    6400 : 0576;
    6401 : 0590;
    6402 : 05A5;
    6403 : 05B2;
    6404 : 05B5;
    6405 : 0595;
    6406 : 055D;
    6407 : 0508;
    6408 : 049B;
    6409 : 041A;
    6410 : 0377;
    6411 : 02C9;
    6412 : 0210;
    6413 : 0172;
    6414 : 00D7;
    6415 : 0057;
    6416 : FFD5;
    6417 : FF60;
    6418 : FEEC;
    6419 : FE83;
    6420 : FE0C;
    6421 : FD99;
    6422 : FD0B;
    6423 : FC83;
    6424 : FBF2;
    6425 : FB64;
    6426 : FAD7;
    6427 : FA57;
    6428 : F9DA;
    6429 : F961;
    6430 : F8EE;
    6431 : F884;
    6432 : F836;
    6433 : F7ED;
    6434 : F7C2;
    6435 : F79C;
    6436 : F789;
    6437 : F77D;
    6438 : F770;
    6439 : F75B;
    6440 : F74A;
    6441 : F731;
    6442 : F73A;
    6443 : F74F;
    6444 : F798;
    6445 : F7EF;
    6446 : F864;
    6447 : F8E7;
    6448 : F96D;
    6449 : F9FA;
    6450 : FA80;
    6451 : FB0F;
    6452 : FB9A;
    6453 : FC22;
    6454 : FCB3;
    6455 : FD51;
    6456 : FDFD;
    6457 : FEBB;
    6458 : FF78;
    6459 : 0045;
    6460 : 010D;
    6461 : 01EB;
    6462 : 02C4;
    6463 : 03A1;
    6464 : 0480;
    6465 : 0554;
    6466 : 0628;
    6467 : 06E2;
    6468 : 0795;
    6469 : 0833;
    6470 : 08B4;
    6471 : 0927;
    6472 : 0983;
    6473 : 09E3;
    6474 : 0A45;
    6475 : 0AA9;
    6476 : 0B06;
    6477 : 0B5A;
    6478 : 0BA3;
    6479 : 0BD4;
    6480 : 0BFA;
    6481 : 0BF8;
    6482 : 0BE1;
    6483 : 0BAC;
    6484 : 0B5F;
    6485 : 0AF3;
    6486 : 0A81;
    6487 : 0A0C;
    6488 : 0999;
    6489 : 092B;
    6490 : 08C8;
    6491 : 0857;
    6492 : 07EF;
    6493 : 0770;
    6494 : 06F8;
    6495 : 0666;
    6496 : 05D7;
    6497 : 0531;
    6498 : 0486;
    6499 : 03C5;
    6500 : 02EC;
    6501 : 0212;
    6502 : 0139;
    6503 : 0077;
    6504 : FFB5;
    6505 : FEFB;
    6506 : FE34;
    6507 : FD64;
    6508 : FCA1;
    6509 : FBE3;
    6510 : FB3E;
    6511 : FA9B;
    6512 : F9FE;
    6513 : F959;
    6514 : F8A9;
    6515 : F7F5;
    6516 : F730;
    6517 : F65A;
    6518 : F581;
    6519 : F49F;
    6520 : F3D2;
    6521 : F317;
    6522 : F27C;
    6523 : F209;
    6524 : F1BF;
    6525 : F1A1;
    6526 : F18D;
    6527 : F188;
    6528 : F181;
    6529 : F184;
    6530 : F190;
    6531 : F197;
    6532 : F1A3;
    6533 : F1BA;
    6534 : F1EA;
    6535 : F22C;
    6536 : F276;
    6537 : F2CE;
    6538 : F334;
    6539 : F3A7;
    6540 : F44A;
    6541 : F4FC;
    6542 : F5CA;
    6543 : F6A2;
    6544 : F77D;
    6545 : F86C;
    6546 : F955;
    6547 : FA4B;
    6548 : FB37;
    6549 : FC24;
    6550 : FD09;
    6551 : FDE7;
    6552 : FEC6;
    6553 : FF9B;
    6554 : 0084;
    6555 : 016A;
    6556 : 0278;
    6557 : 03A4;
    6558 : 04EB;
    6559 : 0647;
    6560 : 079F;
    6561 : 08ED;
    6562 : 0A23;
    6563 : 0B2F;
    6564 : 0C1C;
    6565 : 0CD1;
    6566 : 0D68;
    6567 : 0DDB;
    6568 : 0E36;
    6569 : 0E8B;
    6570 : 0EEA;
    6571 : 0F6E;
    6572 : 1001;
    6573 : 10AC;
    6574 : 1147;
    6575 : 11CE;
    6576 : 1240;
    6577 : 1288;
    6578 : 12AA;
    6579 : 12A9;
    6580 : 128C;
    6581 : 1256;
    6582 : 11FF;
    6583 : 1192;
    6584 : 1119;
    6585 : 108E;
    6586 : 100D;
    6587 : 0F7E;
    6588 : 0EDF;
    6589 : 0E32;
    6590 : 0D60;
    6591 : 0C81;
    6592 : 0B93;
    6593 : 0A9F;
    6594 : 09AA;
    6595 : 08B0;
    6596 : 07AB;
    6597 : 0695;
    6598 : 056D;
    6599 : 0439;
    6600 : 0302;
    6601 : 01CB;
    6602 : 0099;
    6603 : FF64;
    6604 : FE1D;
    6605 : FCDF;
    6606 : FB92;
    6607 : FA4B;
    6608 : F900;
    6609 : F7AD;
    6610 : F657;
    6611 : F505;
    6612 : F3B5;
    6613 : F27A;
    6614 : F152;
    6615 : F04F;
    6616 : EF67;
    6617 : EEA0;
    6618 : EDF4;
    6619 : ED55;
    6620 : ECC7;
    6621 : EC3E;
    6622 : EBC1;
    6623 : EB4C;
    6624 : EAE7;
    6625 : EA97;
    6626 : EA5F;
    6627 : EA4B;
    6628 : EA5B;
    6629 : EA8D;
    6630 : EAE4;
    6631 : EB5A;
    6632 : EBED;
    6633 : EC93;
    6634 : ED48;
    6635 : EE15;
    6636 : EEF3;
    6637 : EFE3;
    6638 : F0D3;
    6639 : F1B8;
    6640 : F29B;
    6641 : F37F;
    6642 : F467;
    6643 : F559;
    6644 : F65E;
    6645 : F76D;
    6646 : F898;
    6647 : F9CF;
    6648 : FB34;
    6649 : FCAA;
    6650 : FE35;
    6651 : FFBB;
    6652 : 0135;
    6653 : 02A9;
    6654 : 0404;
    6655 : 0560;
    6656 : 06A2;
    6657 : 07E4;
    6658 : 0911;
    6659 : 0A36;
    6660 : 0B55;
    6661 : 0C68;
    6662 : 0D81;
    6663 : 0E8F;
    6664 : 0FA7;
    6665 : 10BA;
    6666 : 11CC;
    6667 : 12CF;
    6668 : 13B8;
    6669 : 147B;
    6670 : 150F;
    6671 : 1582;
    6672 : 15BF;
    6673 : 15DE;
    6674 : 15DB;
    6675 : 15C6;
    6676 : 159B;
    6677 : 1573;
    6678 : 153D;
    6679 : 1500;
    6680 : 14B0;
    6681 : 1448;
    6682 : 13D2;
    6683 : 1351;
    6684 : 12C2;
    6685 : 1228;
    6686 : 1176;
    6687 : 10C1;
    6688 : 0FF7;
    6689 : 0F2C;
    6690 : 0E60;
    6691 : 0D83;
    6692 : 0CAB;
    6693 : 0BAB;
    6694 : 0AA3;
    6695 : 0970;
    6696 : 0839;
    6697 : 06EE;
    6698 : 05A4;
    6699 : 0457;
    6700 : 02FA;
    6701 : 01A1;
    6702 : 0049;
    6703 : FF03;
    6704 : FDC8;
    6705 : FC90;
    6706 : FB4B;
    6707 : F9F9;
    6708 : F89B;
    6709 : F741;
    6710 : F5EB;
    6711 : F4A2;
    6712 : F35B;
    6713 : F22D;
    6714 : F109;
    6715 : EFFD;
    6716 : EF07;
    6717 : EE1E;
    6718 : ED56;
    6719 : ECAA;
    6720 : EC26;
    6721 : EBBF;
    6722 : EB75;
    6723 : EB28;
    6724 : EAE1;
    6725 : EA87;
    6726 : EA3E;
    6727 : E9FC;
    6728 : E9D2;
    6729 : E9C0;
    6730 : E9C9;
    6731 : E9FC;
    6732 : EA45;
    6733 : EAC7;
    6734 : EB67;
    6735 : EC34;
    6736 : ED0B;
    6737 : EDEA;
    6738 : EEBF;
    6739 : EF97;
    6740 : F06B;
    6741 : F154;
    6742 : F23D;
    6743 : F332;
    6744 : F422;
    6745 : F51C;
    6746 : F62F;
    6747 : F74F;
    6748 : F893;
    6749 : F9DE;
    6750 : FB3F;
    6751 : FCA4;
    6752 : FE14;
    6753 : FF7C;
    6754 : 00D6;
    6755 : 021B;
    6756 : 0358;
    6757 : 047E;
    6758 : 05A8;
    6759 : 06CB;
    6760 : 07EC;
    6761 : 091B;
    6762 : 0A42;
    6763 : 0B82;
    6764 : 0CBC;
    6765 : 0DF4;
    6766 : 0F12;
    6767 : 100A;
    6768 : 10E6;
    6769 : 11A3;
    6770 : 1253;
    6771 : 12EF;
    6772 : 1389;
    6773 : 141F;
    6774 : 14A1;
    6775 : 1521;
    6776 : 157A;
    6777 : 15CB;
    6778 : 15F8;
    6779 : 160B;
    6780 : 1600;
    6781 : 15DF;
    6782 : 15A5;
    6783 : 1557;
    6784 : 14F9;
    6785 : 148D;
    6786 : 1426;
    6787 : 13AC;
    6788 : 1338;
    6789 : 12A0;
    6790 : 1203;
    6791 : 1142;
    6792 : 1070;
    6793 : 0F8B;
    6794 : 0E92;
    6795 : 0D92;
    6796 : 0C86;
    6797 : 0B79;
    6798 : 0A5B;
    6799 : 092C;
    6800 : 07E7;
    6801 : 0692;
    6802 : 052F;
    6803 : 03D3;
    6804 : 0268;
    6805 : 011E;
    6806 : FFCE;
    6807 : FEA7;
    6808 : FD84;
    6809 : FC6E;
    6810 : FB53;
    6811 : FA2A;
    6812 : F8F5;
    6813 : F7AD;
    6814 : F664;
    6815 : F51C;
    6816 : F3E8;
    6817 : F2CC;
    6818 : F1CA;
    6819 : F0D6;
    6820 : EFE2;
    6821 : EEED;
    6822 : EDEA;
    6823 : ED00;
    6824 : EC2A;
    6825 : EB91;
    6826 : EB10;
    6827 : EABD;
    6828 : EA7D;
    6829 : EA55;
    6830 : EA2E;
    6831 : EA13;
    6832 : E9FE;
    6833 : EA07;
    6834 : EA20;
    6835 : EA59;
    6836 : EAA6;
    6837 : EB0A;
    6838 : EB84;
    6839 : EC0F;
    6840 : ECA9;
    6841 : ED56;
    6842 : EE0C;
    6843 : EED6;
    6844 : EFAF;
    6845 : F0A3;
    6846 : F1AC;
    6847 : F2D4;
    6848 : F408;
    6849 : F549;
    6850 : F68E;
    6851 : F7C9;
    6852 : F902;
    6853 : FA33;
    6854 : FB67;
    6855 : FCA3;
    6856 : FDEB;
    6857 : FF37;
    6858 : 0078;
    6859 : 01B3;
    6860 : 02E7;
    6861 : 041B;
    6862 : 0569;
    6863 : 06AD;
    6864 : 07F8;
    6865 : 0923;
    6866 : 0A4D;
    6867 : 0B5C;
    6868 : 0C69;
    6869 : 0D6D;
    6870 : 0E64;
    6871 : 0F4B;
    6872 : 102D;
    6873 : 10EA;
    6874 : 1197;
    6875 : 122A;
    6876 : 12A6;
    6877 : 130A;
    6878 : 1354;
    6879 : 1387;
    6880 : 13A7;
    6881 : 13BC;
    6882 : 13C3;
    6883 : 13CC;
    6884 : 13C9;
    6885 : 13BF;
    6886 : 1397;
    6887 : 1352;
    6888 : 12E4;
    6889 : 1258;
    6890 : 11B3;
    6891 : 10FF;
    6892 : 1041;
    6893 : 0F73;
    6894 : 0E93;
    6895 : 0DA8;
    6896 : 0CAB;
    6897 : 0BB2;
    6898 : 0AB7;
    6899 : 09BF;
    6900 : 08CB;
    6901 : 07DB;
    6902 : 06FD;
    6903 : 0632;
    6904 : 056C;
    6905 : 04B1;
    6906 : 03DA;
    6907 : 02EE;
    6908 : 01E2;
    6909 : 00B3;
    6910 : FF6D;
    6911 : FE19;
    6912 : FCBC;
    6913 : FB74;
    6914 : FA25;
    6915 : F8F9;
    6916 : F7C3;
    6917 : F6AB;
    6918 : F59A;
    6919 : F4A9;
    6920 : F3D1;
    6921 : F316;
    6922 : F274;
    6923 : F1EA;
    6924 : F15A;
    6925 : F0D5;
    6926 : F03B;
    6927 : EFAB;
    6928 : EF1A;
    6929 : EE9C;
    6930 : EE3E;
    6931 : EE09;
    6932 : EE02;
    6933 : EE23;
    6934 : EE70;
    6935 : EECD;
    6936 : EF4D;
    6937 : EFC8;
    6938 : F055;
    6939 : F0E2;
    6940 : F170;
    6941 : F202;
    6942 : F296;
    6943 : F337;
    6944 : F3E2;
    6945 : F49B;
    6946 : F555;
    6947 : F617;
    6948 : F6CF;
    6949 : F792;
    6950 : F84B;
    6951 : F902;
    6952 : F9AE;
    6953 : FA66;
    6954 : FB1C;
    6955 : FBE4;
    6956 : FCAB;
    6957 : FD85;
    6958 : FE72;
    6959 : FF70;
    6960 : 007C;
    6961 : 0188;
    6962 : 0281;
    6963 : 0369;
    6964 : 043B;
    6965 : 050C;
    6966 : 05CF;
    6967 : 0684;
    6968 : 0732;
    6969 : 07C9;
    6970 : 0858;
    6971 : 08D0;
    6972 : 0938;
    6973 : 09A1;
    6974 : 0A08;
    6975 : 0A8A;
    6976 : 0B18;
    6977 : 0BC0;
    6978 : 0C5D;
    6979 : 0CEC;
    6980 : 0D60;
    6981 : 0DA6;
    6982 : 0DD3;
    6983 : 0DCA;
    6984 : 0D96;
    6985 : 0D42;
    6986 : 0CD4;
    6987 : 0C64;
    6988 : 0BF8;
    6989 : 0BA4;
    6990 : 0B61;
    6991 : 0B30;
    6992 : 0B10;
    6993 : 0AE6;
    6994 : 0AB6;
    6995 : 0A71;
    6996 : 0A17;
    6997 : 09A6;
    6998 : 0915;
    6999 : 0861;
    7000 : 0796;
    7001 : 06B1;
    7002 : 05C4;
    7003 : 04DF;
    7004 : 0404;
    7005 : 0343;
    7006 : 0299;
    7007 : 0200;
    7008 : 016E;
    7009 : 00E1;
    7010 : 0048;
    7011 : FFAA;
    7012 : FF00;
    7013 : FE51;
    7014 : FD92;
    7015 : FCBF;
    7016 : FBE7;
    7017 : FB01;
    7018 : FA25;
    7019 : F956;
    7020 : F89D;
    7021 : F7F8;
    7022 : F776;
    7023 : F719;
    7024 : F6DD;
    7025 : F6B9;
    7026 : F6A8;
    7027 : F6AA;
    7028 : F6B0;
    7029 : F6BF;
    7030 : F6BE;
    7031 : F6BE;
    7032 : F6AC;
    7033 : F6B1;
    7034 : F6B9;
    7035 : F6E3;
    7036 : F71B;
    7037 : F778;
    7038 : F7F1;
    7039 : F87B;
    7040 : F903;
    7041 : F988;
    7042 : F9EC;
    7043 : FA56;
    7044 : FAA0;
    7045 : FAE5;
    7046 : FB17;
    7047 : FB49;
    7048 : FB7D;
    7049 : FBBA;
    7050 : FC0E;
    7051 : FC69;
    7052 : FCDB;
    7053 : FD57;
    7054 : FDCE;
    7055 : FE43;
    7056 : FEA2;
    7057 : FEE3;
    7058 : FF14;
    7059 : FF2C;
    7060 : FF4B;
    7061 : FF77;
    7062 : FFA2;
    7063 : FFD8;
    7064 : 000E;
    7065 : 0041;
    7066 : 0084;
    7067 : 00CB;
    7068 : 012C;
    7069 : 019A;
    7070 : 020F;
    7071 : 0278;
    7072 : 02D2;
    7073 : 0310;
    7074 : 0345;
    7075 : 036F;
    7076 : 038C;
    7077 : 0398;
    7078 : 0391;
    7079 : 0385;
    7080 : 0373;
    7081 : 036D;
    7082 : 0369;
    7083 : 037B;
    7084 : 0399;
    7085 : 03C1;
    7086 : 03DC;
    7087 : 03EE;
    7088 : 03E2;
    7089 : 03D7;
    7090 : 03C3;
    7091 : 03B3;
    7092 : 0398;
    7093 : 036D;
    7094 : 033A;
    7095 : 02FE;
    7096 : 02D7;
    7097 : 02B7;
    7098 : 02B3;
    7099 : 02B2;
    7100 : 02AA;
    7101 : 028E;
    7102 : 0254;
    7103 : 0200;
    7104 : 019D;
    7105 : 012D;
    7106 : 00BD;
    7107 : 005A;
    7108 : 0002;
    7109 : FFBB;
    7110 : FF83;
    7111 : FF53;
    7112 : FF2C;
    7113 : FF16;
    7114 : FF12;
    7115 : FF17;
    7116 : FF2D;
    7117 : FF46;
    7118 : FF59;
    7119 : FF78;
    7120 : FF77;
    7121 : FF76;
    7122 : FF51;
    7123 : FF27;
    7124 : FEF1;
    7125 : FED4;
    7126 : FED2;
    7127 : FEF8;
    7128 : FF4C;
    7129 : FFC5;
    7130 : 0059;
    7131 : 00E6;
    7132 : 0159;
    7133 : 01AF;
    7134 : 01DB;
    7135 : 01EA;
    7136 : 01DC;
    7137 : 01BA;
    7138 : 0186;
    7139 : 0155;
    7140 : 0124;
    7141 : 0110;
    7142 : 00F6;
    7143 : 00EE;
    7144 : 00E8;
    7145 : 00F9;
    7146 : 0112;
    7147 : 0135;
    7148 : 014E;
    7149 : 015F;
    7150 : 015D;
    7151 : 0142;
    7152 : 0118;
    7153 : 00E2;
    7154 : 00B1;
    7155 : 0087;
    7156 : 0069;
    7157 : 0069;
    7158 : 0076;
    7159 : 009B;
    7160 : 00BF;
    7161 : 00E0;
    7162 : 00EC;
    7163 : 00DF;
    7164 : 00BD;
    7165 : 007E;
    7166 : 0044;
    7167 : FFFE;
    7168 : FFC2;
    7169 : FF7D;
    7170 : FF3D;
    7171 : FEFD;
    7172 : FEC7;
    7173 : FE9E;
    7174 : FE83;
    7175 : FE78;
    7176 : FE65;
    7177 : FE55;
    7178 : FE2A;
    7179 : FDFC;
    7180 : FDBA;
    7181 : FD76;
    7182 : FD2A;
    7183 : FCDE;
    7184 : FC8C;
    7185 : FC41;
    7186 : FBFB;
    7187 : FBD1;
    7188 : FBC9;
    7189 : FBCF;
    7190 : FBEA;
    7191 : FBF0;
    7192 : FBF5;
    7193 : FBD6;
    7194 : FBB9;
    7195 : FB7E;
    7196 : FB49;
    7197 : FAFC;
    7198 : FABB;
    7199 : FA6F;
    7200 : FA41;
    7201 : FA3F;
    7202 : FA6B;
    7203 : FAB9;
    7204 : FB20;
    7205 : FB7F;
    7206 : FBDC;
    7207 : FC26;
    7208 : FC60;
    7209 : FC89;
    7210 : FC9F;
    7211 : FCB5;
    7212 : FCC8;
    7213 : FCEB;
    7214 : FD1A;
    7215 : FD59;
    7216 : FDA9;
    7217 : FE07;
    7218 : FE7C;
    7219 : FEFB;
    7220 : FF72;
    7221 : FFE9;
    7222 : 004F;
    7223 : 00B2;
    7224 : 0108;
    7225 : 015D;
    7226 : 0192;
    7227 : 01C2;
    7228 : 01E0;
    7229 : 0207;
    7230 : 023F;
    7231 : 0287;
    7232 : 02DE;
    7233 : 0341;
    7234 : 03A8;
    7235 : 041D;
    7236 : 0495;
    7237 : 0509;
    7238 : 057D;
    7239 : 05ED;
    7240 : 065D;
    7241 : 06CF;
    7242 : 0733;
    7243 : 0798;
    7244 : 07F4;
    7245 : 0850;
    7246 : 08A8;
    7247 : 08FA;
    7248 : 0945;
    7249 : 099B;
    7250 : 09DC;
    7251 : 0A14;
    7252 : 0A34;
    7253 : 0A3A;
    7254 : 0A31;
    7255 : 0A0C;
    7256 : 09DA;
    7257 : 099F;
    7258 : 096C;
    7259 : 0939;
    7260 : 0922;
    7261 : 0907;
    7262 : 08F5;
    7263 : 08D7;
    7264 : 08B4;
    7265 : 0881;
    7266 : 082D;
    7267 : 07AE;
    7268 : 0700;
    7269 : 063A;
    7270 : 0559;
    7271 : 047D;
    7272 : 039A;
    7273 : 02D4;
    7274 : 021B;
    7275 : 0187;
    7276 : 00FC;
    7277 : 0094;
    7278 : 0029;
    7279 : FFCD;
    7280 : FF48;
    7281 : FEBF;
    7282 : FE0B;
    7283 : FD40;
    7284 : FC57;
    7285 : FB4D;
    7286 : FA35;
    7287 : F91B;
    7288 : F804;
    7289 : F70C;
    7290 : F62A;
    7291 : F576;
    7292 : F4DD;
    7293 : F475;
    7294 : F414;
    7295 : F3DA;
    7296 : F39A;
    7297 : F35C;
    7298 : F2FD;
    7299 : F280;
    7300 : F1EA;
    7301 : F149;
    7302 : F0AE;
    7303 : F03B;
    7304 : EFF7;
    7305 : EFFF;
    7306 : F03E;
    7307 : F0B6;
    7308 : F148;
    7309 : F1E4;
    7310 : F268;
    7311 : F2D3;
    7312 : F321;
    7313 : F362;
    7314 : F399;
    7315 : F3CF;
    7316 : F409;
    7317 : F457;
    7318 : F4C0;
    7319 : F568;
    7320 : F636;
    7321 : F738;
    7322 : F836;
    7323 : F93B;
    7324 : FA36;
    7325 : FB29;
    7326 : FC1D;
    7327 : FD11;
    7328 : FE02;
    7329 : FEF4;
    7330 : FFC8;
    7331 : 009E;
    7332 : 015B;
    7333 : 022F;
    7334 : 0322;
    7335 : 043D;
    7336 : 057C;
    7337 : 06CE;
    7338 : 0828;
    7339 : 0981;
    7340 : 0AD9;
    7341 : 0C05;
    7342 : 0D0F;
    7343 : 0DE2;
    7344 : 0E9A;
    7345 : 0F2C;
    7346 : 0FAB;
    7347 : 1014;
    7348 : 1082;
    7349 : 10FE;
    7350 : 1192;
    7351 : 1241;
    7352 : 12F7;
    7353 : 1398;
    7354 : 1401;
    7355 : 143B;
    7356 : 1442;
    7357 : 1422;
    7358 : 13EB;
    7359 : 1390;
    7360 : 1322;
    7361 : 12A2;
    7362 : 1212;
    7363 : 118E;
    7364 : 10FA;
    7365 : 107F;
    7366 : 0FF4;
    7367 : 0F6F;
    7368 : 0ECD;
    7369 : 0E20;
    7370 : 0D5B;
    7371 : 0C7A;
    7372 : 0B84;
    7373 : 0A60;
    7374 : 0928;
    7375 : 07CA;
    7376 : 066F;
    7377 : 050D;
    7378 : 03BB;
    7379 : 027D;
    7380 : 0164;
    7381 : 005C;
    7382 : FF7A;
    7383 : FE9B;
    7384 : FDBD;
    7385 : FCBA;
    7386 : FB96;
    7387 : FA3A;
    7388 : F8AA;
    7389 : F703;
    7390 : F558;
    7391 : F3D1;
    7392 : F278;
    7393 : F163;
    7394 : F090;
    7395 : EFEE;
    7396 : EF72;
    7397 : EF05;
    7398 : EEA0;
    7399 : EE2B;
    7400 : EDA0;
    7401 : ECF4;
    7402 : EC47;
    7403 : EB9D;
    7404 : EB17;
    7405 : EAB5;
    7406 : EA7A;
    7407 : EA71;
    7408 : EA7A;
    7409 : EA9B;
    7410 : EAD7;
    7411 : EB31;
    7412 : EBBC;
    7413 : EC67;
    7414 : ED2E;
    7415 : EDFD;
    7416 : EEBE;
    7417 : EF70;
    7418 : EFF1;
    7419 : F059;
    7420 : F0A6;
    7421 : F0F1;
    7422 : F168;
    7423 : F210;
    7424 : F306;
    7425 : F455;
    7426 : F5E6;
    7427 : F7AB;
    7428 : F96B;
    7429 : FB16;
    7430 : FC89;
    7431 : FDC7;
    7432 : FED6;
    7433 : FFC3;
    7434 : 00AA;
    7435 : 0195;
    7436 : 028F;
    7437 : 0396;
    7438 : 04A0;
    7439 : 05B2;
    7440 : 06CF;
    7441 : 07F7;
    7442 : 0927;
    7443 : 0A69;
    7444 : 0B9C;
    7445 : 0CD6;
    7446 : 0DF5;
    7447 : 0EEF;
    7448 : 0FAD;
    7449 : 1030;
    7450 : 1073;
    7451 : 1094;
    7452 : 109A;
    7453 : 10A5;
    7454 : 10D4;
    7455 : 1123;
    7456 : 11A2;
    7457 : 1233;
    7458 : 12D8;
    7459 : 136D;
    7460 : 13E6;
    7461 : 1420;
    7462 : 1412;
    7463 : 13C3;
    7464 : 134D;
    7465 : 12AA;
    7466 : 1207;
    7467 : 1153;
    7468 : 10A5;
    7469 : 1005;
    7470 : 0F6B;
    7471 : 0EF8;
    7472 : 0E84;
    7473 : 0E2E;
    7474 : 0DCD;
    7475 : 0D6F;
    7476 : 0CEF;
    7477 : 0C4C;
    7478 : 0B81;
    7479 : 0A85;
    7480 : 0963;
    7481 : 0833;
    7482 : 06FC;
    7483 : 05D4;
    7484 : 04B6;
    7485 : 03A2;
    7486 : 02AA;
    7487 : 01CB;
    7488 : 011A;
    7489 : 007B;
    7490 : FFD6;
    7491 : FF1F;
    7492 : FE43;
    7493 : FD3A;
    7494 : FC0B;
    7495 : FAC2;
    7496 : F95B;
    7497 : F7EE;
    7498 : F68F;
    7499 : F555;
    7500 : F442;
    7501 : F36B;
    7502 : F2CC;
    7503 : F256;
    7504 : F1FB;
    7505 : F19D;
    7506 : F12F;
    7507 : F0A6;
    7508 : F00C;
    7509 : EF70;
    7510 : EEC6;
    7511 : EE2A;
    7512 : ED98;
    7513 : ED35;
    7514 : ECF5;
    7515 : ECEF;
    7516 : ED05;
    7517 : ED3F;
    7518 : ED96;
    7519 : EE0B;
    7520 : EE90;
    7521 : EF2F;
    7522 : EFD2;
    7523 : F087;
    7524 : F120;
    7525 : F1B3;
    7526 : F232;
    7527 : F2AC;
    7528 : F325;
    7529 : F3B0;
    7530 : F462;
    7531 : F528;
    7532 : F619;
    7533 : F714;
    7534 : F822;
    7535 : F928;
    7536 : FA22;
    7537 : FB0A;
    7538 : FBBF;
    7539 : FC5A;
    7540 : FCD0;
    7541 : FD43;
    7542 : FDB5;
    7543 : FE50;
    7544 : FF1E;
    7545 : 002C;
    7546 : 0160;
    7547 : 02AF;
    7548 : 03F0;
    7549 : 0519;
    7550 : 062C;
    7551 : 070B;
    7552 : 07C1;
    7553 : 0842;
    7554 : 089F;
    7555 : 08F1;
    7556 : 0953;
    7557 : 09E5;
    7558 : 0A8B;
    7559 : 0B47;
    7560 : 0C04;
    7561 : 0CCA;
    7562 : 0D8C;
    7563 : 0E3B;
    7564 : 0EEA;
    7565 : 0F76;
    7566 : 0FEA;
    7567 : 101C;
    7568 : 101E;
    7569 : 0FED;
    7570 : 0F9A;
    7571 : 0F33;
    7572 : 0EC6;
    7573 : 0E5F;
    7574 : 0E1F;
    7575 : 0DF3;
    7576 : 0DFE;
    7577 : 0E2E;
    7578 : 0E7B;
    7579 : 0EBC;
    7580 : 0EE1;
    7581 : 0ECD;
    7582 : 0E7A;
    7583 : 0DE2;
    7584 : 0D17;
    7585 : 0C39;
    7586 : 0B45;
    7587 : 0A52;
    7588 : 095A;
    7589 : 0870;
    7590 : 07A2;
    7591 : 06E2;
    7592 : 0636;
    7593 : 0584;
    7594 : 04DC;
    7595 : 042D;
    7596 : 036E;
    7597 : 029D;
    7598 : 0198;
    7599 : 0075;
    7600 : FF35;
    7601 : FDFA;
    7602 : FCCC;
    7603 : FBAC;
    7604 : FAAA;
    7605 : F9BB;
    7606 : F8EE;
    7607 : F847;
    7608 : F7C3;
    7609 : F761;
    7610 : F70A;
    7611 : F6BD;
    7612 : F662;
    7613 : F607;
    7614 : F59F;
    7615 : F53D;
    7616 : F4B5;
    7617 : F421;
    7618 : F37D;
    7619 : F2D5;
    7620 : F24C;
    7621 : F1E7;
    7622 : F1B7;
    7623 : F1B4;
    7624 : F1D0;
    7625 : F1FB;
    7626 : F20A;
    7627 : F20C;
    7628 : F1E6;
    7629 : F1B6;
    7630 : F16A;
    7631 : F122;
    7632 : F0F1;
    7633 : F0E4;
    7634 : F11E;
    7635 : F185;
    7636 : F215;
    7637 : F2AB;
    7638 : F34E;
    7639 : F3F2;
    7640 : F496;
    7641 : F548;
    7642 : F60C;
    7643 : F6E2;
    7644 : F7CA;
    7645 : F8B2;
    7646 : F9B1;
    7647 : FAA1;
    7648 : FB87;
    7649 : FC46;
    7650 : FCE8;
    7651 : FD84;
    7652 : FE28;
    7653 : FEE3;
    7654 : FFA8;
    7655 : 007F;
    7656 : 0155;
    7657 : 0229;
    7658 : 02EC;
    7659 : 0398;
    7660 : 042E;
    7661 : 04AC;
    7662 : 0525;
    7663 : 05A4;
    7664 : 0620;
    7665 : 06AD;
    7666 : 0737;
    7667 : 07D1;
    7668 : 0862;
    7669 : 08F0;
    7670 : 0971;
    7671 : 09E1;
    7672 : 0A47;
    7673 : 0A9C;
    7674 : 0B00;
    7675 : 0B60;
    7676 : 0BE6;
    7677 : 0C64;
    7678 : 0CDF;
    7679 : 0D2F;
    7680 : 0D56;
    7681 : 0D51;
    7682 : 0D28;
    7683 : 0CED;
    7684 : 0CA4;
    7685 : 0C56;
    7686 : 0C0A;
    7687 : 0BC1;
    7688 : 0B82;
    7689 : 0B50;
    7690 : 0B09;
    7691 : 0ABA;
    7692 : 0A2C;
    7693 : 098C;
    7694 : 08BB;
    7695 : 07F8;
    7696 : 0734;
    7697 : 068F;
    7698 : 05EF;
    7699 : 054B;
    7700 : 04A6;
    7701 : 0401;
    7702 : 035D;
    7703 : 02BB;
    7704 : 0213;
    7705 : 0173;
    7706 : 00D4;
    7707 : 0047;
    7708 : FFCA;
    7709 : FF68;
    7710 : FF0F;
    7711 : FEA9;
    7712 : FE1E;
    7713 : FD6B;
    7714 : FC8C;
    7715 : FBA7;
    7716 : FAD8;
    7717 : FA2C;
    7718 : F9AD;
    7719 : F939;
    7720 : F8E4;
    7721 : F886;
    7722 : F83E;
    7723 : F7E8;
    7724 : F78E;
    7725 : F72D;
    7726 : F6C8;
    7727 : F662;
    7728 : F5FD;
    7729 : F599;
    7730 : F545;
    7731 : F50D;
    7732 : F4F6;
    7733 : F50F;
    7734 : F536;
    7735 : F568;
    7736 : F5A9;
    7737 : F5F7;
    7738 : F665;
    7739 : F6E7;
    7740 : F780;
    7741 : F817;
    7742 : F899;
    7743 : F8F9;
    7744 : F947;
    7745 : F976;
    7746 : F9A9;
    7747 : F9E2;
    7748 : FA2C;
    7749 : FA93;
    7750 : FB09;
    7751 : FBA2;
    7752 : FC59;
    7753 : FD2B;
    7754 : FE01;
    7755 : FEB7;
    7756 : FF41;
    7757 : FF98;
    7758 : FFCF;
    7759 : FFFD;
    7760 : 002B;
    7761 : 005F;
    7762 : 00A2;
    7763 : 00F2;
    7764 : 016A;
    7765 : 01EA;
    7766 : 0271;
    7767 : 02EA;
    7768 : 034B;
    7769 : 038E;
    7770 : 03BC;
    7771 : 03D1;
    7772 : 03EC;
    7773 : 040D;
    7774 : 0432;
    7775 : 0463;
    7776 : 047B;
    7777 : 0478;
    7778 : 0455;
    7779 : 042E;
    7780 : 0407;
    7781 : 03EF;
    7782 : 03DD;
    7783 : 03DE;
    7784 : 03E8;
    7785 : 03F3;
    7786 : 03F5;
    7787 : 03ED;
    7788 : 03CD;
    7789 : 0390;
    7790 : 0334;
    7791 : 02B3;
    7792 : 021F;
    7793 : 019E;
    7794 : 0143;
    7795 : 0137;
    7796 : 016D;
    7797 : 01D6;
    7798 : 0251;
    7799 : 02BD;
    7800 : 0304;
    7801 : 030D;
    7802 : 02E7;
    7803 : 02A8;
    7804 : 025B;
    7805 : 0211;
    7806 : 01E4;
    7807 : 01D7;
    7808 : 01F0;
    7809 : 0228;
    7810 : 0279;
    7811 : 02DD;
    7812 : 033F;
    7813 : 038F;
    7814 : 03D4;
    7815 : 0400;
    7816 : 0435;
    7817 : 0459;
    7818 : 047B;
    7819 : 047D;
    7820 : 0472;
    7821 : 043F;
    7822 : 040A;
    7823 : 03C6;
    7824 : 038E;
    7825 : 0365;
    7826 : 0364;
    7827 : 038B;
    7828 : 03E1;
    7829 : 0440;
    7830 : 049F;
    7831 : 04E2;
    7832 : 04E9;
    7833 : 04CB;
    7834 : 046E;
    7835 : 040F;
    7836 : 03A2;
    7837 : 0342;
    7838 : 02F7;
    7839 : 02C3;
    7840 : 02B0;
    7841 : 02A8;
    7842 : 02AD;
    7843 : 0298;
    7844 : 026F;
    7845 : 0210;
    7846 : 018B;
    7847 : 00DE;
    7848 : 0024;
    7849 : FF6F;
    7850 : FECE;
    7851 : FE49;
    7852 : FDD8;
    7853 : FD73;
    7854 : FD14;
    7855 : FCAF;
    7856 : FC45;
    7857 : FBC7;
    7858 : FB3E;
    7859 : FAAA;
    7860 : FA1A;
    7861 : F996;
    7862 : F91C;
    7863 : F8B9;
    7864 : F854;
    7865 : F802;
    7866 : F7B0;
    7867 : F769;
    7868 : F729;
    7869 : F6F3;
    7870 : F6CA;
    7871 : F6C7;
    7872 : F6DF;
    7873 : F714;
    7874 : F758;
    7875 : F797;
    7876 : F7C3;
    7877 : F7BB;
    7878 : F78D;
    7879 : F72C;
    7880 : F6BC;
    7881 : F641;
    7882 : F5F4;
    7883 : F5CC;
    7884 : F5ED;
    7885 : F644;
    7886 : F6C1;
    7887 : F76E;
    7888 : F809;
    7889 : F8AA;
    7890 : F920;
    7891 : F984;
    7892 : F9D6;
    7893 : FA08;
    7894 : FA35;
    7895 : FA63;
    7896 : FAAA;
    7897 : FB00;
    7898 : FB71;
    7899 : FBE8;
    7900 : FC7B;
    7901 : FD13;
    7902 : FDD4;
    7903 : FEB1;
    7904 : FFB7;
    7905 : 00C1;
    7906 : 01C2;
    7907 : 0297;
    7908 : 0334;
    7909 : 03A1;
    7910 : 03E0;
    7911 : 0408;
    7912 : 0430;
    7913 : 0465;
    7914 : 04B2;
    7915 : 0534;
    7916 : 05DC;
    7917 : 06B6;
    7918 : 07A4;
    7919 : 089A;
    7920 : 0977;
    7921 : 0A22;
    7922 : 0AA4;
    7923 : 0AFA;
    7924 : 0B45;
    7925 : 0B81;
    7926 : 0BD2;
    7927 : 0C34;
    7928 : 0C9F;
    7929 : 0D09;
    7930 : 0D65;
    7931 : 0DAC;
    7932 : 0DDA;
    7933 : 0DF3;
    7934 : 0E05;
    7935 : 0E17;
    7936 : 0E19;
    7937 : 0E1A;
    7938 : 0DFC;
    7939 : 0DD2;
    7940 : 0D80;
    7941 : 0D14;
    7942 : 0C7F;
    7943 : 0BD1;
    7944 : 0B12;
    7945 : 0A59;
    7946 : 09B4;
    7947 : 093D;
    7948 : 08DD;
    7949 : 0893;
    7950 : 0837;
    7951 : 07CB;
    7952 : 0736;
    7953 : 067A;
    7954 : 05A9;
    7955 : 04C0;
    7956 : 03E9;
    7957 : 0313;
    7958 : 026B;
    7959 : 01D0;
    7960 : 0143;
    7961 : 00B3;
    7962 : 0023;
    7963 : FF8B;
    7964 : FEE8;
    7965 : FE2D;
    7966 : FD5B;
    7967 : FC6B;
    7968 : FB65;
    7969 : FA60;
    7970 : F94E;
    7971 : F844;
    7972 : F735;
    7973 : F63A;
    7974 : F549;
    7975 : F474;
    7976 : F3C2;
    7977 : F32C;
    7978 : F2BF;
    7979 : F26E;
    7980 : F228;
    7981 : F1F1;
    7982 : F1BD;
    7983 : F188;
    7984 : F15E;
    7985 : F13C;
    7986 : F13B;
    7987 : F145;
    7988 : F148;
    7989 : F153;
    7990 : F152;
    7991 : F159;
    7992 : F164;
    7993 : F17C;
    7994 : F19D;
    7995 : F1B5;
    7996 : F1CD;
    7997 : F1D0;
    7998 : F1E8;
    7999 : F203;
    8000 : F239;
    8001 : F285;
    8002 : F2EA;
    8003 : F352;
    8004 : F3CF;
    8005 : F459;
    8006 : F50B;
    8007 : F5C1;
    8008 : F698;
    8009 : F761;
    8010 : F834;
    8011 : F8F2;
    8012 : F9BF;
    8013 : FAA0;
    8014 : FBAC;
    8015 : FCE5;
    8016 : FE40;
    8017 : FFA8;
    8018 : 010E;
    8019 : 024B;
    8020 : 036A;
    8021 : 0469;
    8022 : 0557;
    8023 : 0634;
    8024 : 06FB;
    8025 : 07BB;
    8026 : 0869;
    8027 : 0910;
    8028 : 09A9;
    8029 : 0A43;
    8030 : 0ADA;
    8031 : 0B76;
    8032 : 0C17;
    8033 : 0CC4;
    8034 : 0D74;
    8035 : 0E1F;
    8036 : 0EC1;
    8037 : 0F63;
    8038 : 0FF0;
    8039 : 107B;
    8040 : 10E6;
    8041 : 1158;
    8042 : 11A8;
    8043 : 120B;
    8044 : 126B;
    8045 : 12DE;
    8046 : 134A;
    8047 : 13B8;
    8048 : 140C;
    8049 : 144A;
    8050 : 1462;
    8051 : 1457;
    8052 : 1424;
    8053 : 13D8;
    8054 : 136A;
    8055 : 12E0;
    8056 : 123A;
    8057 : 1181;
    8058 : 109F;
    8059 : 0F9E;
    8060 : 0E91;
    8061 : 0D80;
    8062 : 0C67;
    8063 : 0B57;
    8064 : 0A57;
    8065 : 095D;
    8066 : 0865;
    8067 : 076F;
    8068 : 067F;
    8069 : 0595;
    8070 : 04A8;
    8071 : 03BD;
    8072 : 02BD;
    8073 : 01B7;
    8074 : 00A6;
    8075 : FF93;
    8076 : FE84;
    8077 : FD8E;
    8078 : FCA8;
    8079 : FBC8;
    8080 : FAD8;
    8081 : F9E6;
    8082 : F8C1;
    8083 : F76A;
    8084 : F5EE;
    8085 : F456;
    8086 : F2A8;
    8087 : F0FE;
    8088 : EF77;
    8089 : EE13;
    8090 : ECE7;
    8091 : EBE7;
    8092 : EB1D;
    8093 : EA64;
    8094 : E9BC;
    8095 : E90A;
    8096 : E851;
    8097 : E79A;
    8098 : E6F8;
    8099 : E678;
    8100 : E619;
    8101 : E5F5;
    8102 : E606;
    8103 : E64D;
    8104 : E6C8;
    8105 : E774;
    8106 : E839;
    8107 : E91F;
    8108 : EA0A;
    8109 : EB11;
    8110 : EBFA;
    8111 : ECE5;
    8112 : EDC0;
    8113 : EE89;
    8114 : EF2C;
    8115 : EFC2;
    8116 : F044;
    8117 : F0D6;
    8118 : F17E;
    8119 : F25D;
    8120 : F362;
    8121 : F4A2;
    8122 : F5F6;
    8123 : F77D;
    8124 : F8FD;
    8125 : FAA2;
    8126 : FC2C;
    8127 : FDAC;
    8128 : FF0D;
    8129 : 0059;
    8130 : 0198;
    8131 : 02D3;
    8132 : 042F;
    8133 : 05A4;
    8134 : 0739;
    8135 : 08F6;
    8136 : 0AE3;
    8137 : 0CE5;
    8138 : 0EF8;
    8139 : 10EF;
    8140 : 12AE;
    8141 : 1418;
    8142 : 1531;
    8143 : 15FD;
    8144 : 1694;
    8145 : 1707;
    8146 : 1758;
    8147 : 17A3;
    8148 : 17E1;
    8149 : 1828;
    8150 : 1878;
    8151 : 18C0;
    8152 : 1913;
    8153 : 1950;
    8154 : 1983;
    8155 : 1999;
    8156 : 1997;
    8157 : 196A;
    8158 : 190A;
    8159 : 1880;
    8160 : 17E8;
    8161 : 172B;
    8162 : 167D;
    8163 : 15CB;
    8164 : 1530;
    8165 : 1491;
    8166 : 1401;
    8167 : 1373;
    8168 : 12DF;
    8169 : 122F;
    8170 : 1160;
    8171 : 105E;
    8172 : 0F23;
    8173 : 0DBF;
    8174 : 0C1D;
    8175 : 0A69;
    8176 : 0895;
    8177 : 06D1;
    8178 : 0508;
    8179 : 0353;
    8180 : 01B0;
    8181 : 0012;
    8182 : FE88;
    8183 : FD04;
    8184 : FB91;
    8185 : FA0D;
    8186 : F880;
    8187 : F6DD;
    8188 : F531;
    8189 : F376;
    8190 : F1CD;
    8191 : F03A;
    8192 : EEC4;
    8193 : ED81;
    8194 : EC72;
    8195 : EBA1;
    8196 : EB01;
    8197 : EA8D;
    8198 : EA2F;
    8199 : E9EC;
    8200 : E9B1;
    8201 : E971;
    8202 : E900;
    8203 : E870;
    8204 : E7BB;
    8205 : E702;
    8206 : E64B;
    8207 : E5C0;
    8208 : E56A;
    8209 : E548;
    8210 : E56C;
    8211 : E5D1;
    8212 : E66F;
    8213 : E72D;
    8214 : E812;
    8215 : E8FF;
    8216 : E9E6;
    8217 : EAB0;
    8218 : EB6E;
    8219 : EC10;
    8220 : ECAF;
    8221 : ED64;
    8222 : EE26;
    8223 : EF10;
    8224 : F027;
    8225 : F183;
    8226 : F312;
    8227 : F4EB;
    8228 : F6E9;
    8229 : F90B;
    8230 : FB1E;
    8231 : FD27;
    8232 : FEFA;
    8233 : 008E;
    8234 : 01E3;
    8235 : 031C;
    8236 : 0425;
    8237 : 0527;
    8238 : 0628;
    8239 : 0732;
    8240 : 0853;
    8241 : 099E;
    8242 : 0B21;
    8243 : 0CD4;
    8244 : 0E8A;
    8245 : 103B;
    8246 : 11C1;
    8247 : 131A;
    8248 : 1434;
    8249 : 1525;
    8250 : 15E7;
    8251 : 168A;
    8252 : 171F;
    8253 : 179F;
    8254 : 181A;
    8255 : 18B1;
    8256 : 1950;
    8257 : 1A03;
    8258 : 1ABD;
    8259 : 1B75;
    8260 : 1C0E;
    8261 : 1C67;
    8262 : 1C84;
    8263 : 1C51;
    8264 : 1BDE;
    8265 : 1B23;
    8266 : 1A47;
    8267 : 194D;
    8268 : 183E;
    8269 : 1729;
    8270 : 1609;
    8271 : 14EB;
    8272 : 13BF;
    8273 : 1296;
    8274 : 1164;
    8275 : 1024;
    8276 : 0EDC;
    8277 : 0D72;
    8278 : 0BFA;
    8279 : 0A6E;
    8280 : 08D1;
    8281 : 072F;
    8282 : 058A;
    8283 : 03E5;
    8284 : 023F;
    8285 : 009C;
    8286 : FF09;
    8287 : FD94;
    8288 : FC32;
    8289 : FAEA;
    8290 : F99A;
    8291 : F84E;
    8292 : F6F2;
    8293 : F58D;
    8294 : F426;
    8295 : F2AC;
    8296 : F13F;
    8297 : EFC2;
    8298 : EE70;
    8299 : ED27;
    8300 : EC07;
    8301 : EAF9;
    8302 : EA15;
    8303 : E949;
    8304 : E890;
    8305 : E7EF;
    8306 : E75A;
    8307 : E6D7;
    8308 : E65F;
    8309 : E5F6;
    8310 : E5AE;
    8311 : E581;
    8312 : E580;
    8313 : E5AA;
    8314 : E601;
    8315 : E686;
    8316 : E72C;
    8317 : E7F4;
    8318 : E8D3;
    8319 : E9BA;
    8320 : EA9D;
    8321 : EB6B;
    8322 : EC33;
    8323 : ED01;
    8324 : EDE0;
    8325 : EED9;
    8326 : EFF3;
    8327 : F118;
    8328 : F246;
    8329 : F36F;
    8330 : F49A;
    8331 : F5C6;
    8332 : F6EE;
    8333 : F830;
    8334 : F96A;
    8335 : FAB3;
    8336 : FBE6;
    8337 : FD23;
    8338 : FE60;
    8339 : FFB2;
    8340 : 011F;
    8341 : 029C;
    8342 : 0419;
    8343 : 059E;
    8344 : 071C;
    8345 : 089E;
    8346 : 0A1F;
    8347 : 0BA9;
    8348 : 0D21;
    8349 : 0E80;
    8350 : 0FB7;
    8351 : 10BF;
    8352 : 11A3;
    8353 : 1273;
    8354 : 133F;
    8355 : 1418;
    8356 : 14E8;
    8357 : 15C5;
    8358 : 1679;
    8359 : 16FE;
    8360 : 1750;
    8361 : 1771;
    8362 : 1772;
    8363 : 174C;
    8364 : 171A;
    8365 : 16C9;
    8366 : 165C;
    8367 : 15DC;
    8368 : 1543;
    8369 : 14AC;
    8370 : 141F;
    8371 : 13A4;
    8372 : 132E;
    8373 : 12B1;
    8374 : 1227;
    8375 : 118F;
    8376 : 10EB;
    8377 : 1037;
    8378 : 0F6F;
    8379 : 0E85;
    8380 : 0D74;
    8381 : 0C35;
    8382 : 0ACF;
    8383 : 0949;
    8384 : 07D3;
    8385 : 066A;
    8386 : 052D;
    8387 : 0408;
    8388 : 0305;
    8389 : 01F8;
    8390 : 00F0;
    8391 : FFC8;
    8392 : FE96;
    8393 : FD47;
    8394 : FBE0;
    8395 : FA68;
    8396 : F8DD;
    8397 : F74C;
    8398 : F5BA;
    8399 : F44E;
    8400 : F30A;
    8401 : F1FD;
    8402 : F11C;
    8403 : F060;
    8404 : EFE2;
    8405 : EF77;
    8406 : EF30;
    8407 : EEEA;
    8408 : EEBA;
    8409 : EE6B;
    8410 : EE03;
    8411 : ED7B;
    8412 : ECE1;
    8413 : EC42;
    8414 : EBBC;
    8415 : EB4F;
    8416 : EB17;
    8417 : EB17;
    8418 : EB44;
    8419 : EB8F;
    8420 : EBEB;
    8421 : EC64;
    8422 : ECE3;
    8423 : ED59;
    8424 : EDD7;
    8425 : EE47;
    8426 : EE9E;
    8427 : EEEC;
    8428 : EF3B;
    8429 : EFAA;
    8430 : F02A;
    8431 : F0EC;
    8432 : F1E6;
    8433 : F310;
    8434 : F474;
    8435 : F608;
    8436 : F7B2;
    8437 : F96C;
    8438 : FB1A;
    8439 : FCB4;
    8440 : FE1E;
    8441 : FF6F;
    8442 : 009E;
    8443 : 01C0;
    8444 : 02D7;
    8445 : 03FF;
    8446 : 0529;
    8447 : 0659;
    8448 : 0788;
    8449 : 08B9;
    8450 : 09E6;
    8451 : 0B02;
    8452 : 0C1E;
    8453 : 0D13;
    8454 : 0DF2;
    8455 : 0EAF;
    8456 : 0F5C;
    8457 : 0FDB;
    8458 : 1057;
    8459 : 10D1;
    8460 : 115A;
    8461 : 11ED;
    8462 : 128F;
    8463 : 1337;
    8464 : 13DD;
    8465 : 146E;
    8466 : 14F9;
    8467 : 1565;
    8468 : 15BC;
    8469 : 15EC;
    8470 : 15F1;
    8471 : 15B5;
    8472 : 1559;
    8473 : 14D1;
    8474 : 143C;
    8475 : 138A;
    8476 : 12D1;
    8477 : 1207;
    8478 : 1134;
    8479 : 105E;
    8480 : 0F82;
    8481 : 0E94;
    8482 : 0D8E;
    8483 : 0C68;
    8484 : 0B21;
    8485 : 09B3;
    8486 : 0833;
    8487 : 06AB;
    8488 : 052A;
    8489 : 03AE;
    8490 : 025A;
    8491 : 0120;
    8492 : 0008;
    8493 : FF10;
    8494 : FE2A;
    8495 : FD5C;
    8496 : FC93;
    8497 : FBC8;
    8498 : FAF0;
    8499 : F9FD;
    8500 : F8EB;
    8501 : F7C9;
    8502 : F699;
    8503 : F569;
    8504 : F443;
    8505 : F326;
    8506 : F229;
    8507 : F13F;
    8508 : F075;
    8509 : EFB6;
    8510 : EF1A;
    8511 : EE8F;
    8512 : EE0A;
    8513 : ED81;
    8514 : ECEC;
    8515 : EC52;
    8516 : EBB3;
    8517 : EB1B;
    8518 : EA97;
    8519 : EA41;
    8520 : EA1E;
    8521 : EA3F;
    8522 : EA96;
    8523 : EB30;
    8524 : EC04;
    8525 : ED0D;
    8526 : EE3B;
    8527 : EF7C;
    8528 : F0C1;
    8529 : F1F9;
    8530 : F31C;
    8531 : F42C;
    8532 : F53D;
    8533 : F642;
    8534 : F751;
    8535 : F855;
    8536 : F965;
    8537 : FA71;
    8538 : FB87;
    8539 : FCA2;
    8540 : FDCA;
    8541 : FEF9;
    8542 : 001B;
    8543 : 0143;
    8544 : 025C;
    8545 : 0373;
    8546 : 048E;
    8547 : 05A7;
    8548 : 06C0;
    8549 : 07DD;
    8550 : 08FE;
    8551 : 0A1D;
    8552 : 0B3D;
    8553 : 0C64;
    8554 : 0D7B;
    8555 : 0E8A;
    8556 : 0F79;
    8557 : 1061;
    8558 : 111D;
    8559 : 11C7;
    8560 : 1256;
    8561 : 12E3;
    8562 : 1364;
    8563 : 13CF;
    8564 : 1433;
    8565 : 146A;
    8566 : 147B;
    8567 : 1459;
    8568 : 1410;
    8569 : 139F;
    8570 : 1308;
    8571 : 1250;
    8572 : 1173;
    8573 : 107B;
    8574 : 0F72;
    8575 : 0E6A;
    8576 : 0D59;
    8577 : 0C62;
    8578 : 0B77;
    8579 : 0A98;
    8580 : 09C6;
    8581 : 08FC;
    8582 : 0844;
    8583 : 077A;
    8584 : 06AD;
    8585 : 05C7;
    8586 : 04D1;
    8587 : 03B3;
    8588 : 0287;
    8589 : 0148;
    8590 : 0007;
    8591 : FECC;
    8592 : FD97;
    8593 : FC7C;
    8594 : FB63;
    8595 : FA65;
    8596 : F95F;
    8597 : F86A;
    8598 : F766;
    8599 : F660;
    8600 : F553;
    8601 : F43E;
    8602 : F31B;
    8603 : F1F9;
    8604 : F0C6;
    8605 : EF9C;
    8606 : EE86;
    8607 : ED99;
    8608 : ECE3;
    8609 : EC51;
    8610 : EC0E;
    8611 : EBEE;
    8612 : EC0E;
    8613 : EC45;
    8614 : ECA9;
    8615 : ED18;
    8616 : ED97;
    8617 : EE14;
    8618 : EE92;
    8619 : EF01;
    8620 : EF71;
    8621 : EFEE;
    8622 : F07A;
    8623 : F11D;
    8624 : F1EC;
    8625 : F2F5;
    8626 : F422;
    8627 : F569;
    8628 : F6B6;
    8629 : F7F1;
    8630 : F910;
    8631 : FA16;
    8632 : FB09;
    8633 : FBE4;
    8634 : FCB5;
    8635 : FD85;
    8636 : FE61;
    8637 : FF43;
    8638 : 0056;
    8639 : 018A;
    8640 : 02D9;
    8641 : 043B;
    8642 : 05A8;
    8643 : 070A;
    8644 : 0862;
    8645 : 09A0;
    8646 : 0AC9;
    8647 : 0BD7;
    8648 : 0CD8;
    8649 : 0DD6;
    8650 : 0EB3;
    8651 : 0F79;
    8652 : 102F;
    8653 : 10D3;
    8654 : 115C;
    8655 : 11E3;
    8656 : 1261;
    8657 : 12D3;
    8658 : 1332;
    8659 : 137D;
    8660 : 13A2;
    8661 : 13A4;
    8662 : 1380;
    8663 : 1333;
    8664 : 12A5;
    8665 : 1201;
    8666 : 112B;
    8667 : 1049;
    8668 : 0F55;
    8669 : 0E7C;
    8670 : 0DBC;
    8671 : 0D18;
    8672 : 0C96;
    8673 : 0C17;
    8674 : 0B84;
    8675 : 0AD0;
    8676 : 0A0E;
    8677 : 091B;
    8678 : 0803;
    8679 : 06CB;
    8680 : 057E;
    8681 : 041E;
    8682 : 02C2;
    8683 : 0179;
    8684 : 0046;
    8685 : FF2F;
    8686 : FE38;
    8687 : FD53;
    8688 : FC5F;
    8689 : FB67;
    8690 : FA4A;
    8691 : F8FF;
    8692 : F783;
    8693 : F5F6;
    8694 : F456;
    8695 : F2AE;
    8696 : F11F;
    8697 : EFA5;
    8698 : EE55;
    8699 : ED28;
    8700 : EC49;
    8701 : EB93;
    8702 : EB15;
    8703 : EABD;
    8704 : EA97;
    8705 : EA79;
    8706 : EA74;
    8707 : EA7E;
    8708 : EA91;
    8709 : EAA7;
    8710 : EACD;
    8711 : EAEB;
    8712 : EB13;
    8713 : EB47;
    8714 : EBAA;
    8715 : EC31;
    8716 : ECFA;
    8717 : EDF7;
    8718 : EF2F;
    8719 : F06B;
    8720 : F1B7;
    8721 : F2EC;
    8722 : F416;
    8723 : F52E;
    8724 : F630;
    8725 : F72D;
    8726 : F81C;
    8727 : F91F;
    8728 : FA35;
    8729 : FB68;
    8730 : FCC0;
    8731 : FE33;
    8732 : FFCC;
    8733 : 0175;
    8734 : 0329;
    8735 : 04DD;
    8736 : 067B;
    8737 : 0808;
    8738 : 098C;
    8739 : 0AFE;
    8740 : 0C74;
    8741 : 0DD6;
    8742 : 0F2F;
    8743 : 107D;
    8744 : 11BD;
    8745 : 12FB;
    8746 : 1428;
    8747 : 154A;
    8748 : 1640;
    8749 : 1722;
    8750 : 17D2;
    8751 : 1868;
    8752 : 18BE;
    8753 : 18E4;
    8754 : 18E4;
    8755 : 18C8;
    8756 : 1892;
    8757 : 184F;
    8758 : 17F5;
    8759 : 1789;
    8760 : 170E;
    8761 : 1683;
    8762 : 15E5;
    8763 : 154D;
    8764 : 14A6;
    8765 : 13F9;
    8766 : 1327;
    8767 : 122F;
    8768 : 1116;
    8769 : 0FD9;
    8770 : 0E83;
    8771 : 0D1C;
    8772 : 0BBD;
    8773 : 0A5C;
    8774 : 091B;
    8775 : 07E2;
    8776 : 06B1;
    8777 : 057B;
    8778 : 043F;
    8779 : 02F4;
    8780 : 0193;
    8781 : 001A;
    8782 : FE80;
    8783 : FCD0;
    8784 : FB08;
    8785 : F933;
    8786 : F75F;
    8787 : F590;
    8788 : F3D6;
    8789 : F232;
    8790 : F0A7;
    8791 : EF38;
    8792 : EDEB;
    8793 : ECBD;
    8794 : EBB9;
    8795 : EAD2;
    8796 : EA01;
    8797 : E93A;
    8798 : E871;
    8799 : E7A4;
    8800 : E6D6;
    8801 : E61A;
    8802 : E57C;
    8803 : E50D;
    8804 : E4CB;
    8805 : E4CA;
    8806 : E4FD;
    8807 : E569;
    8808 : E5F6;
    8809 : E69C;
    8810 : E759;
    8811 : E815;
    8812 : E8C7;
    8813 : E969;
    8814 : E9F9;
    8815 : EA8E;
    8816 : EB2B;
    8817 : EBE4;
    8818 : ECBF;
    8819 : EDC2;
    8820 : EEEC;
    8821 : F038;
    8822 : F1A7;
    8823 : F338;
    8824 : F4DC;
    8825 : F688;
    8826 : F839;
    8827 : F9DB;
    8828 : FB6B;
    8829 : FCE6;
    8830 : FE4C;
    8831 : FFB1;
    8832 : 010F;
    8833 : 0283;
    8834 : 0406;
    8835 : 05B0;
    8836 : 076D;
    8837 : 0942;
    8838 : 0B1E;
    8839 : 0CF6;
    8840 : 0EAE;
    8841 : 1040;
    8842 : 1193;
    8843 : 12B3;
    8844 : 1392;
    8845 : 143F;
    8846 : 14BC;
    8847 : 1523;
    8848 : 1580;
    8849 : 15E8;
    8850 : 165E;
    8851 : 16EC;
    8852 : 176A;
    8853 : 17EB;
    8854 : 1850;
    8855 : 189A;
    8856 : 18B6;
    8857 : 18AF;
    8858 : 187A;
    8859 : 1827;
    8860 : 17AB;
    8861 : 1723;
    8862 : 1686;
    8863 : 15EB;
    8864 : 154C;
    8865 : 14B5;
    8866 : 142E;
    8867 : 13A8;
    8868 : 1331;
    8869 : 12B0;
    8870 : 122E;
    8871 : 1191;
    8872 : 10D9;
    8873 : 0FE4;
    8874 : 0EC8;
    8875 : 0D6B;
    8876 : 0BFA;
    8877 : 0A51;
    8878 : 08A0;
    8879 : 06E2;
    8880 : 0530;
    8881 : 039F;
    8882 : 0221;
    8883 : 00C3;
    8884 : FF5D;
    8885 : FDF3;
    8886 : FC84;
    8887 : FB1A;
    8888 : F9B3;
    8889 : F84B;
    8890 : F6D5;
    8891 : F55C;
    8892 : F3DA;
    8893 : F273;
    8894 : F10E;
    8895 : EFD9;
    8896 : EEBB;
    8897 : EDD9;
    8898 : ED12;
    8899 : EC86;
    8900 : EC05;
    8901 : EBA0;
    8902 : EB36;
    8903 : EAD4;
    8904 : EA68;
    8905 : E9F1;
    8906 : E974;
    8907 : E8FA;
    8908 : E898;
    8909 : E85A;
    8910 : E845;
    8911 : E85A;
    8912 : E88B;
    8913 : E8CE;
    8914 : E928;
    8915 : E980;
    8916 : E9ED;
    8917 : EA5F;
    8918 : EAE0;
    8919 : EB74;
    8920 : EC1D;
    8921 : ECD4;
    8922 : ED9C;
    8923 : EE76;
    8924 : EF6F;
    8925 : F07E;
    8926 : F1AA;
    8927 : F2DF;
    8928 : F428;
    8929 : F574;
    8930 : F6CB;
    8931 : F824;
    8932 : F98D;
    8933 : FB00;
    8934 : FC7E;
    8935 : FDEC;
    8936 : FF50;
    8937 : 00A1;
    8938 : 01F2;
    8939 : 033A;
    8940 : 0490;
    8941 : 05EB;
    8942 : 074E;
    8943 : 089E;
    8944 : 09E2;
    8945 : 0B08;
    8946 : 0C1B;
    8947 : 0D18;
    8948 : 0E02;
    8949 : 0ED1;
    8950 : 0F87;
    8951 : 102C;
    8952 : 10CD;
    8953 : 116F;
    8954 : 1227;
    8955 : 12E9;
    8956 : 13CD;
    8957 : 14A9;
    8958 : 157E;
    8959 : 1633;
    8960 : 16C6;
    8961 : 1733;
    8962 : 176D;
    8963 : 1790;
    8964 : 1789;
    8965 : 176E;
    8966 : 172B;
    8967 : 16E6;
    8968 : 168B;
    8969 : 1634;
    8970 : 15CF;
    8971 : 1566;
    8972 : 14F5;
    8973 : 1476;
    8974 : 13F6;
    8975 : 135A;
    8976 : 12AC;
    8977 : 11D4;
    8978 : 10CB;
    8979 : 0F8E;
    8980 : 0E2E;
    8981 : 0CBF;
    8982 : 0B52;
    8983 : 09E8;
    8984 : 088A;
    8985 : 073B;
    8986 : 05F6;
    8987 : 04BF;
    8988 : 0383;
    8989 : 024C;
    8990 : 0103;
    8991 : FFC9;
    8992 : FE89;
    8993 : FD52;
    8994 : FC14;
    8995 : FACF;
    8996 : F985;
    8997 : F82F;
    8998 : F6E7;
    8999 : F59C;
    9000 : F446;
    9001 : F2F6;
    9002 : F1B2;
    9003 : F08C;
    9004 : EF8A;
    9005 : EEA4;
    9006 : EDE0;
    9007 : ED1F;
    9008 : EC71;
    9009 : EBAC;
    9010 : EAE4;
    9011 : EA11;
    9012 : E953;
    9013 : E8AE;
    9014 : E83E;
    9015 : E7FC;
    9016 : E7F2;
    9017 : E802;
    9018 : E846;
    9019 : E8A0;
    9020 : E91F;
    9021 : E9AF;
    9022 : EA40;
    9023 : EAD5;
    9024 : EB5D;
    9025 : EBF2;
    9026 : EC98;
    9027 : ED63;
    9028 : EE5D;
    9029 : EF83;
    9030 : F0BC;
    9031 : F213;
    9032 : F368;
    9033 : F4C1;
    9034 : F616;
    9035 : F75D;
    9036 : F8A7;
    9037 : F9D7;
    9038 : FAF8;
    9039 : FBF8;
    9040 : FCF2;
    9041 : FDEB;
    9042 : FEEB;
    9043 : FFF2;
    9044 : 0104;
    9045 : 022E;
    9046 : 036F;
    9047 : 04CD;
    9048 : 063C;
    9049 : 07B7;
    9050 : 0925;
    9051 : 0A89;
    9052 : 0BD9;
    9053 : 0D0F;
    9054 : 0E20;
    9055 : 0F0A;
    9056 : 0FD7;
    9057 : 108F;
    9058 : 113E;
    9059 : 11F5;
    9060 : 12AC;
    9061 : 135A;
    9062 : 1405;
    9063 : 1498;
    9064 : 1520;
    9065 : 158F;
    9066 : 15D9;
    9067 : 1608;
    9068 : 1604;
    9069 : 15DB;
    9070 : 1586;
    9071 : 150E;
    9072 : 1479;
    9073 : 13CE;
    9074 : 131F;
    9075 : 1261;
    9076 : 11A5;
    9077 : 10E9;
    9078 : 1032;
    9079 : 0F7C;
    9080 : 0EBB;
    9081 : 0DEE;
    9082 : 0D12;
    9083 : 0C23;
    9084 : 0B23;
    9085 : 0A0E;
    9086 : 08E5;
    9087 : 07AE;
    9088 : 067B;
    9089 : 0545;
    9090 : 03FE;
    9091 : 02CB;
    9092 : 0192;
    9093 : 0064;
    9094 : FF16;
    9095 : FDC2;
    9096 : FC57;
    9097 : FAF2;
    9098 : F98E;
    9099 : F842;
    9100 : F707;
    9101 : F5DB;
    9102 : F4BE;
    9103 : F3AA;
    9104 : F2AA;
    9105 : F1C2;
    9106 : F0FD;
    9107 : F047;
    9108 : EFA7;
    9109 : EF05;
    9110 : EE79;
    9111 : EDD9;
    9112 : ED54;
    9113 : ECE4;
    9114 : EC90;
    9115 : EC70;
    9116 : EC76;
    9117 : ECAB;
    9118 : ED03;
    9119 : ED67;
    9120 : EDE6;
    9121 : EE6C;
    9122 : EEF6;
    9123 : EF81;
    9124 : EFF9;
    9125 : F073;
    9126 : F0D1;
    9127 : F12F;
    9128 : F183;
    9129 : F1EE;
    9130 : F270;
    9131 : F31C;
    9132 : F3DC;
    9133 : F4D0;
    9134 : F5DA;
    9135 : F70D;
    9136 : F85A;
    9137 : F9AE;
    9138 : FB0B;
    9139 : FC5C;
    9140 : FD8B;
    9141 : FEA6;
    9142 : FF9B;
    9143 : 0092;
    9144 : 0187;
    9145 : 0286;
    9146 : 0388;
    9147 : 0493;
    9148 : 059C;
    9149 : 06B5;
    9150 : 07D4;
    9151 : 08EC;
    9152 : 0A0A;
    9153 : 0B10;
    9154 : 0BF9;
    9155 : 0CBA;
    9156 : 0D5D;
    9157 : 0DD2;
    9158 : 0E22;
    9159 : 0E4F;
    9160 : 0E71;
    9161 : 0E83;
    9162 : 0EA4;
    9163 : 0EC5;
    9164 : 0EF3;
    9165 : 0F22;
    9166 : 0F5F;
    9167 : 0FA7;
    9168 : 0FE6;
    9169 : 101C;
    9170 : 1030;
    9171 : 1015;
    9172 : 0FCF;
    9173 : 0F63;
    9174 : 0EE3;
    9175 : 0E4E;
    9176 : 0DB5;
    9177 : 0D10;
    9178 : 0C62;
    9179 : 0BA4;
    9180 : 0AD4;
    9181 : 0A05;
    9182 : 0920;
    9183 : 0836;
    9184 : 0739;
    9185 : 062C;
    9186 : 051D;
    9187 : 0407;
    9188 : 02F4;
    9189 : 01E8;
    9190 : 00D8;
    9191 : FFCD;
    9192 : FEB5;
    9193 : FDA6;
    9194 : FC99;
    9195 : FB93;
    9196 : FAA3;
    9197 : F9C3;
    9198 : F8FC;
    9199 : F843;
    9200 : F794;
    9201 : F6ED;
    9202 : F63F;
    9203 : F592;
    9204 : F4EE;
    9205 : F454;
    9206 : F3DE;
    9207 : F387;
    9208 : F340;
    9209 : F311;
    9210 : F2E5;
    9211 : F2C6;
    9212 : F2B4;
    9213 : F2B6;
    9214 : F2C1;
    9215 : F2C6;
    9216 : F2C8;
    9217 : F2C7;
    9218 : F2C5;
    9219 : F2D9;
    9220 : F2FE;
    9221 : F33F;
    9222 : F393;
    9223 : F417;
    9224 : F4B6;
    9225 : F567;
    9226 : F62B;
    9227 : F6F7;
    9228 : F7E3;
    9229 : F8C4;
    9230 : F9AD;
    9231 : FA86;
    9232 : FB5D;
    9233 : FC21;
    9234 : FCDB;
    9235 : FD88;
    9236 : FE26;
    9237 : FEC8;
    9238 : FF60;
    9239 : FFFD;
    9240 : 00A1;
    9241 : 0151;
    9242 : 0219;
    9243 : 02E4;
    9244 : 03C6;
    9245 : 0497;
    9246 : 0570;
    9247 : 062E;
    9248 : 06D3;
    9249 : 074B;
    9250 : 07B7;
    9251 : 0803;
    9252 : 0846;
    9253 : 0888;
    9254 : 08D6;
    9255 : 0935;
    9256 : 099C;
    9257 : 0A10;
    9258 : 0A83;
    9259 : 0AF4;
    9260 : 0B53;
    9261 : 0B93;
    9262 : 0BA8;
    9263 : 0B96;
    9264 : 0B68;
    9265 : 0B26;
    9266 : 0AD7;
    9267 : 0A7F;
    9268 : 0A26;
    9269 : 09C5;
    9270 : 095F;
    9271 : 08FC;
    9272 : 089E;
    9273 : 083F;
    9274 : 07E2;
    9275 : 077D;
    9276 : 0702;
    9277 : 0670;
    9278 : 05DA;
    9279 : 051D;
    9280 : 0469;
    9281 : 0396;
    9282 : 02C7;
    9283 : 01F7;
    9284 : 0142;
    9285 : 00A3;
    9286 : 001B;
    9287 : FF99;
    9288 : FF1F;
    9289 : FE93;
    9290 : FDFF;
    9291 : FD66;
    9292 : FCBB;
    9293 : FC0A;
    9294 : FB4D;
    9295 : FA90;
    9296 : F9D4;
    9297 : F925;
    9298 : F884;
    9299 : F805;
    9300 : F7A2;
    9301 : F763;
    9302 : F74C;
    9303 : F739;
    9304 : F734;
    9305 : F71E;
    9306 : F709;
    9307 : F6E2;
    9308 : F6BF;
    9309 : F69E;
    9310 : F68E;
    9311 : F693;
    9312 : F6A5;
    9313 : F6C8;
    9314 : F6F8;
    9315 : F73C;
    9316 : F78C;
    9317 : F7E6;
    9318 : F84F;
    9319 : F8A8;
    9320 : F905;
    9321 : F957;
    9322 : F9A4;
    9323 : F9E7;
    9324 : FA23;
    9325 : FA57;
    9326 : FA82;
    9327 : FAAB;
    9328 : FAE4;
    9329 : FB35;
    9330 : FBA8;
    9331 : FC3C;
    9332 : FCDC;
    9333 : FD84;
    9334 : FE27;
    9335 : FEC9;
    9336 : FF53;
    9337 : FFD2;
    9338 : 003A;
    9339 : 0091;
    9340 : 00D9;
    9341 : 0118;
    9342 : 0162;
    9343 : 01A5;
    9344 : 01EE;
    9345 : 0253;
    9346 : 02B8;
    9347 : 033F;
    9348 : 03C8;
    9349 : 0454;
    9350 : 04CE;
    9351 : 053C;
    9352 : 0597;
    9353 : 05DD;
    9354 : 0606;
    9355 : 062D;
    9356 : 0631;
    9357 : 0631;
    9358 : 0632;
    9359 : 0646;
    9360 : 0671;
    9361 : 06B7;
    9362 : 0707;
    9363 : 0753;
    9364 : 0794;
    9365 : 07DA;
    9366 : 081E;
    9367 : 0859;
    9368 : 088B;
    9369 : 08AD;
    9370 : 08A8;
    9371 : 087A;
    9372 : 0837;
    9373 : 07DD;
    9374 : 077B;
    9375 : 0712;
    9376 : 06B2;
    9377 : 0644;
    9378 : 05EA;
    9379 : 0592;
    9380 : 0546;
    9381 : 04F0;
    9382 : 049E;
    9383 : 0446;
    9384 : 03DF;
    9385 : 0364;
    9386 : 02D8;
    9387 : 0232;
    9388 : 018B;
    9389 : 00E6;
    9390 : 0045;
    9391 : FFBE;
    9392 : FF43;
    9393 : FEE3;
    9394 : FE7F;
    9395 : FE2D;
    9396 : FDE8;
    9397 : FDB7;
    9398 : FD86;
    9399 : FD59;
    9400 : FD15;
    9401 : FCB5;
    9402 : FC36;
    9403 : FB93;
    9404 : FAE9;
    9405 : FA56;
    9406 : F9DB;
    9407 : F97B;
    9408 : F93A;
    9409 : F90E;
    9410 : F900;
    9411 : F8F3;
    9412 : F8F4;
    9413 : F8E1;
    9414 : F8C9;
    9415 : F8A5;
    9416 : F86F;
    9417 : F83D;
    9418 : F80B;
    9419 : F7F5;
    9420 : F7E9;
    9421 : F7EB;
    9422 : F802;
    9423 : F82B;
    9424 : F86E;
    9425 : F8BF;
    9426 : F930;
    9427 : F9A6;
    9428 : FA17;
    9429 : FA71;
    9430 : FAB5;
    9431 : FAE6;
    9432 : FB12;
    9433 : FB41;
    9434 : FB6C;
    9435 : FB92;
    9436 : FBC6;
    9437 : FC0E;
    9438 : FC69;
    9439 : FCDB;
    9440 : FD62;
    9441 : FDFF;
    9442 : FE9C;
    9443 : FF3B;
    9444 : FFBD;
    9445 : 002B;
    9446 : 0078;
    9447 : 00C8;
    9448 : 010C;
    9449 : 0156;
    9450 : 01A6;
    9451 : 01FD;
    9452 : 0269;
    9453 : 02F5;
    9454 : 03A6;
    9455 : 045F;
    9456 : 0516;
    9457 : 05B5;
    9458 : 063D;
    9459 : 06AC;
    9460 : 06FA;
    9461 : 0732;
    9462 : 075A;
    9463 : 0782;
    9464 : 07A9;
    9465 : 07D6;
    9466 : 07F4;
    9467 : 080A;
    9468 : 0812;
    9469 : 080F;
    9470 : 081A;
    9471 : 0834;
    9472 : 0852;
    9473 : 0881;
    9474 : 089C;
    9475 : 08A7;
    9476 : 0891;
    9477 : 086F;
    9478 : 082E;
    9479 : 07F0;
    9480 : 079A;
    9481 : 074D;
    9482 : 06FE;
    9483 : 06AD;
    9484 : 067B;
    9485 : 0655;
    9486 : 0638;
    9487 : 060F;
    9488 : 05D9;
    9489 : 0589;
    9490 : 051B;
    9491 : 04A1;
    9492 : 0425;
    9493 : 03A1;
    9494 : 0324;
    9495 : 02AA;
    9496 : 0239;
    9497 : 01C2;
    9498 : 0163;
    9499 : 0102;
    9500 : 00AC;
    9501 : 0045;
    9502 : FFD3;
    9503 : FF4F;
    9504 : FEBF;
    9505 : FE33;
    9506 : FD9E;
    9507 : FD16;
    9508 : FC7E;
    9509 : FBF4;
    9510 : FB5D;
    9511 : FAD6;
    9512 : FA5F;
    9513 : F9FC;
    9514 : F9A5;
    9515 : F96A;
    9516 : F937;
    9517 : F916;
    9518 : F8F0;
    9519 : F8DB;
    9520 : F8C3;
    9521 : F8AE;
    9522 : F88E;
    9523 : F867;
    9524 : F84B;
    9525 : F824;
    9526 : F806;
    9527 : F7E3;
    9528 : F7D9;
    9529 : F7DC;
    9530 : F7F9;
    9531 : F819;
    9532 : F843;
    9533 : F871;
    9534 : F89E;
    9535 : F8CC;
    9536 : F906;
    9537 : F947;
    9538 : F988;
    9539 : F9C1;
    9540 : F9ED;
    9541 : FA17;
    9542 : FA4E;
    9543 : FA97;
    9544 : FB00;
    9545 : FB74;
    9546 : FBFD;
    9547 : FC7C;
    9548 : FCEF;
    9549 : FD69;
    9550 : FDDF;
    9551 : FE69;
    9552 : FEF6;
    9553 : FF8B;
    9554 : 0018;
    9555 : 00A7;
    9556 : 012A;
    9557 : 01AD;
    9558 : 021F;
    9559 : 028F;
    9560 : 02EF;
    9561 : 0343;
    9562 : 037B;
    9563 : 03A9;
    9564 : 03D6;
    9565 : 0402;
    9566 : 043F;
    9567 : 0483;
    9568 : 04C5;
    9569 : 04F3;
    9570 : 050A;
    9571 : 050C;
    9572 : 0500;
    9573 : 04FD;
    9574 : 04F5;
    9575 : 04F7;
    9576 : 0504;
    9577 : 0522;
    9578 : 0543;
    9579 : 0578;
    9580 : 059D;
    9581 : 05D2;
    9582 : 05EE;
    9583 : 060D;
    9584 : 061A;
    9585 : 0612;
    9586 : 060F;
    9587 : 0605;
    9588 : 05FA;
    9589 : 05E9;
    9590 : 05DA;
    9591 : 05CF;
    9592 : 05B0;
    9593 : 0586;
    9594 : 0551;
    9595 : 050C;
    9596 : 04C6;
    9597 : 0464;
    9598 : 03F2;
    9599 : 0376;
    9600 : 02EF;
    9601 : 0287;
    9602 : 022D;
    9603 : 01EC;
    9604 : 01BA;
    9605 : 0189;
    9606 : 0159;
    9607 : 0129;
    9608 : 0104;
    9609 : 00DC;
    9610 : 00BA;
    9611 : 008D;
    9612 : 006B;
    9613 : 0041;
    9614 : 0026;
    9615 : FFFC;
    9616 : FFD9;
    9617 : FFA5;
    9618 : FF70;
    9619 : FF32;
    9620 : FEF4;
    9621 : FEB2;
    9622 : FE74;
    9623 : FE44;
    9624 : FE1E;
    9625 : FE0D;
    9626 : FDF8;
    9627 : FDD8;
    9628 : FD96;
    9629 : FD32;
    9630 : FCB6;
    9631 : FC37;
    9632 : FBC6;
    9633 : FB70;
    9634 : FB37;
    9635 : FB0A;
    9636 : FAE7;
    9637 : FAC6;
    9638 : FAB1;
    9639 : FAAC;
    9640 : FAB2;
    9641 : FAB6;
    9642 : FAB5;
    9643 : FAB5;
    9644 : FAAA;
    9645 : FAB0;
    9646 : FAB5;
    9647 : FACD;
    9648 : FAD5;
    9649 : FAEF;
    9650 : FAF5;
    9651 : FB0A;
    9652 : FB0C;
    9653 : FB21;
    9654 : FB37;
    9655 : FB55;
    9656 : FB6E;
    9657 : FB7D;
    9658 : FB79;
    9659 : FB66;
    9660 : FB5A;
    9661 : FB4E;
    9662 : FB52;
    9663 : FB6C;
    9664 : FB92;
    9665 : FBC8;
    9666 : FC04;
    9667 : FC47;
    9668 : FC9E;
    9669 : FCF3;
    9670 : FD5E;
    9671 : FDBC;
    9672 : FE23;
    9673 : FE7C;
    9674 : FED4;
    9675 : FF23;
    9676 : FF82;
    9677 : FFEF;
    9678 : 0060;
    9679 : 00D1;
    9680 : 0148;
    9681 : 01BA;
    9682 : 022F;
    9683 : 02A9;
    9684 : 031C;
    9685 : 0398;
    9686 : 03FB;
    9687 : 0458;
    9688 : 0487;
    9689 : 049F;
    9690 : 04A2;
    9691 : 04AF;
    9692 : 04C6;
    9693 : 04E6;
    9694 : 0515;
    9695 : 0536;
    9696 : 0573;
    9697 : 05BC;
    9698 : 0622;
    9699 : 068E;
    9700 : 06FB;
    9701 : 075C;
    9702 : 07A5;
    9703 : 07CA;
    9704 : 07D2;
    9705 : 07CC;
    9706 : 07C0;
    9707 : 07B6;
    9708 : 07C1;
    9709 : 07CA;
    9710 : 07DB;
    9711 : 07E3;
    9712 : 07EA;
    9713 : 07F7;
    9714 : 0800;
    9715 : 0811;
    9716 : 0810;
    9717 : 07FA;
    9718 : 07D5;
    9719 : 079E;
    9720 : 0756;
    9721 : 06F0;
    9722 : 0676;
    9723 : 05EA;
    9724 : 054E;
    9725 : 04A2;
    9726 : 03EF;
    9727 : 0345;
    9728 : 02B0;
    9729 : 0227;
    9730 : 01BA;
    9731 : 014A;
    9732 : 00DE;
    9733 : 005E;
    9734 : FFEC;
    9735 : FF60;
    9736 : FEE5;
    9737 : FE59;
    9738 : FDD5;
    9739 : FD49;
    9740 : FCB4;
    9741 : FC08;
    9742 : FB56;
    9743 : FA9D;
    9744 : F9EA;
    9745 : F93A;
    9746 : F887;
    9747 : F7D5;
    9748 : F731;
    9749 : F6A4;
    9750 : F62A;
    9751 : F5CB;
    9752 : F569;
    9753 : F516;
    9754 : F4B5;
    9755 : F463;
    9756 : F407;
    9757 : F3B8;
    9758 : F37B;
    9759 : F354;
    9760 : F33B;
    9761 : F333;
    9762 : F336;
    9763 : F349;
    9764 : F36E;
    9765 : F3AD;
    9766 : F403;
    9767 : F47A;
    9768 : F4E8;
    9769 : F572;
    9770 : F5F4;
    9771 : F688;
    9772 : F70D;
    9773 : F7A2;
    9774 : F83E;
    9775 : F8D3;
    9776 : F96D;
    9777 : FA12;
    9778 : FABD;
    9779 : FB66;
    9780 : FC17;
    9781 : FCCC;
    9782 : FD77;
    9783 : FE16;
    9784 : FEB5;
    9785 : FF56;
    9786 : 000C;
    9787 : 00D0;
    9788 : 01A9;
    9789 : 0287;
    9790 : 035D;
    9791 : 042C;
    9792 : 04F2;
    9793 : 05B0;
    9794 : 0666;
    9795 : 0714;
    9796 : 07C3;
    9797 : 0864;
    9798 : 0902;
    9799 : 0991;
    9800 : 0A21;
    9801 : 0A92;
    9802 : 0B0B;
    9803 : 0B60;
    9804 : 0BB6;
    9805 : 0BF0;
    9806 : 0C2D;
    9807 : 0C61;
    9808 : 0C8A;
    9809 : 0CBF;
    9810 : 0CDF;
    9811 : 0CF0;
    9812 : 0CDE;
    9813 : 0CBD;
    9814 : 0C94;
    9815 : 0C5B;
    9816 : 0C26;
    9817 : 0BF1;
    9818 : 0BC0;
    9819 : 0B6E;
    9820 : 0B0E;
    9821 : 0A97;
    9822 : 0A0E;
    9823 : 0985;
    9824 : 08F7;
    9825 : 0867;
    9826 : 07D7;
    9827 : 073F;
    9828 : 06AF;
    9829 : 060D;
    9830 : 057A;
    9831 : 04E3;
    9832 : 0456;
    9833 : 03D4;
    9834 : 0343;
    9835 : 02A5;
    9836 : 01E9;
    9837 : 0118;
    9838 : 003C;
    9839 : FF54;
    9840 : FE6C;
    9841 : FD79;
    9842 : FC83;
    9843 : FB94;
    9844 : FABD;
    9845 : FA08;
    9846 : F96F;
    9847 : F8F9;
    9848 : F87F;
    9849 : F804;
    9850 : F772;
    9851 : F6DC;
    9852 : F643;
    9853 : F5B8;
    9854 : F53D;
    9855 : F4D5;
    9856 : F480;
    9857 : F434;
    9858 : F3EE;
    9859 : F3B1;
    9860 : F374;
    9861 : F34F;
    9862 : F331;
    9863 : F315;
    9864 : F30B;
    9865 : F306;
    9866 : F312;
    9867 : F329;
    9868 : F34F;
    9869 : F392;
    9870 : F3D2;
    9871 : F409;
    9872 : F43E;
    9873 : F469;
    9874 : F4A0;
    9875 : F4E0;
    9876 : F542;
    9877 : F5C3;
    9878 : F651;
    9879 : F6F5;
    9880 : F79A;
    9881 : F83F;
    9882 : F8DC;
    9883 : F978;
    9884 : FA18;
    9885 : FABE;
    9886 : FB5D;
    9887 : FBFF;
    9888 : FCB1;
    9889 : FD63;
    9890 : FE32;
    9891 : FF19;
    9892 : 000C;
    9893 : 0102;
    9894 : 01F0;
    9895 : 02DB;
    9896 : 03AC;
    9897 : 0469;
    9898 : 050D;
    9899 : 05B1;
    9900 : 063F;
    9901 : 06BB;
    9902 : 0731;
    9903 : 0793;
    9904 : 07FE;
    9905 : 086A;
    9906 : 08E9;
    9907 : 0974;
    9908 : 09FE;
    9909 : 0A80;
    9910 : 0B02;
    9911 : 0B78;
    9912 : 0BF4;
    9913 : 0C65;
    9914 : 0CD1;
    9915 : 0D2F;
    9916 : 0D7E;
    9917 : 0DB9;
    9918 : 0DDD;
    9919 : 0DF9;
    9920 : 0E10;
    9921 : 0E21;
    9922 : 0E21;
    9923 : 0E11;
    9924 : 0DEE;
    9925 : 0DBB;
    9926 : 0D71;
    9927 : 0D1F;
    9928 : 0CB1;
    9929 : 0C42;
    9930 : 0BB7;
    9931 : 0B25;
    9932 : 0A7C;
    9933 : 09D2;
    9934 : 0918;
    9935 : 0853;
    9936 : 078A;
    9937 : 06BA;
    9938 : 05E2;
    9939 : 0507;
    9940 : 0428;
    9941 : 034C;
    9942 : 0273;
    9943 : 0195;
    9944 : 00AE;
    9945 : FFC8;
    9946 : FED6;
    9947 : FDF5;
    9948 : FD16;
    9949 : FC4F;
    9950 : FB8F;
    9951 : FADC;
    9952 : FA3E;
    9953 : F998;
    9954 : F900;
    9955 : F85F;
    9956 : F7C6;
    9957 : F71A;
    9958 : F672;
    9959 : F5C8;
    9960 : F50F;
    9961 : F459;
    9962 : F3AF;
    9963 : F308;
    9964 : F270;
    9965 : F1DB;
    9966 : F163;
    9967 : F0FE;
    9968 : F0B8;
    9969 : F09B;
    9970 : F09C;
    9971 : F0C9;
    9972 : F115;
    9973 : F17C;
    9974 : F1F3;
    9975 : F27C;
    9976 : F30B;
    9977 : F398;
    9978 : F427;
    9979 : F4B8;
    9980 : F532;
    9981 : F59C;
    9982 : F5FE;
    9983 : F666;
    9984 : F6E4;
    9985 : F787;
    9986 : F848;
    9987 : F919;
    9988 : F9F8;
    9989 : FACF;
    9990 : FBA4;
    9991 : FC69;
    9992 : FD27;
    9993 : FDE1;
    9994 : FE92;
    9995 : FF39;
    9996 : FFDB;
    9997 : 0071;
    9998 : 0105;
    9999 : 019D;
    10000 : 0236;
    10001 : 02D5;
    10002 : 0377;
    10003 : 0429;
    10004 : 04D1;
    10005 : 058D;
    10006 : 064B;
    10007 : 070F;
    10008 : 07D3;
    10009 : 0892;
    10010 : 0952;
    10011 : 09EE;
    10012 : 0A69;
    10013 : 0ACD;
    10014 : 0B22;
    10015 : 0B6B;
    10016 : 0BA2;
    10017 : 0BC2;
    10018 : 0BBC;
    10019 : 0B91;
    10020 : 0B4A;
    10021 : 0B00;
    10022 : 0AA1;
    10023 : 0A46;
    10024 : 09E7;
    10025 : 0996;
    10026 : 094C;
    10027 : 0918;
    10028 : 08E8;
    10029 : 08C5;
    10030 : 08A1;
    10031 : 086B;
    10032 : 081D;
    10033 : 07B2;
    10034 : 0730;
    10035 : 06A0;
    10036 : 060D;
    10037 : 057D;
    10038 : 04EA;
    10039 : 045D;
    10040 : 03D0;
    10041 : 0354;
    10042 : 02DB;
    10043 : 0279;
    10044 : 021A;
    10045 : 01C9;
    10046 : 0178;
    10047 : 011D;
    10048 : 00B5;
    10049 : 0054;
    10050 : FFDC;
    10051 : FF67;
    10052 : FEDD;
    10053 : FE4C;
    10054 : FDA1;
    10055 : FCEE;
    10056 : FC2D;
    10057 : FB84;
    10058 : FAEB;
    10059 : FA78;
    10060 : FA11;
    10061 : F9BE;
    10062 : F97B;
    10063 : F947;
    10064 : F927;
    10065 : F90E;
    10066 : F910;
    10067 : F915;
    10068 : F922;
    10069 : F921;
    10070 : F918;
    10071 : F903;
    10072 : F8F6;
    10073 : F8F8;
    10074 : F907;
    10075 : F91A;
    10076 : F933;
    10077 : F945;
    10078 : F952;
    10079 : F962;
    10080 : F96E;
    10081 : F98F;
    10082 : F9AE;
    10083 : F9D1;
    10084 : F9E7;
    10085 : FA00;
    10086 : FA0C;
    10087 : FA16;
    10088 : FA30;
    10089 : FA57;
    10090 : FA90;
    10091 : FAC9;
    10092 : FB18;
    10093 : FB61;
    10094 : FBB2;
    10095 : FC05;
    10096 : FC63;
    10097 : FCC7;
    10098 : FD25;
    10099 : FD8A;
    10100 : FDEA;
    10101 : FE4F;
    10102 : FEB7;
    10103 : FF2D;
    10104 : FFAF;
    10105 : 0031;
    10106 : 00AC;
    10107 : 0127;
    10108 : 0193;
    10109 : 0208;
    10110 : 0272;
    10111 : 02DC;
    10112 : 0332;
    10113 : 0372;
    10114 : 0395;
    10115 : 03AA;
    10116 : 03C2;
    10117 : 03D7;
    10118 : 0409;
    10119 : 0444;
    10120 : 049E;
    10121 : 04F5;
    10122 : 0555;
    10123 : 05A1;
    10124 : 05D7;
    10125 : 05FE;
    10126 : 060D;
    10127 : 060E;
    10128 : 05F5;
    10129 : 05D3;
    10130 : 05B9;
    10131 : 05A5;
    10132 : 059B;
    10133 : 05AA;
    10134 : 05C0;
    10135 : 05E4;
    10136 : 0609;
    10137 : 0638;
    10138 : 065D;
    10139 : 0684;
    10140 : 0693;
    10141 : 0688;
    10142 : 064C;
    10143 : 05E6;
    10144 : 055F;
    10145 : 04C2;
    10146 : 0423;
    10147 : 038A;
    10148 : 030A;
    10149 : 02A2;
    10150 : 025C;
    10151 : 022D;
    10152 : 0212;
    10153 : 020E;
    10154 : 0218;
    10155 : 021C;
    10156 : 0212;
    10157 : 01EA;
    10158 : 019D;
    10159 : 0138;
    10160 : 00BD;
    10161 : 0044;
    10162 : FFD1;
    10163 : FF6F;
    10164 : FF22;
    10165 : FEF7;
    10166 : FEE5;
    10167 : FEF1;
    10168 : FF10;
    10169 : FF3D;
    10170 : FF5B;
    10171 : FF5A;
    10172 : FF37;
    10173 : FEF1;
    10174 : FE93;
    10175 : FE1E;
    10176 : FD9A;
    10177 : FD2A;
    10178 : FCB3;
    10179 : FC54;
    10180 : FC0A;
    10181 : FBD7;
    10182 : FBC6;
    10183 : FBC2;
    10184 : FBD0;
    10185 : FBED;
    10186 : FBF4;
    10187 : FBFD;
    10188 : FBF3;
    10189 : FBD5;
    10190 : FBB5;
    10191 : FB8B;
    10192 : FB77;
    10193 : FB68;
    10194 : FB68;
    10195 : FB86;
    10196 : FBBB;
    10197 : FC06;
    10198 : FC63;
    10199 : FCC4;
    10200 : FD2F;
    10201 : FD7B;
    10202 : FDAD;
    10203 : FDC2;
    10204 : FDC7;
    10205 : FDC0;
    10206 : FDB5;
    10207 : FDAF;
    10208 : FDAC;
    10209 : FDB5;
    10210 : FDC6;
    10211 : FDE5;
    10212 : FE15;
    10213 : FE4B;
    10214 : FE94;
    10215 : FECE;
    10216 : FF08;
    10217 : FF37;
    10218 : FF5B;
    10219 : FF88;
    10220 : FF9A;
    10221 : FFBD;
    10222 : FFDA;
    10223 : FFFD;
    10224 : 002B;
    10225 : 0064;
    10226 : 00BA;
    10227 : 0114;
    10228 : 0187;
    10229 : 01EA;
    10230 : 0256;
    10231 : 029D;
    10232 : 02E4;
    10233 : 030D;
    10234 : 0325;
    10235 : 0332;
    10236 : 0337;
    10237 : 0331;
    10238 : 0325;
    10239 : 0323;
    10240 : 032A;
    10241 : 033C;
    10242 : 0355;
    10243 : 0376;
    10244 : 0392;
    10245 : 039B;
    10246 : 0390;
    10247 : 0362;
    10248 : 032C;
    10249 : 02E7;
    10250 : 02AB;
    10251 : 0262;
    10252 : 0228;
    10253 : 01F0;
    10254 : 01C3;
    10255 : 01AA;
    10256 : 01AD;
    10257 : 01BE;
    10258 : 01D5;
    10259 : 01E8;
    10260 : 01F5;
    10261 : 01E8;
    10262 : 01CB;
    10263 : 019F;
    10264 : 0164;
    10265 : 0123;
    10266 : 00DE;
    10267 : 0094;
    10268 : 004B;
    10269 : 0000;
    10270 : FFC7;
    10271 : FF92;
    10272 : FF67;
    10273 : FF37;
    10274 : FF09;
    10275 : FECC;
    10276 : FE89;
    10277 : FE42;
    10278 : FDF8;
    10279 : FDBB;
    10280 : FD8A;
    10281 : FD72;
    10282 : FD5E;
    10283 : FD58;
    10284 : FD5B;
    10285 : FD60;
    10286 : FD79;
    10287 : FDA0;
    10288 : FDD2;
    10289 : FDFC;
    10290 : FE26;
    10291 : FE40;
    10292 : FE56;
    10293 : FE53;
    10294 : FE5C;
    10295 : FE60;
    10296 : FE69;
    10297 : FE75;
    10298 : FE75;
    10299 : FE77;
    10300 : FE78;
    10301 : FE83;
    10302 : FE93;
    10303 : FE9B;
    10304 : FEB4;
    10305 : FEC7;
    10306 : FED7;
    10307 : FEE8;
    10308 : FEE7;
    10309 : FEE6;
    10310 : FEEC;
    10311 : FEEC;
    10312 : FF01;
    10313 : FF0B;
    10314 : FF29;
    10315 : FF32;
    10316 : FF4A;
    10317 : FF58;
    10318 : FF70;
    10319 : FF94;
    10320 : FFBC;
    10321 : FFEB;
    10322 : 0007;
    10323 : 003D;
    10324 : 0062;
    10325 : 009F;
    10326 : 00D9;
    10327 : 011F;
    10328 : 0154;
    10329 : 0177;
    10330 : 0177;
    10331 : 0164;
    10332 : 0137;
    10333 : 010D;
    10334 : 00F4;
    10335 : 00D8;
    10336 : 00D2;
    10337 : 00CF;
    10338 : 00DE;
    10339 : 00E8;
    10340 : 0104;
    10341 : 0113;
    10342 : 012E;
    10343 : 0134;
    10344 : 0143;
    10345 : 013D;
    10346 : 0136;
    10347 : 0131;
    10348 : 0138;
    10349 : 0139;
    10350 : 0144;
    10351 : 0132;
    10352 : 0114;
    10353 : 00DA;
    10354 : 009C;
    10355 : 0061;
    10356 : 0024;
    10357 : 0006;
    10358 : FFEA;
    10359 : FFD0;
    10360 : FFB7;
    10361 : FF99;
    10362 : FF75;
    10363 : FF4E;
    10364 : FF2C;
    10365 : FF12;
    10366 : FEDA;
    10367 : FE97;
    10368 : FE38;
    10369 : FDC0;
    10370 : FD4B;
    10371 : FCF4;
    10372 : FCA7;
    10373 : FC72;
    10374 : FC57;
    10375 : FC50;
    10376 : FC72;
    10377 : FCAF;
    10378 : FD1B;
    10379 : FD87;
    10380 : FE01;
    10381 : FE59;
    10382 : FEA8;
    10383 : FEC8;
    10384 : FEDC;
    10385 : FEE4;
    10386 : FEF0;
    10387 : FEFB;
    10388 : FF08;
    10389 : FF1C;
    10390 : FF48;
    10391 : FF8A;
    10392 : FFE2;
    10393 : 0055;
    10394 : 00CD;
    10395 : 0141;
    10396 : 01A3;
    10397 : 01EF;
    10398 : 020F;
    10399 : 0217;
    10400 : 020A;
    10401 : 01FA;
    10402 : 01EE;
    10403 : 01E6;
    10404 : 01E9;
    10405 : 01F7;
    10406 : 020A;
    10407 : 022F;
    10408 : 0266;
    10409 : 02AE;
    10410 : 02F7;
    10411 : 0342;
    10412 : 0382;
    10413 : 03B6;
    10414 : 03DF;
    10415 : 0401;
    10416 : 0417;
    10417 : 0434;
    10418 : 0443;
    10419 : 0450;
    10420 : 044E;
    10421 : 043A;
    10422 : 041C;
    10423 : 03F9;
    10424 : 03CF;
    10425 : 03B5;
    10426 : 038C;
    10427 : 0366;
    10428 : 0337;
    10429 : 0306;
    10430 : 02D2;
    10431 : 029C;
    10432 : 0267;
    10433 : 022F;
    10434 : 01EF;
    10435 : 01B2;
    10436 : 0164;
    10437 : 0115;
    10438 : 00C1;
    10439 : 0070;
    10440 : 0020;
    10441 : FFCF;
    10442 : FF7C;
    10443 : FF25;
    10444 : FEC7;
    10445 : FE86;
    10446 : FE47;
    10447 : FE28;
    10448 : FE15;
    10449 : FE0A;
    10450 : FDDE;
    10451 : FDA4;
    10452 : FD4B;
    10453 : FCE2;
    10454 : FC69;
    10455 : FBEC;
    10456 : FB7F;
    10457 : FB09;
    10458 : FA95;
    10459 : FA35;
    10460 : F9F9;
    10461 : F9CC;
    10462 : F9C2;
    10463 : F9C0;
    10464 : F9BA;
    10465 : F99D;
    10466 : F983;
    10467 : F968;
    10468 : F957;
    10469 : F957;
    10470 : F965;
    10471 : F982;
    10472 : F9A2;
    10473 : F9C2;
    10474 : F9F8;
    10475 : FA44;
    10476 : FAAC;
    10477 : FB23;
    10478 : FBA4;
    10479 : FC21;
    10480 : FC9B;
    10481 : FD02;
    10482 : FD6A;
    10483 : FDD6;
    10484 : FE32;
    10485 : FE84;
    10486 : FECB;
    10487 : FEFC;
    10488 : FF23;
    10489 : FF4F;
    10490 : FF90;
    10491 : FFE7;
    10492 : 003D;
    10493 : 00A5;
    10494 : 010B;
    10495 : 0163;
    10496 : 01AF;
    10497 : 01F9;
    10498 : 023C;
    10499 : 0270;
    10500 : 029D;
    10501 : 02BF;
    10502 : 02EE;
    10503 : 0329;
    10504 : 0384;
    10505 : 03FD;
    10506 : 048B;
    10507 : 052D;
    10508 : 05C7;
    10509 : 0661;
    10510 : 06D9;
    10511 : 0747;
    10512 : 0789;
    10513 : 07BE;
    10514 : 07D6;
    10515 : 07DA;
    10516 : 07C7;
    10517 : 07B2;
    10518 : 079B;
    10519 : 078B;
    10520 : 0785;
    10521 : 0786;
    10522 : 0793;
    10523 : 079A;
    10524 : 079A;
    10525 : 0790;
    10526 : 076C;
    10527 : 072B;
    10528 : 06CF;
    10529 : 0658;
    10530 : 05DC;
    10531 : 055B;
    10532 : 04F6;
    10533 : 0492;
    10534 : 0443;
    10535 : 03F4;
    10536 : 03AF;
    10537 : 037C;
    10538 : 0348;
    10539 : 0319;
    10540 : 02E2;
    10541 : 02A2;
    10542 : 024B;
    10543 : 01D3;
    10544 : 0147;
    10545 : 00A2;
    10546 : FFFF;
    10547 : FF56;
    10548 : FEB3;
    10549 : FE1F;
    10550 : FD9B;
    10551 : FD35;
    10552 : FCE5;
    10553 : FC91;
    10554 : FC2A;
    10555 : FB9E;
    10556 : FAE5;
    10557 : FA0C;
    10558 : F925;
    10559 : F840;
    10560 : F781;
    10561 : F6EB;
    10562 : F67E;
    10563 : F642;
    10564 : F628;
    10565 : F632;
    10566 : F64F;
    10567 : F676;
    10568 : F6A4;
    10569 : F6C1;
    10570 : F6D0;
    10571 : F6C9;
    10572 : F6BF;
    10573 : F6AF;
    10574 : F6B1;
    10575 : F6BB;
    10576 : F6DB;
    10577 : F704;
    10578 : F72E;
    10579 : F777;
    10580 : F7C3;
    10581 : F830;
    10582 : F898;
    10583 : F901;
    10584 : F95E;
    10585 : F9AD;
    10586 : F9F5;
    10587 : FA30;
    10588 : FA70;
    10589 : FAC6;
    10590 : FB27;
    10591 : FBA8;
    10592 : FC3E;
    10593 : FCF4;
    10594 : FDC1;
    10595 : FEAA;
    10596 : FFAD;
    10597 : 00B1;
    10598 : 01A7;
    10599 : 0295;
    10600 : 0362;
    10601 : 041E;
    10602 : 04C1;
    10603 : 0564;
    10604 : 05FF;
    10605 : 0692;
    10606 : 0718;
    10607 : 07A9;
    10608 : 082A;
    10609 : 08B7;
    10610 : 0937;
    10611 : 09B8;
    10612 : 0A22;
    10613 : 0A81;
    10614 : 0ABF;
    10615 : 0AE7;
    10616 : 0B0A;
    10617 : 0B0F;
    10618 : 0B14;
    10619 : 0B10;
    10620 : 0B13;
    10621 : 0B18;
    10622 : 0B1E;
    10623 : 0B44;
    10624 : 0B65;
    10625 : 0B8A;
    10626 : 0BA5;
    10627 : 0BC0;
    10628 : 0BBD;
    10629 : 0BA5;
    10630 : 0B7B;
    10631 : 0B46;
    10632 : 0AF1;
    10633 : 0A96;
    10634 : 0A31;
    10635 : 09CC;
    10636 : 0959;
    10637 : 08DC;
    10638 : 0857;
    10639 : 07BD;
    10640 : 0716;
    10641 : 065A;
    10642 : 0593;
    10643 : 04C3;
    10644 : 03DC;
    10645 : 02E7;
    10646 : 01EF;
    10647 : 00E7;
    10648 : FFDD;
    10649 : FECA;
    10650 : FDDB;
    10651 : FCF9;
    10652 : FC2B;
    10653 : FB6E;
    10654 : FACE;
    10655 : FA31;
    10656 : F9A6;
    10657 : F91B;
    10658 : F893;
    10659 : F7F5;
    10660 : F74B;
    10661 : F6A4;
    10662 : F5FD;
    10663 : F564;
    10664 : F4DC;
    10665 : F46C;
    10666 : F401;
    10667 : F3A7;
    10668 : F346;
    10669 : F2E9;
    10670 : F294;
    10671 : F23A;
    10672 : F1FF;
    10673 : F1CF;
    10674 : F1B8;
    10675 : F1A7;
    10676 : F1A4;
    10677 : F19C;
    10678 : F1AB;
    10679 : F1B3;
    10680 : F1D3;
    10681 : F208;
    10682 : F24B;
    10683 : F2B4;
    10684 : F335;
    10685 : F3DE;
    10686 : F498;
    10687 : F570;
    10688 : F652;
    10689 : F732;
    10690 : F80D;
    10691 : F8D9;
    10692 : F9A7;
    10693 : FA64;
    10694 : FB23;
    10695 : FBE7;
    10696 : FCAC;
    10697 : FD93;
    10698 : FE82;
    10699 : FF81;
    10700 : 007F;
    10701 : 0180;
    10702 : 0274;
    10703 : 0359;
    10704 : 042A;
    10705 : 04F5;
    10706 : 05B7;
    10707 : 0654;
    10708 : 06F8;
    10709 : 0792;
    10710 : 083A;
    10711 : 08F9;
    10712 : 09C0;
    10713 : 0A91;
    10714 : 0B5A;
    10715 : 0C17;
    10716 : 0CCD;
    10717 : 0D71;
    10718 : 0DF7;
    10719 : 0E77;
    10720 : 0ED4;
    10721 : 0F29;
    10722 : 0F57;
    10723 : 0F73;
    10724 : 0F75;
    10725 : 0F6A;
    10726 : 0F5F;
    10727 : 0F45;
    10728 : 0F24;
    10729 : 0EF5;
    10730 : 0EB0;
    10731 : 0E62;
    10732 : 0E00;
    10733 : 0D97;
    10734 : 0D15;
    10735 : 0C85;
    10736 : 0BD3;
    10737 : 0B00;
    10738 : 0A01;
    10739 : 08ED;
    10740 : 07D0;
    10741 : 06BB;
    10742 : 05BC;
    10743 : 04DA;
    10744 : 041A;
    10745 : 036C;
    10746 : 02D0;
    10747 : 0236;
    10748 : 019E;
    10749 : 0102;
    10750 : 0047;
    10751 : FF80;
    10752 : FE8E;
    10753 : FD8F;
    10754 : FC7C;
    10755 : FB72;
    10756 : FA74;
    10757 : F979;
    10758 : F887;
    10759 : F797;
    10760 : F6BD;
    10761 : F5EA;
    10762 : F52E;
    10763 : F48B;
    10764 : F40A;
    10765 : F390;
    10766 : F315;
    10767 : F29C;
    10768 : F229;
    10769 : F1B9;
    10770 : F15A;
    10771 : F0FB;
    10772 : F0BA;
    10773 : F089;
    10774 : F07B;
    10775 : F08A;
    10776 : F0C4;
    10777 : F105;
    10778 : F16D;
    10779 : F1D5;
    10780 : F250;
    10781 : F2C4;
    10782 : F335;
    10783 : F3A2;
    10784 : F40A;
    10785 : F477;
    10786 : F4F2;
    10787 : F57D;
    10788 : F62A;
    10789 : F6DF;
    10790 : F7A8;
    10791 : F864;
    10792 : F921;
    10793 : F9DA;
    10794 : FA94;
    10795 : FB46;
    10796 : FBF5;
    10797 : FC9D;
    10798 : FD47;
    10799 : FDF6;
    10800 : FEA3;
    10801 : FF68;
    10802 : 0036;
    10803 : 0125;
    10804 : 0220;
    10805 : 0321;
    10806 : 041D;
    10807 : 0518;
    10808 : 05FC;
    10809 : 06D8;
    10810 : 0786;
    10811 : 0826;
    10812 : 08A4;
    10813 : 0913;
    10814 : 0975;
    10815 : 09D7;
    10816 : 0A36;
    10817 : 0A95;
    10818 : 0AF3;
    10819 : 0B47;
    10820 : 0B92;
    10821 : 0BCD;
    10822 : 0BF2;
    10823 : 0C09;
    10824 : 0C04;
    10825 : 0BE8;
    10826 : 0BC0;
    10827 : 0B8C;
    10828 : 0B4C;
    10829 : 0AFC;
    10830 : 0AAA;
    10831 : 0A5C;
    10832 : 0A14;
    10833 : 09E8;
    10834 : 09C4;
    10835 : 09B6;
    10836 : 0992;
    10837 : 096C;
    10838 : 0924;
    10839 : 08C9;
    10840 : 084F;
    10841 : 07C4;
    10842 : 072A;
    10843 : 068D;
    10844 : 05F7;
    10845 : 0567;
    10846 : 04EC;
    10847 : 0478;
    10848 : 0411;
    10849 : 03AC;
    10850 : 033A;
    10851 : 02C9;
    10852 : 0240;
    10853 : 01A6;
    10854 : 00E8;
    10855 : 0003;
    10856 : FF1B;
    10857 : FE37;
    10858 : FD62;
    10859 : FCA5;
    10860 : FBEF;
    10861 : FB51;
    10862 : FAB6;
    10863 : FA33;
    10864 : F9BD;
    10865 : F95F;
    10866 : F8F9;
    10867 : F892;
    10868 : F81F;
    10869 : F7AA;
    10870 : F730;
    10871 : F6CE;
    10872 : F677;
    10873 : F63C;
    10874 : F604;
    10875 : F5D5;
    10876 : F5BC;
    10877 : F5A8;
    10878 : F5BC;
    10879 : F5D1;
    10880 : F603;
    10881 : F625;
    10882 : F648;
    10883 : F649;
    10884 : F648;
    10885 : F63F;
    10886 : F63B;
    10887 : F64F;
    10888 : F674;
    10889 : F6A7;
    10890 : F6ED;
    10891 : F73C;
    10892 : F7A0;
    10893 : F80C;
    10894 : F887;
    10895 : F909;
    10896 : F98F;
    10897 : FA02;
    10898 : FA7C;
    10899 : FAF6;
    10900 : FB84;
    10901 : FC1D;
    10902 : FCCD;
    10903 : FD78;
    10904 : FE2D;
    10905 : FECD;
    10906 : FF77;
    10907 : 000C;
    10908 : 00A8;
    10909 : 0139;
    10910 : 01D8;
    10911 : 0261;
    10912 : 02D7;
    10913 : 0338;
    10914 : 038B;
    10915 : 03D6;
    10916 : 041F;
    10917 : 0475;
    10918 : 04D7;
    10919 : 053F;
    10920 : 05B1;
    10921 : 062D;
    10922 : 06B2;
    10923 : 073A;
    10924 : 07BA;
    10925 : 0833;
    10926 : 0894;
    10927 : 08E4;
    10928 : 091F;
    10929 : 0959;
    10930 : 0982;
    10931 : 09AB;
    10932 : 09E1;
    10933 : 0A1F;
    10934 : 0A67;
    10935 : 0AA6;
    10936 : 0AE4;
    10937 : 0B12;
    10938 : 0B2D;
    10939 : 0B2E;
    10940 : 0B12;
    10941 : 0AF0;
    10942 : 0AAB;
    10943 : 0A47;
    10944 : 09D6;
    10945 : 0951;
    10946 : 08D6;
    10947 : 0859;
    10948 : 07EC;
    10949 : 078B;
    10950 : 0713;
    10951 : 0698;
    10952 : 0603;
    10953 : 056A;
    10954 : 04C8;
    10955 : 041C;
    10956 : 037E;
    10957 : 02D5;
    10958 : 022D;
    10959 : 0177;
    10960 : 00CE;
    10961 : 0024;
    10962 : FF8C;
    10963 : FEF3;
    10964 : FE6B;
    10965 : FDD6;
    10966 : FD3A;
    10967 : FC9F;
    10968 : FBF6;
    10969 : FB5A;
    10970 : FABD;
    10971 : FA21;
    10972 : F988;
    10973 : F8DF;
    10974 : F831;
    10975 : F781;
    10976 : F6E9;
    10977 : F662;
    10978 : F5EE;
    10979 : F582;
    10980 : F525;
    10981 : F4D4;
    10982 : F48D;
    10983 : F454;
    10984 : F42E;
    10985 : F40F;
    10986 : F3FF;
    10987 : F3EA;
    10988 : F3DA;
    10989 : F3C8;
    10990 : F3CE;
    10991 : F3F3;
    10992 : F433;
    10993 : F491;
    10994 : F4F2;
    10995 : F55B;
    10996 : F5BD;
    10997 : F622;
    10998 : F691;
    10999 : F704;
    11000 : F77E;
    11001 : F7FF;
    11002 : F889;
    11003 : F910;
    11004 : F9A3;
    11005 : FA40;
    11006 : FAE7;
    11007 : FB90;
    11008 : FC35;
    11009 : FCEC;
    11010 : FD95;
    11011 : FE5A;
    11012 : FF19;
    11013 : FFEF;
    11014 : 00B7;
    11015 : 018F;
    11016 : 0266;
    11017 : 0342;
    11018 : 0420;
    11019 : 0502;
    11020 : 05E6;
    11021 : 06C6;
    11022 : 0797;
    11023 : 085E;
    11024 : 0924;
    11025 : 09D5;
    11026 : 0A7F;
    11027 : 0B0E;
    11028 : 0B8D;
    11029 : 0C00;
    11030 : 0C53;
    11031 : 0C97;
    11032 : 0CCB;
    11033 : 0CE9;
    11034 : 0CF0;
    11035 : 0CDF;
    11036 : 0CC9;
    11037 : 0CA3;
    11038 : 0C69;
    11039 : 0C36;
    11040 : 0BF2;
    11041 : 0BA9;
    11042 : 0B49;
    11043 : 0AE1;
    11044 : 0A6C;
    11045 : 09EA;
    11046 : 0964;
    11047 : 08E6;
    11048 : 086C;
    11049 : 07E6;
    11050 : 076B;
    11051 : 06E9;
    11052 : 0663;
    11053 : 05D6;
    11054 : 0542;
    11055 : 04AB;
    11056 : 0405;
    11057 : 0357;
    11058 : 029D;
    11059 : 01D9;
    11060 : 0116;
    11061 : 0046;
    11062 : FF82;
    11063 : FEB6;
    11064 : FDF6;
    11065 : FD20;
    11066 : FC4F;
    11067 : FB76;
    11068 : FAB1;
    11069 : F9F5;
    11070 : F945;
    11071 : F89D;
    11072 : F7FF;
    11073 : F762;
    11074 : F6CD;
    11075 : F63C;
    11076 : F5BD;
    11077 : F542;
    11078 : F4E4;
    11079 : F492;
    11080 : F466;
    11081 : F450;
    11082 : F45D;
    11083 : F47D;
    11084 : F4A2;
    11085 : F4CB;
    11086 : F4E9;
    11087 : F4F1;
    11088 : F4E8;
    11089 : F4E8;
    11090 : F4E5;
    11091 : F4F7;
    11092 : F50C;
    11093 : F543;
    11094 : F58F;
    11095 : F5F3;
    11096 : F668;
    11097 : F6EB;
    11098 : F76E;
    11099 : F7F0;
    11100 : F874;
    11101 : F8FB;
    11102 : F97E;
    11103 : FA1E;
    11104 : FAC1;
    11105 : FB78;
    11106 : FC3E;
    11107 : FD1C;
    11108 : FE07;
    11109 : FEEA;
    11110 : FFD2;
    11111 : 00B1;
    11112 : 0190;
    11113 : 026E;
    11114 : 0347;
    11115 : 0420;
    11116 : 04F2;
    11117 : 05BC;
    11118 : 067D;
    11119 : 0735;
    11120 : 07DE;
    11121 : 0879;
    11122 : 090C;
    11123 : 0985;
    11124 : 0A02;
    11125 : 0A56;
    11126 : 0AB1;
    11127 : 0AEF;
    11128 : 0B36;
    11129 : 0B66;
    11130 : 0B8C;
    11131 : 0BA1;
    11132 : 0BB3;
    11133 : 0BBE;
    11134 : 0BCC;
    11135 : 0BDF;
    11136 : 0BE5;
    11137 : 0BE5;
    11138 : 0BE4;
    11139 : 0BD7;
    11140 : 0BC0;
    11141 : 0B8E;
    11142 : 0B5A;
    11143 : 0B13;
    11144 : 0AB8;
    11145 : 0A55;
    11146 : 09E3;
    11147 : 0964;
    11148 : 08D1;
    11149 : 0833;
    11150 : 0788;
    11151 : 06C6;
    11152 : 05EC;
    11153 : 0517;
    11154 : 0430;
    11155 : 034F;
    11156 : 0260;
    11157 : 017A;
    11158 : 0095;
    11159 : FFBF;
    11160 : FEE1;
    11161 : FE16;
    11162 : FD44;
    11163 : FC83;
    11164 : FBB9;
    11165 : FAF5;
    11166 : FA3C;
    11167 : F996;
    11168 : F8EB;
    11169 : F84B;
    11170 : F7B3;
    11171 : F735;
    11172 : F6CF;
    11173 : F67D;
    11174 : F638;
    11175 : F5E5;
    11176 : F594;
    11177 : F539;
    11178 : F4DF;
    11179 : F48A;
    11180 : F434;
    11181 : F3F7;
    11182 : F3CC;
    11183 : F3BA;
    11184 : F3C0;
    11185 : F3D3;
    11186 : F408;
    11187 : F446;
    11188 : F49F;
    11189 : F4F3;
    11190 : F556;
    11191 : F5BD;
    11192 : F623;
    11193 : F6A2;
    11194 : F72E;
    11195 : F7CA;
    11196 : F871;
    11197 : F924;
    11198 : F9F6;
    11199 : FABC;
    11200 : FB93;
    11201 : FC6E;
    11202 : FD5F;
    11203 : FE57;
    11204 : FF60;
    11205 : 0064;
    11206 : 0167;
    11207 : 0253;
    11208 : 0331;
    11209 : 040C;
    11210 : 04CD;
    11211 : 0588;
    11212 : 0629;
    11213 : 06BC;
    11214 : 072D;
    11215 : 079C;
    11216 : 0817;
    11217 : 0899;
    11218 : 092F;
    11219 : 09CF;
    11220 : 0A74;
    11221 : 0B0E;
    11222 : 0B96;
    11223 : 0C06;
    11224 : 0C59;
    11225 : 0C9A;
    11226 : 0CC4;
    11227 : 0CDC;
    11228 : 0CD5;
    11229 : 0CC4;
    11230 : 0CAD;
    11231 : 0C8D;
    11232 : 0C67;
    11233 : 0C49;
    11234 : 0C22;
    11235 : 0BF6;
    11236 : 0BB9;
    11237 : 0B74;
    11238 : 0B1B;
    11239 : 0AA6;
    11240 : 0A26;
    11241 : 0994;
    11242 : 08E7;
    11243 : 0819;
    11244 : 073B;
    11245 : 064B;
    11246 : 0552;
    11247 : 0467;
    11248 : 0394;
    11249 : 02C7;
    11250 : 0204;
    11251 : 013C;
    11252 : 0074;
    11253 : FFBD;
    11254 : FEFD;
    11255 : FE49;
    11256 : FD99;
    11257 : FCF1;
    11258 : FC4B;
    11259 : FB9E;
    11260 : FAE8;
    11261 : FA32;
    11262 : F97E;
    11263 : F8D3;
    11264 : F82B;
    11265 : F797;
    11266 : F70B;
    11267 : F691;
    11268 : F627;
    11269 : F5D1;
    11270 : F57F;
    11271 : F530;
    11272 : F4E8;
    11273 : F494;
    11274 : F443;
    11275 : F3F5;
    11276 : F3B6;
    11277 : F384;
    11278 : F35F;
    11279 : F34E;
    11280 : F351;
    11281 : F367;
    11282 : F395;
    11283 : F3CF;
    11284 : F41D;
    11285 : F47B;
    11286 : F4EE;
    11287 : F569;
    11288 : F5E1;
    11289 : F661;
    11290 : F6E0;
    11291 : F76A;
    11292 : F809;
    11293 : F8B0;
    11294 : F968;
    11295 : FA24;
    11296 : FAE7;
    11297 : FBA6;
    11298 : FC4F;
    11299 : FCFD;
    11300 : FDAA;
    11301 : FE58;
    11302 : FF0B;
    11303 : FFC4;
    11304 : 0078;
    11305 : 0122;
    11306 : 01CA;
    11307 : 0280;
    11308 : 032D;
    11309 : 03E4;
    11310 : 0494;
    11311 : 0553;
    11312 : 05F8;
    11313 : 06A1;
    11314 : 0744;
    11315 : 07DF;
    11316 : 0869;
    11317 : 08F1;
    11318 : 0962;
    11319 : 09D3;
    11320 : 0A26;
    11321 : 0A82;
    11322 : 0AD8;
    11323 : 0B2C;
    11324 : 0B84;
    11325 : 0BC7;
    11326 : 0BF5;
    11327 : 0C0E;
    11328 : 0C05;
    11329 : 0BF0;
    11330 : 0BBC;
    11331 : 0B8D;
    11332 : 0B45;
    11333 : 0AF7;
    11334 : 0A8D;
    11335 : 0A1B;
    11336 : 0997;
    11337 : 090A;
    11338 : 0883;
    11339 : 07ED;
    11340 : 074E;
    11341 : 06B2;
    11342 : 060F;
    11343 : 0571;
    11344 : 04D2;
    11345 : 043D;
    11346 : 03AB;
    11347 : 0312;
    11348 : 025D;
    11349 : 01AE;
    11350 : 00EE;
    11351 : 002E;
    11352 : FF5E;
    11353 : FE95;
    11354 : FDC3;
    11355 : FD05;
    11356 : FC5E;
    11357 : FBD1;
    11358 : FB57;
    11359 : FADE;
    11360 : FA63;
    11361 : F9DA;
    11362 : F945;
    11363 : F8A8;
    11364 : F803;
    11365 : F757;
    11366 : F6B9;
    11367 : F624;
    11368 : F5AC;
    11369 : F545;
    11370 : F509;
    11371 : F4E0;
    11372 : F4CC;
    11373 : F4BC;
    11374 : F4B8;
    11375 : F4BE;
    11376 : F4CB;
    11377 : F4F0;
    11378 : F528;
    11379 : F573;
    11380 : F5BD;
    11381 : F60D;
    11382 : F65A;
    11383 : F6AB;
    11384 : F701;
    11385 : F760;
    11386 : F7CD;
    11387 : F83F;
    11388 : F8C0;
    11389 : F949;
    11390 : F9EA;
    11391 : FA97;
    11392 : FB41;
    11393 : FBE2;
    11394 : FC7F;
    11395 : FD04;
    11396 : FD80;
    11397 : FDF4;
    11398 : FE72;
    11399 : FEF7;
    11400 : FF83;
    11401 : 001D;
    11402 : 00C9;
    11403 : 016F;
    11404 : 0218;
    11405 : 02CC;
    11406 : 037F;
    11407 : 0427;
    11408 : 04BA;
    11409 : 0542;
    11410 : 05B8;
    11411 : 061B;
    11412 : 0685;
    11413 : 06EB;
    11414 : 075B;
    11415 : 07C5;
    11416 : 082B;
    11417 : 088A;
    11418 : 08CA;
    11419 : 0900;
    11420 : 0929;
    11421 : 0949;
    11422 : 094F;
    11423 : 0949;
    11424 : 0934;
    11425 : 0908;
    11426 : 08DC;
    11427 : 08A5;
    11428 : 0873;
    11429 : 0842;
    11430 : 0816;
    11431 : 07F5;
    11432 : 07D1;
    11433 : 07AE;
    11434 : 078A;
    11435 : 0764;
    11436 : 0721;
    11437 : 06DB;
    11438 : 066A;
    11439 : 05F5;
    11440 : 0569;
    11441 : 04DB;
    11442 : 0458;
    11443 : 03DC;
    11444 : 0369;
    11445 : 030B;
    11446 : 02A5;
    11447 : 0252;
    11448 : 01F1;
    11449 : 017E;
    11450 : 00FE;
    11451 : 0067;
    11452 : FFBC;
    11453 : FEFE;
    11454 : FE46;
    11455 : FD93;
    11456 : FCEB;
    11457 : FC4A;
    11458 : FBBD;
    11459 : FB56;
    11460 : FAF7;
    11461 : FAAE;
    11462 : FA65;
    11463 : FA21;
    11464 : F9DA;
    11465 : F995;
    11466 : F95C;
    11467 : F928;
    11468 : F8F5;
    11469 : F8B5;
    11470 : F878;
    11471 : F840;
    11472 : F819;
    11473 : F801;
    11474 : F800;
    11475 : F80C;
    11476 : F82F;
    11477 : F852;
    11478 : F885;
    11479 : F8C5;
    11480 : F909;
    11481 : F94B;
    11482 : F97B;
    11483 : F9A1;
    11484 : F9A9;
    11485 : F9AC;
    11486 : F9B6;
    11487 : F9D1;
    11488 : FA07;
    11489 : FA4E;
    11490 : FABB;
    11491 : FB30;
    11492 : FBA8;
    11493 : FC2C;
    11494 : FCAB;
    11495 : FD3A;
    11496 : FDAF;
    11497 : FE30;
    11498 : FEA0;
    11499 : FF0E;
    11500 : FF70;
    11501 : FFD1;
    11502 : 0037;
    11503 : 00A1;
    11504 : 0110;
    11505 : 018D;
    11506 : 0209;
    11507 : 028B;
    11508 : 02FC;
    11509 : 0377;
    11510 : 03F7;
    11511 : 047A;
    11512 : 04E8;
    11513 : 054B;
    11514 : 058A;
    11515 : 05BA;
    11516 : 05D2;
    11517 : 05EE;
    11518 : 0617;
    11519 : 0640;
    11520 : 0677;
    11521 : 06C3;
    11522 : 0712;
    11523 : 075D;
    11524 : 079F;
    11525 : 07E7;
    11526 : 081E;
    11527 : 083A;
    11528 : 0842;
    11529 : 082F;
    11530 : 080B;
    11531 : 07CF;
    11532 : 0797;
    11533 : 076B;
    11534 : 0744;
    11535 : 0720;
    11536 : 06FB;
    11537 : 06CC;
    11538 : 0690;
    11539 : 0645;
    11540 : 05F0;
    11541 : 0596;
    11542 : 0534;
    11543 : 04C0;
    11544 : 0439;
    11545 : 03A1;
    11546 : 0307;
    11547 : 0264;
    11548 : 01BF;
    11549 : 012C;
    11550 : 0098;
    11551 : 0019;
    11552 : FF96;
    11553 : FF2E;
    11554 : FED0;
    11555 : FE7C;
    11556 : FE2A;
    11557 : FDCF;
    11558 : FD6F;
    11559 : FCF6;
    11560 : FC7D;
    11561 : FBFA;
    11562 : FB7B;
    11563 : FB00;
    11564 : FA94;
    11565 : FA39;
    11566 : F9E4;
    11567 : F99E;
    11568 : F968;
    11569 : F942;
    11570 : F927;
    11571 : F911;
    11572 : F8F6;
    11573 : F8DB;
    11574 : F8B3;
    11575 : F895;
    11576 : F872;
    11577 : F85C;
    11578 : F847;
    11579 : F83B;
    11580 : F840;
    11581 : F85B;
    11582 : F87C;
    11583 : F8A6;
    11584 : F8E0;
    11585 : F91B;
    11586 : F971;
    11587 : F9C4;
    11588 : FA26;
    11589 : FA7F;
    11590 : FABE;
    11591 : FB05;
    11592 : FB3A;
    11593 : FB77;
    11594 : FBB6;
    11595 : FC0C;
    11596 : FC6A;
    11597 : FCCC;
    11598 : FD36;
    11599 : FD9A;
    11600 : FE0D;
    11601 : FE71;
    11602 : FEDF;
    11603 : FF3E;
    11604 : FF92;
    11605 : FFE1;
    11606 : 0026;
    11607 : 0076;
    11608 : 00CA;
    11609 : 0136;
    11610 : 01B0;
    11611 : 021F;
    11612 : 0292;
    11613 : 02FB;
    11614 : 0365;
    11615 : 03CC;
    11616 : 043A;
    11617 : 0496;
    11618 : 04FA;
    11619 : 0546;
    11620 : 058D;
    11621 : 05C7;
    11622 : 05F0;
    11623 : 0625;
    11624 : 0653;
    11625 : 0683;
    11626 : 06B4;
    11627 : 06D5;
    11628 : 06FB;
    11629 : 0713;
    11630 : 072B;
    11631 : 072F;
    11632 : 072F;
    11633 : 0708;
    11634 : 06D1;
    11635 : 0686;
    11636 : 0636;
    11637 : 05ED;
    11638 : 05A8;
    11639 : 0570;
    11640 : 053C;
    11641 : 050A;
    11642 : 04DA;
    11643 : 04AC;
    11644 : 047A;
    11645 : 044C;
    11646 : 040B;
    11647 : 03CD;
    11648 : 0376;
    11649 : 0316;
    11650 : 02BA;
    11651 : 024F;
    11652 : 01F4;
    11653 : 0184;
    11654 : 0114;
    11655 : 009E;
    11656 : 0036;
    11657 : FFDA;
    11658 : FF88;
    11659 : FF38;
    11660 : FEED;
    11661 : FE9F;
    11662 : FE43;
    11663 : FDE1;
    11664 : FD7A;
    11665 : FD16;
    11666 : FC96;
    11667 : FC27;
    11668 : FBAA;
    11669 : FB48;
    11670 : FAF6;
    11671 : FAB3;
    11672 : FA91;
    11673 : FA82;
    11674 : FA81;
    11675 : FA8C;
    11676 : FA92;
    11677 : FA9D;
    11678 : FAA2;
    11679 : FAAE;
    11680 : FA9C;
    11681 : FA8F;
    11682 : FA76;
    11683 : FA6E;
    11684 : FA69;
    11685 : FA7C;
    11686 : FA91;
    11687 : FAAE;
    11688 : FABD;
    11689 : FADC;
    11690 : FAF7;
    11691 : FB1A;
    11692 : FB40;
    11693 : FB66;
    11694 : FB8A;
    11695 : FBAE;
    11696 : FBD7;
    11697 : FC0C;
    11698 : FC4D;
    11699 : FC9B;
    11700 : FCF4;
    11701 : FD53;
    11702 : FDB5;
    11703 : FE1A;
    11704 : FE88;
    11705 : FEFA;
    11706 : FF79;
    11707 : FFF9;
    11708 : 0071;
    11709 : 00E3;
    11710 : 014D;
    11711 : 01B4;
    11712 : 021D;
    11713 : 028A;
    11714 : 02FA;
    11715 : 036E;
    11716 : 03DB;
    11717 : 0440;
    11718 : 04A3;
    11719 : 04FD;
    11720 : 053E;
    11721 : 057D;
    11722 : 05B1;
    11723 : 05D2;
    11724 : 05EC;
    11725 : 05F1;
    11726 : 05F3;
    11727 : 05F9;
    11728 : 05ED;
    11729 : 05F3;
    11730 : 05EE;
    11731 : 05F2;
    11732 : 05F4;
    11733 : 0607;
    11734 : 061C;
    11735 : 0632;
    11736 : 063D;
    11737 : 0635;
    11738 : 060C;
    11739 : 05CA;
    11740 : 056D;
    11741 : 0513;
    11742 : 04AA;
    11743 : 0451;
    11744 : 03F6;
    11745 : 03B2;
    11746 : 0372;
    11747 : 033B;
    11748 : 030D;
    11749 : 02E1;
    11750 : 02AD;
    11751 : 026A;
    11752 : 021A;
    11753 : 01BB;
    11754 : 0155;
    11755 : 00E2;
    11756 : 0077;
    11757 : FFFC;
    11758 : FF8F;
    11759 : FF19;
    11760 : FEC2;
    11761 : FE6E;
    11762 : FE2F;
    11763 : FE03;
    11764 : FDE2;
    11765 : FDCF;
    11766 : FDBB;
    11767 : FDAD;
    11768 : FD96;
    11769 : FD71;
    11770 : FD45;
    11771 : FD10;
    11772 : FCE4;
    11773 : FCB2;
    11774 : FC82;
    11775 : FC60;
    11776 : FC38;
    11777 : FC1D;
    11778 : FBFC;
    11779 : FBE8;
    11780 : FBDC;
    11781 : FBCF;
    11782 : FBCF;
    11783 : FBCA;
    11784 : FBCA;
    11785 : FBBC;
    11786 : FBAF;
    11787 : FBAE;
    11788 : FBAF;
    11789 : FBBE;
    11790 : FBBF;
    11791 : FBDC;
    11792 : FBF7;
    11793 : FC18;
    11794 : FC47;
    11795 : FC71;
    11796 : FCA7;
    11797 : FCDC;
    11798 : FD10;
    11799 : FD4A;
    11800 : FD81;
    11801 : FDC3;
    11802 : FE00;
    11803 : FE4E;
    11804 : FE90;
    11805 : FEE2;
    11806 : FF2B;
    11807 : FF70;
    11808 : FFAD;
    11809 : FFE4;
    11810 : 001A;
    11811 : 004A;
    11812 : 0084;
    11813 : 00AC;
    11814 : 00E4;
    11815 : 0109;
    11816 : 0135;
    11817 : 0156;
    11818 : 017A;
    11819 : 019F;
    11820 : 01D2;
    11821 : 0200;
    11822 : 022B;
    11823 : 025D;
    11824 : 028A;
    11825 : 02B0;
    11826 : 02D2;
    11827 : 02F6;
    11828 : 0312;
    11829 : 032B;
    11830 : 033E;
    11831 : 0347;
    11832 : 0353;
    11833 : 034A;
    11834 : 034D;
    11835 : 0340;
    11836 : 0328;
    11837 : 0314;
    11838 : 02EB;
    11839 : 02C7;
    11840 : 0298;
    11841 : 0271;
    11842 : 0241;
    11843 : 0217;
    11844 : 01E9;
    11845 : 01BA;
    11846 : 018E;
    11847 : 015C;
    11848 : 012A;
    11849 : 00ED;
    11850 : 00A7;
    11851 : 005F;
    11852 : 0015;
    11853 : FFCA;
    11854 : FF92;
    11855 : FF5E;
    11856 : FF47;
    11857 : FF2A;
    11858 : FF21;
    11859 : FF19;
    11860 : FF0D;
    11861 : FF03;
    11862 : FEEB;
    11863 : FEDB;
    11864 : FEC0;
    11865 : FEA1;
    11866 : FE7B;
    11867 : FE62;
    11868 : FE48;
    11869 : FE32;
    11870 : FE1A;
    11871 : FE07;
    11872 : FDF7;
    11873 : FDE7;
    11874 : FDDF;
    11875 : FDE5;
    11876 : FDF1;
    11877 : FE09;
    11878 : FE1A;
    11879 : FE2D;
    11880 : FE34;
    11881 : FE32;
    11882 : FE26;
    11883 : FE19;
    11884 : FE0F;
    11885 : FE11;
    11886 : FE0C;
    11887 : FE2B;
    11888 : FE40;
    11889 : FE6F;
    11890 : FE94;
    11891 : FEB9;
    11892 : FEE1;
    11893 : FEFC;
    11894 : FF14;
    11895 : FF24;
    11896 : FF34;
    11897 : FF45;
    11898 : FF4F;
    11899 : FF70;
    11900 : FF89;
    11901 : FFA3;
    11902 : FFBD;
    11903 : FFD2;
    11904 : FFF0;
    11905 : 0004;
    11906 : 001A;
    11907 : 0032;
    11908 : 004E;
    11909 : 005B;
    11910 : 0067;
    11911 : 0069;
    11912 : 006C;
    11913 : 006D;
    11914 : 006D;
    11915 : 007E;
    11916 : 008C;
    11917 : 00A5;
    11918 : 00B5;
    11919 : 00CB;
    11920 : 00DE;
    11921 : 00E9;
    11922 : 00E9;
    11923 : 00E0;
    11924 : 00CB;
    11925 : 00B2;
    11926 : 0096;
    11927 : 007B;
    11928 : 005F;
    11929 : 004C;
    11930 : 0036;
    11931 : 0028;
    11932 : 0014;
    11933 : 0004;
    11934 : FFF4;
    11935 : FFE4;
    11936 : FFD6;
    11937 : FFC7;
    11938 : FFBB;
    11939 : FFA4;
    11940 : FF8A;
    11941 : FF69;
    11942 : FF4F;
    11943 : FF32;
    11944 : FF1C;
    11945 : FF10;
    11946 : FF05;
    11947 : FF0D;
    11948 : FF0A;
    11949 : FF18;
    11950 : FF1F;
    11951 : FF3B;
    11952 : FF60;
    11953 : FF81;
    11954 : FFA7;
    11955 : FFCB;
    11956 : FFE4;
    11957 : 0000;
    11958 : 000D;
    11959 : 0020;
    11960 : 002F;
    11961 : 003B;
    11962 : 004C;
    11963 : 0068;
    11964 : 0084;
    11965 : 00AA;
    11966 : 00C1;
    11967 : 00EA;
    11968 : 010A;
    11969 : 012C;
    11970 : 013F;
    11971 : 0151;
    11972 : 0160;
    11973 : 0170;
    11974 : 0183;
    11975 : 0193;
    11976 : 019D;
    11977 : 01A5;
    11978 : 01AA;
    11979 : 01A1;
    11980 : 019F;
    11981 : 0196;
    11982 : 019D;
    11983 : 01AD;
    11984 : 01C4;
    11985 : 01DF;
    11986 : 01F2;
    11987 : 01FB;
    11988 : 01F3;
    11989 : 01F4;
    11990 : 01EB;
    11991 : 01E3;
    11992 : 01D9;
    11993 : 01C9;
    11994 : 01BF;
    11995 : 01B1;
    11996 : 01AA;
    11997 : 01A5;
    11998 : 019C;
    11999 : 0197;
    12000 : 017E;
    12001 : 0167;
    12002 : 0148;
    12003 : 0126;
    12004 : 010F;
    12005 : 00F9;
    12006 : 00E9;
    12007 : 00E0;
    12008 : 00CB;
    12009 : 00BD;
    12010 : 00A6;
    12011 : 0095;
    12012 : 0088;
    12013 : 0073;
    12014 : 005F;
    12015 : 0041;
    12016 : 0029;
    12017 : 0009;
    12018 : FFEB;
    12019 : FFC1;
    12020 : FF97;
    12021 : FF70;
    12022 : FF43;
    12023 : FF1B;
    12024 : FEF2;
    12025 : FEC8;
    12026 : FEAD;
    12027 : FE90;
    12028 : FE78;
    12029 : FE59;
    12030 : FE39;
    12031 : FE11;
    12032 : FDEC;
    12033 : FDBC;
    12034 : FD95;
    12035 : FD6B;
    12036 : FD43;
    12037 : FD1D;
    12038 : FD02;
    12039 : FCF8;
    12040 : FCF2;
    12041 : FCF0;
    12042 : FCFB;
    12043 : FD0C;
    12044 : FD1E;
    12045 : FD27;
    12046 : FD2F;
    12047 : FD38;
    12048 : FD44;
    12049 : FD55;
    12050 : FD6A;
    12051 : FD86;
    12052 : FD9B;
    12053 : FDC1;
    12054 : FDDE;
    12055 : FE03;
    12056 : FE28;
    12057 : FE47;
    12058 : FE70;
    12059 : FE97;
    12060 : FEC4;
    12061 : FEEB;
    12062 : FF1D;
    12063 : FF41;
    12064 : FF74;
    12065 : FF95;
    12066 : FFC6;
    12067 : FFEF;
    12068 : 0020;
    12069 : 004C;
    12070 : 007A;
    12071 : 00AC;
    12072 : 00DA;
    12073 : 0109;
    12074 : 0125;
    12075 : 0148;
    12076 : 015C;
    12077 : 017A;
    12078 : 018E;
    12079 : 01A7;
    12080 : 01BF;
    12081 : 01DC;
    12082 : 01F6;
    12083 : 020D;
    12084 : 021F;
    12085 : 022A;
    12086 : 0235;
    12087 : 0247;
    12088 : 0256;
    12089 : 025A;
    12090 : 025E;
    12091 : 024E;
    12092 : 024D;
    12093 : 023B;
    12094 : 022C;
    12095 : 0225;
    12096 : 021B;
    12097 : 0214;
    12098 : 0213;
    12099 : 0213;
    12100 : 0222;
    12101 : 022D;
    12102 : 0233;
    12103 : 0236;
    12104 : 022A;
    12105 : 0219;
    12106 : 01ED;
    12107 : 01C3;
    12108 : 018D;
    12109 : 015E;
    12110 : 012C;
    12111 : 00FB;
    12112 : 00DA;
    12113 : 00B4;
    12114 : 0096;
    12115 : 0080;
    12116 : 005F;
    12117 : 004C;
    12118 : 0028;
    12119 : 0005;
    12120 : FFDB;
    12121 : FFB0;
    12122 : FF7A;
    12123 : FF51;
    12124 : FF1D;
    12125 : FEFC;
    12126 : FED4;
    12127 : FEC2;
    12128 : FEAE;
    12129 : FE9F;
    12130 : FE99;
    12131 : FE8C;
    12132 : FE91;
    12133 : FE81;
    12134 : FE82;
    12135 : FE70;
    12136 : FE62;
    12137 : FE4F;
    12138 : FE39;
    12139 : FE21;
    12140 : FE07;
    12141 : FDF3;
    12142 : FDDB;
    12143 : FDCE;
    12144 : FDC6;
    12145 : FDBA;
    12146 : FDC6;
    12147 : FDC9;
    12148 : FDDA;
    12149 : FDE0;
    12150 : FDE9;
    12151 : FDE3;
    12152 : FDDD;
    12153 : FDD6;
    12154 : FDD6;
    12155 : FDDA;
    12156 : FDE5;
    12157 : FDFB;
    12158 : FE16;
    12159 : FE37;
    12160 : FE4D;
    12161 : FE67;
    12162 : FE7E;
    12163 : FE96;
    12164 : FEAB;
    12165 : FEB9;
    12166 : FECD;
    12167 : FED8;
    12168 : FEE5;
    12169 : FEF0;
    12170 : FEFA;
    12171 : FF0F;
    12172 : FF1A;
    12173 : FF33;
    12174 : FF48;
    12175 : FF6F;
    12176 : FF88;
    12177 : FFAB;
    12178 : FFC7;
    12179 : FFE8;
    12180 : 0005;
    12181 : 001F;
    12182 : 003C;
    12183 : 005C;
    12184 : 007B;
    12185 : 00A3;
    12186 : 00CC;
    12187 : 0100;
    12188 : 0133;
    12189 : 0164;
    12190 : 019E;
    12191 : 01D5;
    12192 : 020D;
    12193 : 023E;
    12194 : 0263;
    12195 : 027E;
    12196 : 0295;
    12197 : 029E;
    12198 : 02AD;
    12199 : 02B0;
    12200 : 02BC;
    12201 : 02BD;
    12202 : 02C2;
    12203 : 02D1;
    12204 : 02D5;
    12205 : 02E1;
    12206 : 02EA;
    12207 : 02F2;
    12208 : 02FD;
    12209 : 02F6;
    12210 : 02F2;
    12211 : 02E0;
    12212 : 02D0;
    12213 : 02BE;
    12214 : 02A4;
    12215 : 028D;
    12216 : 026F;
    12217 : 0257;
    12218 : 023E;
    12219 : 0225;
    12220 : 0217;
    12221 : 020B;
    12222 : 01FF;
    12223 : 01EF;
    12224 : 01DE;
    12225 : 01BF;
    12226 : 019B;
    12227 : 016D;
    12228 : 013F;
    12229 : 010A;
    12230 : 00D0;
    12231 : 009D;
    12232 : 0062;
    12233 : 0031;
    12234 : FFFC;
    12235 : FFCD;
    12236 : FFA1;
    12237 : FF72;
    12238 : FF45;
    12239 : FF13;
    12240 : FEE5;
    12241 : FEB8;
    12242 : FE91;
    12243 : FE72;
    12244 : FE50;
    12245 : FE30;
    12246 : FE08;
    12247 : FDE1;
    12248 : FDAF;
    12249 : FD8E;
    12250 : FD69;
    12251 : FD56;
    12252 : FD3E;
    12253 : FD34;
    12254 : FD29;
    12255 : FD23;
    12256 : FD1D;
    12257 : FD18;
    12258 : FD17;
    12259 : FD0D;
    12260 : FD09;
    12261 : FD02;
    12262 : FCF7;
    12263 : FCF6;
    12264 : FCEF;
    12265 : FCF2;
    12266 : FCF9;
    12267 : FD09;
    12268 : FD17;
    12269 : FD2A;
    12270 : FD42;
    12271 : FD5B;
    12272 : FD7C;
    12273 : FD9D;
    12274 : FDCA;
    12275 : FDF0;
    12276 : FE20;
    12277 : FE4B;
    12278 : FE84;
    12279 : FEB3;
    12280 : FEE4;
    12281 : FF1E;
    12282 : FF55;
    12283 : FF92;
    12284 : FFC6;
    12285 : FFFC;
    12286 : 0034;
    12287 : 006B;
    12288 : 00AD;
    12289 : 00EB;
    12290 : 0130;
    12291 : 016B;
    12292 : 01A8;
    12293 : 01D8;
    12294 : 020D;
    12295 : 0243;
    12296 : 0279;
    12297 : 02AF;
    12298 : 02E0;
    12299 : 0312;
    12300 : 033B;
    12301 : 0363;
    12302 : 0384;
    12303 : 03A4;
    12304 : 03C4;
    12305 : 03DE;
    12306 : 03FC;
    12307 : 040C;
    12308 : 0422;
    12309 : 0429;
    12310 : 0435;
    12311 : 0441;
    12312 : 0442;
    12313 : 044D;
    12314 : 0441;
    12315 : 0440;
    12316 : 042C;
    12317 : 0416;
    12318 : 03FA;
    12319 : 03DE;
    12320 : 03BE;
    12321 : 0399;
    12322 : 0366;
    12323 : 0332;
    12324 : 02F3;
    12325 : 02BD;
    12326 : 0283;
    12327 : 0249;
    12328 : 020F;
    12329 : 01D8;
    12330 : 019A;
    12331 : 0160;
    12332 : 011D;
    12333 : 00E0;
    12334 : 0095;
    12335 : 004D;
    12336 : FFFC;
    12337 : FFAB;
    12338 : FF55;
    12339 : FF02;
    12340 : FEB6;
    12341 : FE69;
    12342 : FE2D;
    12343 : FDF0;
    12344 : FDB8;
    12345 : FD89;
    12346 : FD51;
    12347 : FD28;
    12348 : FCF7;
    12349 : FCC4;
    12350 : FC8F;
    12351 : FC55;
    12352 : FC1E;
    12353 : FBE8;
    12354 : FBB7;
    12355 : FB90;
    12356 : FB73;
    12357 : FB5F;
    12358 : FB4B;
    12359 : FB40;
    12360 : FB3D;
    12361 : FB39;
    12362 : FB3D;
    12363 : FB3E;
    12364 : FB4A;
    12365 : FB55;
    12366 : FB5F;
    12367 : FB72;
    12368 : FB87;
    12369 : FBA5;
    12370 : FBCB;
    12371 : FBF9;
    12372 : FC2D;
    12373 : FC66;
    12374 : FCA6;
    12375 : FCEA;
    12376 : FD26;
    12377 : FD66;
    12378 : FDA5;
    12379 : FDED;
    12380 : FE2C;
    12381 : FE75;
    12382 : FEB5;
    12383 : FEF9;
    12384 : FF3B;
    12385 : FF86;
    12386 : FFD2;
    12387 : 0018;
    12388 : 005F;
    12389 : 00A4;
    12390 : 00E6;
    12391 : 012F;
    12392 : 0170;
    12393 : 01B3;
    12394 : 01EF;
    12395 : 0230;
    12396 : 0264;
    12397 : 0294;
    12398 : 02BC;
    12399 : 02E3;
    12400 : 0308;
    12401 : 032F;
    12402 : 035D;
    12403 : 0383;
    12404 : 03AE;
    12405 : 03C8;
    12406 : 03E9;
    12407 : 03F7;
    12408 : 0406;
    12409 : 0405;
    12410 : 0403;
    12411 : 03F4;
    12412 : 03DF;
    12413 : 03C6;
    12414 : 03AA;
    12415 : 038C;
    12416 : 036D;
    12417 : 0355;
    12418 : 0333;
    12419 : 0317;
    12420 : 02F0;
    12421 : 02C8;
    12422 : 029C;
    12423 : 026D;
    12424 : 0238;
    12425 : 0205;
    12426 : 01C1;
    12427 : 0186;
    12428 : 0149;
    12429 : 010A;
    12430 : 00D9;
    12431 : 009B;
    12432 : 006C;
    12433 : 0035;
    12434 : 0004;
    12435 : FFDB;
    12436 : FFAB;
    12437 : FF7E;
    12438 : FF58;
    12439 : FF2C;
    12440 : FF04;
    12441 : FED4;
    12442 : FEA8;
    12443 : FE76;
    12444 : FE44;
    12445 : FE11;
    12446 : FDE6;
    12447 : FDB6;
    12448 : FD8F;
    12449 : FD74;
    12450 : FD53;
    12451 : FD37;
    12452 : FD1F;
    12453 : FD0C;
    12454 : FCF6;
    12455 : FCE6;
    12456 : FCD1;
    12457 : FCCE;
    12458 : FCBF;
    12459 : FCC5;
    12460 : FCC7;
    12461 : FCD3;
    12462 : FCDB;
    12463 : FCEE;
    12464 : FCFD;
    12465 : FD1A;
    12466 : FD33;
    12467 : FD56;
    12468 : FD71;
    12469 : FD97;
    12470 : FDB6;
    12471 : FDE3;
    12472 : FE01;
    12473 : FE2A;
    12474 : FE46;
    12475 : FE6D;
    12476 : FE8E;
    12477 : FEAE;
    12478 : FED6;
    12479 : FEFC;
    12480 : FF28;
    12481 : FF52;
    12482 : FF88;
    12483 : FFB6;
    12484 : FFE9;
    12485 : 000E;
    12486 : 003E;
    12487 : 005C;
    12488 : 0085;
    12489 : 00A8;
    12490 : 00CE;
    12491 : 00F4;
    12492 : 0120;
    12493 : 0143;
    12494 : 0175;
    12495 : 019C;
    12496 : 01CB;
    12497 : 01ED;
    12498 : 020C;
    12499 : 022A;
    12500 : 0238;
    12501 : 0248;
    12502 : 0255;
    12503 : 0263;
    12504 : 026B;
    12505 : 0273;
    12506 : 027C;
    12507 : 027C;
    12508 : 027B;
    12509 : 0271;
    12510 : 0275;
    12511 : 0265;
    12512 : 0257;
    12513 : 0246;
    12514 : 022C;
    12515 : 020D;
    12516 : 01EC;
    12517 : 01CE;
    12518 : 01B5;
    12519 : 0199;
    12520 : 017D;
    12521 : 0164;
    12522 : 014E;
    12523 : 0132;
    12524 : 0120;
    12525 : 010E;
    12526 : 00F5;
    12527 : 00DF;
    12528 : 00C3;
    12529 : 00A5;
    12530 : 007B;
    12531 : 0058;
    12532 : 0026;
    12533 : 0008;
    12534 : FFE6;
    12535 : FFCA;
    12536 : FFAD;
    12537 : FF90;
    12538 : FF78;
    12539 : FF5F;
    12540 : FF49;
    12541 : FF2E;
    12542 : FF16;
    12543 : FEF9;
    12544 : FEDF;
    12545 : FEC8;
    12546 : FEAA;
    12547 : FE96;
    12548 : FE7B;
    12549 : FE6B;
    12550 : FE58;
    12551 : FE51;
    12552 : FE45;
    12553 : FE44;
    12554 : FE3E;
    12555 : FE46;
    12556 : FE4E;
    12557 : FE5E;
    12558 : FE69;
    12559 : FE76;
    12560 : FE7D;
    12561 : FE82;
    12562 : FE8A;
    12563 : FE8F;
    12564 : FE95;
    12565 : FE9A;
    12566 : FEAE;
    12567 : FEBE;
    12568 : FEE0;
    12569 : FEF6;
    12570 : FF18;
    12571 : FF39;
    12572 : FF52;
    12573 : FF73;
    12574 : FF87;
    12575 : FFA3;
    12576 : FFB0;
    12577 : FFC7;
    12578 : FFD6;
    12579 : FFF0;
    12580 : 0006;
    12581 : 0024;
    12582 : 0042;
    12583 : 0062;
    12584 : 007C;
    12585 : 009D;
    12586 : 00B4;
    12587 : 00D5;
    12588 : 00E8;
    12589 : 00FF;
    12590 : 0118;
    12591 : 011E;
    12592 : 0138;
    12593 : 013A;
    12594 : 0148;
    12595 : 014E;
    12596 : 0156;
    12597 : 0160;
    12598 : 0166;
    12599 : 016D;
    12600 : 0175;
    12601 : 017A;
    12602 : 0180;
    12603 : 017F;
    12604 : 017E;
    12605 : 0179;
    12606 : 0169;
    12607 : 015C;
    12608 : 0146;
    12609 : 0131;
    12610 : 011C;
    12611 : 0100;
    12612 : 00ED;
    12613 : 00DA;
    12614 : 00D3;
    12615 : 00C1;
    12616 : 00B6;
    12617 : 00A8;
    12618 : 0096;
    12619 : 007E;
    12620 : 006C;
    12621 : 0053;
    12622 : 0038;
    12623 : 0022;
    12624 : 0009;
    12625 : FFF9;
    12626 : FFDB;
    12627 : FFCC;
    12628 : FFB4;
    12629 : FFAC;
    12630 : FF9F;
    12631 : FF97;
    12632 : FF86;
    12633 : FF71;
    12634 : FF65;
    12635 : FF52;
    12636 : FF47;
    12637 : FF32;
    12638 : FF1C;
    12639 : FF0A;
    12640 : FEF7;
    12641 : FEE9;
    12642 : FEDB;
    12643 : FED3;
    12644 : FED1;
    12645 : FECE;
    12646 : FECF;
    12647 : FECE;
    12648 : FED1;
    12649 : FED8;
    12650 : FED5;
    12651 : FED6;
    12652 : FED2;
    12653 : FEDC;
    12654 : FED2;
    12655 : FEDA;
    12656 : FED4;
    12657 : FEE1;
    12658 : FEE7;
    12659 : FEF3;
    12660 : FF03;
    12661 : FF10;
    12662 : FF1E;
    12663 : FF2F;
    12664 : FF38;
    12665 : FF44;
    12666 : FF4C;
    12667 : FF59;
    12668 : FF6D;
    12669 : FF73;
    12670 : FF86;
    12671 : FF92;
    12672 : FFAD;
    12673 : FFBD;
    12674 : FFD4;
    12675 : FFDD;
    12676 : FFF7;
    12677 : 0002;
    12678 : 0026;
    12679 : 002E;
    12680 : 004D;
    12681 : 0060;
    12682 : 0076;
    12683 : 0092;
    12684 : 009F;
    12685 : 00BC;
    12686 : 00C9;
    12687 : 00D9;
    12688 : 00EA;
    12689 : 00F8;
    12690 : 0106;
    12691 : 0112;
    12692 : 0120;
    12693 : 0128;
    12694 : 012D;
    12695 : 013D;
    12696 : 0141;
    12697 : 0147;
    12698 : 0144;
    12699 : 0147;
    12700 : 0140;
    12701 : 0142;
    12702 : 013C;
    12703 : 0138;
    12704 : 012F;
    12705 : 0129;
    12706 : 0124;
    12707 : 0119;
    12708 : 010E;
    12709 : 0103;
    12710 : 00FB;
    12711 : 00F2;
    12712 : 00E4;
    12713 : 00D7;
    12714 : 00CD;
    12715 : 00BA;
    12716 : 00B0;
    12717 : 009D;
    12718 : 008F;
    12719 : 007E;
    12720 : 0067;
    12721 : 0058;
    12722 : 003F;
    12723 : 0037;
    12724 : 001B;
    12725 : 0014;
    12726 : FFFC;
    12727 : FFF2;
    12728 : FFDC;
    12729 : FFCA;
    12730 : FFB8;
    12731 : FFA8;
    12732 : FF99;
    12733 : FF91;
    12734 : FF82;
    12735 : FF79;
    12736 : FF67;
    12737 : FF5D;
    12738 : FF53;
    12739 : FF4B;
    12740 : FF40;
    12741 : FF3F;
    12742 : FF2D;
    12743 : FF2C;
    12744 : FF1C;
    12745 : FF1F;
    12746 : FF20;
    12747 : FF1D;
    12748 : FF21;
    12749 : FF20;
    12750 : FF26;
    12751 : FF25;
    12752 : FF26;
    12753 : FF24;
    12754 : FF27;
    12755 : FF24;
    12756 : FF2A;
    12757 : FF21;
    12758 : FF2A;
    12759 : FF21;
    12760 : FF31;
    12761 : FF28;
    12762 : FF39;
    12763 : FF3D;
    12764 : FF4B;
    12765 : FF58;
    12766 : FF5F;
    12767 : FF6B;
    12768 : FF81;
    12769 : FF87;
    12770 : FF9D;
    12771 : FFA4;
    12772 : FFB4;
    12773 : FFC4;
    12774 : FFD5;
    12775 : FFE7;
    12776 : FFFD;
    12777 : 0015;
    12778 : 0030;
    12779 : 0047;
    12780 : 005D;
    12781 : 0070;
    12782 : 0083;
    12783 : 0094;
    12784 : 009D;
    12785 : 00B0;
    12786 : 00BA;
    12787 : 00CD;
    12788 : 00DA;
    12789 : 00EC;
    12790 : 00F9;
    12791 : 0109;
    12792 : 0117;
    12793 : 012B;
    12794 : 0133;
    12795 : 0140;
    12796 : 0145;
    12797 : 0150;
    12798 : 0152;
    12799 : 015A;
    12800 : 0163;
    12801 : 016A;
    12802 : 016F;
    12803 : 0171;
    12804 : 0174;
    12805 : 016E;
    12806 : 0173;
    12807 : 016F;
    12808 : 016E;
    12809 : 0166;
    12810 : 0167;
    12811 : 015B;
    12812 : 0153;
    12813 : 0142;
    12814 : 0133;
    12815 : 011F;
    12816 : 010B;
    12817 : 00F7;
    12818 : 00DF;
    12819 : 00CA;
    12820 : 00B3;
    12821 : 00A8;
    12822 : 0094;
    12823 : 0087;
    12824 : 0072;
    12825 : 0065;
    12826 : 004D;
    12827 : 0035;
    12828 : 0018;
    12829 : 0000;
    12830 : FFEB;
    12831 : FFD1;
    12832 : FFB5;
    12833 : FFA1;
    12834 : FF8A;
    12835 : FF7B;
    12836 : FF6C;
    12837 : FF5B;
    12838 : FF4B;
    12839 : FF3C;
    12840 : FF2C;
    12841 : FF16;
    12842 : FF0A;
    12843 : FEF9;
    12844 : FEED;
    12845 : FEDC;
    12846 : FECF;
    12847 : FEC0;
    12848 : FEB6;
    12849 : FEAB;
    12850 : FEA3;
    12851 : FE99;
    12852 : FE97;
    12853 : FE9A;
    12854 : FE9B;
    12855 : FE9C;
    12856 : FE9C;
    12857 : FEA2;
    12858 : FE9E;
    12859 : FEA6;
    12860 : FEA1;
    12861 : FEA9;
    12862 : FEAC;
    12863 : FEB3;
    12864 : FEC4;
    12865 : FED2;
    12866 : FEE0;
    12867 : FEFB;
    12868 : FF0A;
    12869 : FF1E;
    12870 : FF2E;
    12871 : FF45;
    12872 : FF56;
    12873 : FF67;
    12874 : FF7A;
    12875 : FF8C;
    12876 : FFA6;
    12877 : FFB3;
    12878 : FFD5;
    12879 : FFE1;
    12880 : FFFD;
    12881 : 000E;
    12882 : 002A;
    12883 : 0040;
    12884 : 005C;
    12885 : 006D;
    12886 : 0086;
    12887 : 0095;
    12888 : 00AB;
    12889 : 00C0;
    12890 : 00D0;
    12891 : 00E2;
    12892 : 00F5;
    12893 : 0102;
    12894 : 0114;
    12895 : 0124;
    12896 : 0136;
    12897 : 0145;
    12898 : 0154;
    12899 : 0161;
    12900 : 0167;
    12901 : 016B;
    12902 : 016C;
    12903 : 0171;
    12904 : 016A;
    12905 : 016A;
    12906 : 0166;
    12907 : 0164;
    12908 : 0161;
    12909 : 0158;
    12910 : 0156;
    12911 : 014C;
    12912 : 0146;
    12913 : 013A;
    12914 : 012E;
    12915 : 0124;
    12916 : 0113;
    12917 : 0106;
    12918 : 00EE;
    12919 : 00E6;
    12920 : 00CC;
    12921 : 00C0;
    12922 : 00A2;
    12923 : 0092;
    12924 : 0079;
    12925 : 0061;
    12926 : 004E;
    12927 : 003A;
    12928 : 0022;
    12929 : 0012;
    12930 : FFFA;
    12931 : FFEB;
    12932 : FFD1;
    12933 : FFBB;
    12934 : FFA0;
    12935 : FF8B;
    12936 : FF6F;
    12937 : FF54;
    12938 : FF3D;
    12939 : FF29;
    12940 : FF10;
    12941 : FF00;
    12942 : FEEC;
    12943 : FEE2;
    12944 : FED0;
    12945 : FEC5;
    12946 : FEB6;
    12947 : FEAE;
    12948 : FEA0;
    12949 : FE94;
    12950 : FE91;
    12951 : FE87;
    12952 : FE8A;
    12953 : FE84;
    12954 : FE85;
    12955 : FE8B;
    12956 : FE8B;
    12957 : FE91;
    12958 : FE95;
    12959 : FE9C;
    12960 : FEA2;
    12961 : FEA6;
    12962 : FEAE;
    12963 : FEBE;
    12964 : FEC6;
    12965 : FED6;
    12966 : FEE5;
    12967 : FEF5;
    12968 : FF0C;
    12969 : FF1B;
    12970 : FF37;
    12971 : FF40;
    12972 : FF60;
    12973 : FF70;
    12974 : FF8B;
    12975 : FFA0;
    12976 : FFB0;
    12977 : FFCC;
    12978 : FFDA;
    12979 : FFEE;
    12980 : 0006;
    12981 : 0019;
    12982 : 002C;
    12983 : 0040;
    12984 : 0056;
    12985 : 006C;
    12986 : 0085;
    12987 : 0098;
    12988 : 00B1;
    12989 : 00BD;
    12990 : 00D1;
    12991 : 00D9;
    12992 : 00EA;
    12993 : 00F2;
    12994 : 00F8;
    12995 : 0100;
    12996 : 0106;
    12997 : 010F;
    12998 : 0111;
    12999 : 0122;
    13000 : 0126;
    13001 : 0135;
    13002 : 0136;
    13003 : 013A;
    13004 : 0138;
    13005 : 0134;
    13006 : 012F;
    13007 : 0128;
    13008 : 011C;
    13009 : 0113;
    13010 : 0109;
    13011 : 00FF;
    13012 : 00FA;
    13013 : 00ED;
    13014 : 00E5;
    13015 : 00DF;
    13016 : 00D7;
    13017 : 00CF;
    13018 : 00BD;
    13019 : 00B1;
    13020 : 009F;
    13021 : 008B;
    13022 : 0075;
    13023 : 0067;
    13024 : 004A;
    13025 : 003A;
    13026 : 0022;
    13027 : 0015;
    13028 : FFFE;
    13029 : FFF4;
    13030 : FFE6;
    13031 : FFD9;
    13032 : FFCB;
    13033 : FFBE;
    13034 : FFB1;
    13035 : FFA0;
    13036 : FF91;
    13037 : FF7F;
    13038 : FF73;
    13039 : FF61;
    13040 : FF56;
    13041 : FF44;
    13042 : FF3D;
    13043 : FF2F;
    13044 : FF2B;
    13045 : FF22;
    13046 : FF1A;
    13047 : FF17;
    13048 : FF0F;
    13049 : FF0E;
    13050 : FF06;
    13051 : FF05;
    13052 : FF00;
    13053 : FEFF;
    13054 : FEFF;
    13055 : FEFC;
    13056 : FEFB;
    13057 : FEF8;
    13058 : FEFF;
    13059 : FF00;
    13060 : FF0B;
    13061 : FF13;
    13062 : FF1D;
    13063 : FF29;
    13064 : FF34;
    13065 : FF43;
    13066 : FF4D;
    13067 : FF59;
    13068 : FF69;
    13069 : FF6C;
    13070 : FF80;
    13071 : FF87;
    13072 : FF9B;
    13073 : FFA2;
    13074 : FFB7;
    13075 : FFBD;
    13076 : FFD1;
    13077 : FFDA;
    13078 : FFED;
    13079 : FFF4;
    13080 : 0005;
    13081 : 000A;
    13082 : 0019;
    13083 : 0025;
    13084 : 002A;
    13085 : 003C;
    13086 : 0042;
    13087 : 0052;
    13088 : 0058;
    13089 : 0066;
    13090 : 006C;
    13091 : 007A;
    13092 : 0080;
    13093 : 008A;
    13094 : 008D;
    13095 : 0097;
    13096 : 009A;
    13097 : 009C;
    13098 : 00A2;
    13099 : 009F;
    13100 : 00A6;
    13101 : 009F;
    13102 : 00A1;
    13103 : 009E;
    13104 : 009B;
    13105 : 009A;
    13106 : 0093;
    13107 : 0091;
    13108 : 0087;
    13109 : 0084;
    13110 : 007E;
    13111 : 0071;
    13112 : 0071;
    13113 : 0062;
    13114 : 0064;
    13115 : 0054;
    13116 : 0050;
    13117 : 0044;
    13118 : 003D;
    13119 : 0036;
    13120 : 002B;
    13121 : 0026;
    13122 : 001F;
    13123 : 0016;
    13124 : 000F;
    13125 : 0007;
    13126 : 0000;
    13127 : FFF8;
    13128 : FFF4;
    13129 : FFEC;
    13130 : FFE6;
    13131 : FFE0;
    13132 : FFDA;
    13133 : FFD2;
    13134 : FFCE;
    13135 : FFC3;
    13136 : FFC3;
    13137 : FFB7;
    13138 : FFB6;
    13139 : FFA7;
    13140 : FFA1;
    13141 : FF9D;
    13142 : FF97;
    13143 : FF8F;
    13144 : FF8F;
    13145 : FF86;
    13146 : FF8E;
    13147 : FF82;
    13148 : FF86;
    13149 : FF84;
    13150 : FF87;
    13151 : FF83;
    13152 : FF86;
    13153 : FF84;
    13154 : FF86;
    13155 : FF89;
    13156 : FF89;
    13157 : FF8C;
    13158 : FF91;
    13159 : FF94;
    13160 : FF9B;
    13161 : FF9E;
    13162 : FFA5;
    13163 : FFB3;
    13164 : FFB1;
    13165 : FFC2;
    13166 : FFC2;
    13167 : FFD0;
    13168 : FFCD;
    13169 : FFDE;
    13170 : FFD9;
    13171 : FFE4;
    13172 : FFE4;
    13173 : FFED;
    13174 : FFF6;
    13175 : FFFC;
    13176 : FFFE;
    13177 : 0007;
    13178 : 000A;
    13179 : 0010;
    13180 : 0018;
    13181 : 001B;
    13182 : 0023;
    13183 : 0022;
    13184 : 0029;
    13185 : 0029;
    13186 : 0030;
    13187 : 0032;
    13188 : 0037;
    13189 : 0039;
    13190 : 003F;
    13191 : 003E;
    13192 : 0045;
    13193 : 0043;
    13194 : 004B;
    13195 : 0048;
    13196 : 004C;
    13197 : 0045;
    13198 : 0049;
    13199 : 0040;
    13200 : 0041;
    13201 : 0035;
    13202 : 003D;
    13203 : 002E;
    13204 : 0031;
    13205 : 0027;
    13206 : 0024;
    13207 : 0022;
    13208 : 001A;
    13209 : 001A;
    13210 : 0015;
    13211 : 0010;
    13212 : 000A;
    13213 : 0007;
    13214 : 0005;
    13215 : FFFD;
    13216 : 0000;
    13217 : FFF7;
    13218 : FFF5;
    13219 : FFF2;
    13220 : FFEF;
    13221 : FFED;
    13222 : FFF1;
    13223 : FFEB;
    13224 : FFF0;
    13225 : FFEC;
    13226 : FFF3;
    13227 : FFEC;
    13228 : FFF1;
    13229 : FFEF;
    13230 : FFED;
    13231 : FFEF;
    13232 : FFED;
    13233 : FFED;
    13234 : FFED;
    13235 : FFEA;
    13236 : FFED;
    13237 : FFE8;
    13238 : FFEF;
    13239 : FFF0;
    13240 : FFED;
    13241 : FFF1;
    13242 : FFEC;
    13243 : FFF6;
    13244 : FFF1;
    13245 : FFF7;
    13246 : FFF3;
    13247 : FFFC;
    13248 : FFF4;
    13249 : FFFB;
    13250 : FFF4;
    13251 : FFFA;
    13252 : FFFA;
    13253 : FFFE;
    13254 : FFFF;
    13255 : 0002;
    13256 : 0003;
    13257 : 0006;
    13258 : 0004;
    13259 : 0004;
    13260 : 0005;
    13261 : 0005;
    13262 : 0006;
    13263 : 0001;
    13264 : 0006;
    13265 : 0000;
    13266 : 0007;
    13267 : 0007;
    13268 : 0007;
    13269 : 0008;
    13270 : 0007;
    13271 : 0008;
    13272 : 0004;
    13273 : 0007;
    13274 : 0006;
    13275 : 000A;
    13276 : 0009;
    13277 : 000A;
    13278 : 0007;
    13279 : 0008;
    13280 : 0009;
    13281 : 0006;
    13282 : 0008;
    13283 : 0007;
    13284 : 0007;
    13285 : 0008;
    13286 : 000C;
    13287 : 0007;
    13288 : 000C;
    13289 : 0006;
    13290 : 000A;
    13291 : 0006;
    13292 : 0007;
    13293 : 0005;
    13294 : 0001;
    13295 : 0002;
    13296 : FFFC;
    13297 : FFFE;
    13298 : FFFA;
    13299 : FFFC;
    13300 : FFF8;
    13301 : FFFA;
    13302 : FFF7;
    13303 : FFFA;
    13304 : FFF8;
    13305 : FFF9;
    13306 : FFF7;
    13307 : FFF7;
    13308 : FFF8;
    13309 : FFF6;
    13310 : FFF8;
    13311 : FFF9;
    13312 : FFF4;
    13313 : FFFB;
    13314 : FFF7;
    13315 : FFF9;
    13316 : FFFB;
    13317 : FFFC;
    13318 : FFFA;
    13319 : FFFD;
    13320 : FFFB;
    13321 : 0000;
    13322 : 0004;
    13323 : 0002;
    13324 : 000B;
    13325 : 0005;
    13326 : 0007;
    13327 : 0006;
    13328 : 0005;
    13329 : 0007;
    13330 : 0004;
    13331 : 0003;
    13332 : 0001;
    13333 : 0004;
    13334 : FFFF;
    13335 : 0004;
    13336 : 0000;
    13337 : 0002;
    13338 : 0004;
    13339 : 0000;
    13340 : 0002;
    13341 : FFFF;
    13342 : 0003;
    13343 : FFFC;
    13344 : 0000;
    13345 : 0000;
    13346 : 0002;
    13347 : FFFE;
    13348 : 0002;
    13349 : 0001;
    13350 : 0001;
    13351 : 0000;
    13352 : FFFD;
    13353 : 0000;
    13354 : FFFB;
    13355 : FFFA;
    13356 : FFFC;
    13357 : FFFA;
    13358 : FFFF;
    13359 : FFF9;
    13360 : 0001;
    13361 : FFF6;
    13362 : FFFA;
    13363 : FFF7;
    13364 : FFF6;
    13365 : FFF1;
    13366 : FFF2;
    13367 : FFED;
    13368 : FFF0;
    13369 : FFEA;
    13370 : FFEF;
    13371 : FFE7;
    13372 : FFEC;
    13373 : FFE4;
    13374 : FFEC;
    13375 : FFE8;
    13376 : FFEB;
    13377 : FFEB;
    13378 : FFED;
    13379 : FFEC;
    13380 : FFEC;
    13381 : FFF0;
    13382 : FFED;
    13383 : FFEE;
    13384 : FFF0;
    13385 : FFEE;
    13386 : FFEE;
    13387 : FFF0;
    13388 : FFEF;
    13389 : FFF1;
    13390 : FFEF;
    13391 : FFF4;
    13392 : FFF3;
    13393 : FFF7;
    13394 : FFFA;
    13395 : FFFC;
    13396 : 0002;
    13397 : FFFC;
    13398 : 0004;
    13399 : 0000;
    13400 : 0005;
    13401 : 0003;
    13402 : 0004;
    13403 : 0006;
    13404 : 0004;
    13405 : 0006;
    13406 : 000B;
    13407 : 0008;
    13408 : 000E;
    13409 : 000E;
    13410 : 000F;
    13411 : 0010;
    13412 : 0010;
    13413 : 0010;
    13414 : 0012;
    13415 : 000F;
    13416 : 0010;
    13417 : 0010;
    13418 : 000B;
    13419 : 000F;
    13420 : 000A;
    13421 : 000F;
    13422 : 0009;
    13423 : 0011;
    13424 : 000A;
    13425 : 000F;
    13426 : 0009;
    13427 : 000A;
    13428 : 0004;
    13429 : 0003;
    13430 : 0006;
    13431 : 0001;
    13432 : 0004;
    13433 : 0002;
    13434 : 0001;
    13435 : 0002;
    13436 : 0001;
    13437 : 0001;
    13438 : 0004;
    13439 : 0000;
    13440 : 0003;
    13441 : FFFF;
    13442 : FFFC;
    13443 : FFFB;
    13444 : FFFC;
    13445 : FFF9;
    13446 : FFF8;
    13447 : FFF7;
    13448 : FFF6;
    13449 : FFF8;
    13450 : FFF7;
    13451 : FFF5;
    13452 : FFF7;
    13453 : FFF9;
    13454 : FFF6;
    13455 : FFF4;
    13456 : FFF5;
    13457 : FFF4;
    13458 : FFF1;
    13459 : FFF4;
    13460 : FFF0;
    13461 : FFF3;
    13462 : FFF0;
    13463 : FFF1;
    13464 : FFF1;
    13465 : FFF1;
    13466 : FFF3;
    13467 : FFF4;
    13468 : FFF7;
    13469 : FFF8;
    13470 : FFF5;
    13471 : FFF8;
    13472 : FFF3;
    13473 : FFF5;
    13474 : FFF1;
    13475 : FFF4;
    13476 : FFEF;
    13477 : FFF4;
    13478 : FFF3;
    13479 : FFF6;
    13480 : FFFB;
    13481 : FFF6;
    13482 : FFFB;
    13483 : FFF7;
    13484 : FFFB;
    13485 : FFFA;
    13486 : FFF8;
    13487 : FFF7;
    13488 : FFF8;
    13489 : FFF8;
    13490 : FFF9;
    13491 : FFF6;
    13492 : FFFC;
    13493 : FFF5;
    13494 : FFFE;
    13495 : FFF4;
    13496 : FFFC;
    13497 : FFFD;
    13498 : FFFB;
    13499 : FFFE;
    13500 : FFFB;
    13501 : FFFD;
    13502 : FFFD;
    13503 : FFFF;
    13504 : FFFE;
    13505 : FFFC;
    13506 : FFFD;
    13507 : FFFF;
    13508 : FFFE;
    13509 : FFFC;
    13510 : FFFE;
    13511 : FFFF;
    13512 : FFFE;
    13513 : FFFF;
    13514 : FFFE;
    13515 : 0001;
    13516 : FFFE;
    13517 : 0003;
    13518 : 0003;
    13519 : 0001;
    13520 : 0005;
    13521 : 0001;
    13522 : 0004;
    13523 : 0006;
    13524 : 0007;
    13525 : 0008;
    13526 : 0005;
    13527 : 000A;
    13528 : 0003;
    13529 : 000C;
    13530 : 0001;
    13531 : 000A;
    13532 : 0005;
    13533 : 0008;
    13534 : 0009;
    13535 : 0008;
    13536 : 000A;
    13537 : 000B;
    13538 : 000C;
    13539 : 000C;
    13540 : 000C;
    13541 : 0007;
    13542 : 000B;
    13543 : 0003;
    13544 : 0008;
    13545 : 0005;
    13546 : 000B;
    13547 : 0005;
    13548 : 0008;
    13549 : 0003;
    13550 : 0006;
    13551 : 0009;
    13552 : 0007;
    13553 : 0007;
    13554 : 0003;
    13555 : 0005;
    13556 : 0003;
    13557 : 0002;
    13558 : 0004;
    13559 : 0000;
    13560 : 0003;
    13561 : 0003;
    13562 : 0002;
    13563 : FFFF;
    13564 : 0002;
    13565 : FFFE;
    13566 : FFFE;
    13567 : FFFF;
    13568 : FFFD;
    13569 : 0000;
    13570 : FFF9;
    13571 : FFFE;
    13572 : FFF8;
    13573 : FFFB;
    13574 : FFFC;
    13575 : FFF8;
    13576 : FFFA;
    13577 : FFF8;
    13578 : FFFE;
    13579 : FFF8;
    13580 : FFFE;
    13581 : FFF7;
    13582 : FFFD;
    13583 : FFF9;
    13584 : FFF9;
    13585 : FFF9;
    13586 : FFF7;
    13587 : FFF9;
    13588 : FFF9;
    13589 : FFF8;
    13590 : FFFB;
    13591 : FFF7;
    13592 : FFFA;
    13593 : FFFA;
    13594 : FFFC;
    13595 : FFF7;
    13596 : FFFB;
    13597 : FFFA;
    13598 : FFFA;
    13599 : FFFB;
    13600 : FFFA;
    13601 : FFFA;
    13602 : FFFB;
    13603 : FFFD;
    13604 : FFF9;
    13605 : 0000;
    13606 : FFFC;
    13607 : 0001;
    13608 : 0000;
    13609 : FFFE;
    13610 : 0002;
    13611 : FFFD;
    13612 : FFFF;
    13613 : FFFF;
    13614 : FFFD;
    13615 : 0001;
    13616 : FFFC;
    13617 : 0004;
    13618 : FFFE;
    13619 : 0001;
    13620 : 0000;
    13621 : 0003;
    13622 : 0002;
    13623 : 0005;
    13624 : 0006;
    13625 : 0004;
    13626 : 0003;
    13627 : 0003;
    13628 : 0003;
    13629 : 0002;
    13630 : 0005;
    13631 : 0001;
    13632 : 0004;
    13633 : 0007;
    13634 : 0001;
    13635 : 0005;
    13636 : 0005;
    13637 : 0005;
    13638 : 0004;
    13639 : 0005;
    13640 : 0001;
    13641 : 0006;
    13642 : 0001;
    13643 : 0005;
    13644 : 0000;
    13645 : 0005;
    13646 : 0002;
    13647 : 0001;
    13648 : 0003;
    13649 : FFFF;
    13650 : 0005;
    13651 : FFFF;
    13652 : 0004;
    13653 : 0002;
    13654 : FFFF;
    13655 : 0001;
    13656 : 0001;
    13657 : FFFD;
    13658 : FFFF;
    13659 : FFFE;
    13660 : FFFE;
    13661 : 0001;
    13662 : FFFD;
    13663 : 0001;
    13664 : FFFC;
    13665 : 0001;
    13666 : FFFA;
    13667 : 0004;
    13668 : FFFB;
    13669 : 0002;
    13670 : 0000;
    13671 : FFFE;
    13672 : 0000;
    13673 : FFFB;
    13674 : 0003;
    13675 : FFFA;
    13676 : 0002;
    13677 : FFFB;
    13678 : 0002;
    13679 : FFFC;
    13680 : 0000;
    13681 : 0000;
    13682 : FFFF;
    13683 : 0003;
    13684 : FFFE;
    13685 : 0003;
    13686 : 0000;
    13687 : 0001;
    13688 : 0000;
    13689 : 0000;
    13690 : 0000;
    13691 : 0003;
    13692 : FFFF;
    13693 : 0000;
    13694 : FFFC;
    13695 : 0003;
    13696 : FFFE;
    13697 : 0002;
    13698 : 0000;
    13699 : 0001;
    13700 : FFFE;
    13701 : 0003;
    13702 : 0000;
    13703 : 0000;
    13704 : 0002;
    13705 : FFFF;
    13706 : 0000;
    13707 : 0001;
    13708 : FFFC;
    13709 : 0002;
    13710 : FFFB;
    13711 : 0001;
    13712 : FFFE;
    13713 : 0003;
    13714 : FFFC;
    13715 : 0002;
    13716 : FFFE;
    13717 : 0001;
    13718 : 0000;
    13719 : FFFF;
    13720 : 0000;
    13721 : 0001;
    13722 : FFFE;
    13723 : 0000;
    13724 : 0000;
    13725 : 0000;
    13726 : 0003;
    13727 : FFFF;
    13728 : FFFE;
    13729 : 0000;
    13730 : FFFF;
    13731 : FFFE;
    13732 : FFFE;
    13733 : FFFF;
    13734 : FFFC;
    13735 : 0001;
    13736 : FFFC;
    13737 : 0001;
    13738 : FFFF;
    13739 : 0000;
    13740 : 0000;
    13741 : FFFF;
    13742 : FFFD;
    13743 : 0002;
    13744 : FFFC;
    13745 : FFFF;
    13746 : 0001;
    13747 : FFFD;
    13748 : FFFE;
    13749 : 0000;
    13750 : FFF9;
    13751 : 0003;
    13752 : FFFC;
    13753 : 0003;
    13754 : FFFE;
    13755 : 0001;
    13756 : FFFF;
    13757 : FFFF;
    13758 : FFFF;
    13759 : FFFF;
    13760 : FFFF;
    13761 : 0000;
    13762 : FFFE;
    13763 : FFFF;
    13764 : FFFB;
    13765 : FFFE;
    13766 : FFFC;
    13767 : FFFC;
    13768 : FFFC;
    13769 : FFFC;
    13770 : FFFF;
    13771 : FFFE;
    13772 : FFFE;
    13773 : FFFE;
    13774 : 0001;
    13775 : FFFC;
    13776 : FFFD;
    13777 : FFFD;
    13778 : FFFC;
    13779 : FFFD;
    13780 : FFFA;
    13781 : FFFE;
    13782 : FFFC;
    13783 : FFFF;
    13784 : FFFD;
    13785 : FFFE;
    13786 : FFFB;
    13787 : FFFF;
    13788 : 0000;
    13789 : FFFE;
    13790 : 0003;
    13791 : FFFA;
    13792 : 0002;
    13793 : FFFE;
    13794 : FFFE;
    13795 : 0001;
    13796 : FFFE;
    13797 : 0003;
    13798 : 0002;
    13799 : 0002;
    13800 : 0003;
    13801 : 0002;
    13802 : 0003;
    13803 : 0004;
    13804 : 0005;
    13805 : 0002;
    13806 : 0006;
    13807 : 0003;
    13808 : 0005;
    13809 : 0002;
    13810 : 0005;
    13811 : 0003;
    13812 : 0002;
    13813 : 0004;
    13814 : 0002;
    13815 : 0003;
    13816 : 0000;
    13817 : 0003;
    13818 : 0001;
    13819 : 0000;
    13820 : 0001;
    13821 : FFFD;
    13822 : 0003;
    13823 : FFFB;
    13824 : 0001;
    13825 : FFFB;
    13826 : 0000;
    13827 : FFFD;
    13828 : FFFD;
    13829 : FFFE;
    13830 : FFFA;
    13831 : 0000;
    13832 : FFFB;
    13833 : FFFF;
    13834 : FFFC;
    13835 : FFFE;
    13836 : FFFD;
    13837 : 0001;
    13838 : FFFE;
    13839 : FFFF;
    13840 : FFFF;
    13841 : 0001;
    13842 : 0000;
    13843 : 0002;
    13844 : 0001;
    13845 : 0000;
    13846 : 0000;
    13847 : 0002;
    13848 : 0001;
    13849 : 0000;
    13850 : 0000;
    13851 : FFFF;
    13852 : FFFE;
    13853 : 0003;
    13854 : FFF9;
    13855 : 0002;
    13856 : FFFB;
    13857 : FFFF;
    13858 : FFFA;
    13859 : 0000;
    13860 : FFFC;
    13861 : FFFF;
    13862 : FFFB;
    13863 : FFFD;
    13864 : 0001;
    13865 : FFF7;
    13866 : 0002;
    13867 : FFF8;
    13868 : 0000;
    13869 : FFFA;
    13870 : 0000;
    13871 : FFFA;
    13872 : 0000;
    13873 : FFFB;
    13874 : 0000;
    13875 : FFFB;
    13876 : FFFE;
    13877 : 0000;
    13878 : FFFE;
    13879 : 0000;
    13880 : FFFF;
    13881 : 0000;
    13882 : FFFD;
    13883 : 0000;
    13884 : 0000;
    13885 : FFFD;
    13886 : 0002;
    13887 : FFFC;
    13888 : 0001;
    13889 : FFFD;
    13890 : 0002;
    13891 : FFFF;
    13892 : 0003;
    13893 : 0000;
    13894 : 0002;
    13895 : 0001;
    13896 : 0004;
    13897 : 0000;
    13898 : 0002;
    13899 : 0006;
    13900 : FFFE;
    13901 : 0007;
    13902 : 0000;
    13903 : 0005;
    13904 : 0000;
    13905 : 0004;
    13906 : 0001;
    13907 : 0002;
    13908 : 0002;
    13909 : 0000;
    13910 : 0003;
    13911 : 0002;
    13912 : 0001;
    13913 : 0003;
    13914 : 0000;
    13915 : 0002;
    13916 : 0001;
    13917 : FFFF;
    13918 : 0000;
    13919 : FFFF;
    13920 : FFFE;
    13921 : 0002;
    13922 : FFF8;
    13923 : 0002;
    13924 : FFFA;
    13925 : 0002;
    13926 : FFFF;
    13927 : FFFF;
    13928 : FFFD;
    13929 : 0000;
    13930 : 0000;
    13931 : FFFD;
    13932 : 0002;
    13933 : FFFD;
    13934 : FFFF;
    13935 : FFFE;
    13936 : FFFF;
    13937 : 0001;
    13938 : FFFD;
    13939 : 0001;
    13940 : FFFE;
    13941 : 0001;
    13942 : FFFD;
    13943 : 0001;
    13944 : FFFE;
    13945 : 0000;
    13946 : FFFE;
    13947 : FFFF;
    13948 : FFFF;
    13949 : 0002;
    13950 : FFFD;
    13951 : 0003;
    13952 : 0000;
    13953 : FFFE;
    13954 : 0003;
    13955 : FFFD;
    13956 : 0001;
    13957 : 0000;
    13958 : FFFF;
    13959 : 0000;
    13960 : 0000;
    13961 : 0001;
    13962 : 0004;
    13963 : FFFE;
    13964 : 0001;
    13965 : 0000;
    13966 : 0000;
    13967 : 0000;
    13968 : 0000;
    13969 : FFFE;
    13970 : 0002;
    13971 : 0001;
    13972 : FFFE;
    13973 : 0002;
    13974 : FFFB;
    13975 : 0001;
    13976 : 0000;
    13977 : 0001;
    13978 : FFFF;
    13979 : 0001;
    13980 : 0000;
    13981 : 0004;
    13982 : FFFE;
    13983 : 0003;
    13984 : FFFD;
    13985 : 0000;
    13986 : FFFF;
    13987 : FFFF;
    13988 : FFFE;
    13989 : 0002;
    13990 : FFFD;
    13991 : 0003;
    13992 : 0000;
    13993 : 0000;
    13994 : 0001;
    13995 : FFFD;
    13996 : 0001;
    13997 : FFFE;
    13998 : FFFF;
    13999 : 0001;
    14000 : FFFD;
    14001 : 0002;
    14002 : 0000;
    14003 : FFFE;
    14004 : FFFF;
    14005 : FFFF;
    14006 : FFFF;
    14007 : FFFD;
    14008 : 0001;
    14009 : FFFF;
    14010 : 0000;
    14011 : 0001;
    14012 : FFFF;
    14013 : 0002;
    14014 : FFFE;
    14015 : 0001;
    14016 : 0000;
    14017 : 0002;
    14018 : FFFE;
    14019 : 0000;
    14020 : FFFF;
    14021 : 0000;
    14022 : 0000;
    14023 : FFFE;
    14024 : 0001;
    14025 : 0000;
    14026 : 0000;
    14027 : FFFF;
    14028 : 0001;
    14029 : FFFE;
    14030 : 0000;
    14031 : FFFE;
    14032 : FFFF;
    14033 : FFFE;
    14034 : FFFE;
    14035 : 0000;
    14036 : FFFE;
    14037 : FFFE;
    14038 : FFFF;
    14039 : 0000;
    14040 : FFFE;
    14041 : 0003;
    14042 : FFFD;
    14043 : 0001;
    14044 : FFFD;
    14045 : 0001;
    14046 : FFFE;
    14047 : 0002;
    14048 : FFFE;
    14049 : 0000;
    14050 : FFFE;
    14051 : 0001;
    14052 : FFFE;
    14053 : 0000;
    14054 : FFFF;
    14055 : FFFE;
    14056 : 0001;
    14057 : FFFD;
    14058 : 0000;
    14059 : FFFC;
    14060 : 0001;
    14061 : FFFD;
    14062 : 0002;
    14063 : FFFC;
    14064 : 0002;
    14065 : FFFD;
    14066 : 0001;
    14067 : 0000;
    14068 : FFFF;
    14069 : 0001;
    14070 : FFFE;
    14071 : 0001;
    14072 : FFFF;
    14073 : 0001;
    14074 : FFFE;
    14075 : FFFF;
    14076 : FFFE;
    14077 : 0001;
    14078 : FFFC;
    14079 : FFFF;
    14080 : 0000;
    14081 : FFFE;
    14082 : 0001;
    14083 : 0000;
    14084 : FFFF;
    14085 : 0002;
    14086 : FFFE;
    14087 : 0001;
    14088 : 0000;
    14089 : 0003;
    14090 : FFFF;
    14091 : FFFF;
    14092 : 0000;
    14093 : 0000;
    14094 : 0000;
    14095 : 0000;
    14096 : FFFF;
    14097 : 0001;
    14098 : 0001;
    14099 : FFFE;
    14100 : 0002;
    14101 : FFFE;
    14102 : 0001;
    14103 : 0000;
    14104 : FFFF;
    14105 : 0002;
    14106 : FFFD;
    14107 : FFFE;
    14108 : FFFE;
    14109 : 0001;
    14110 : FFFD;
    14111 : 0001;
    14112 : FFFF;
    14113 : FFFE;
    14114 : 0003;
    14115 : FFFF;
    14116 : 0000;
    14117 : 0004;
    14118 : FFFB;
    14119 : 0004;
    14120 : FFFB;
    14121 : 0004;
    14122 : FFFA;
    14123 : 0005;
    14124 : FFFD;
    14125 : 0000;
    14126 : FFFF;
    14127 : 0000;
    14128 : FFFF;
    14129 : 0003;
    14130 : FFFC;
    14131 : 0000;
    14132 : 0001;
    14133 : FFFF;
    14134 : 0001;
    14135 : 0000;
    14136 : 0001;
    14137 : 0000;
    14138 : 0002;
    14139 : FFFD;
    14140 : 0003;
    14141 : FFFE;
    14142 : 0001;
    14143 : FFFF;
    14144 : 0002;
    14145 : FFFD;
    14146 : 0002;
    14147 : FFFC;
    14148 : 0002;
    14149 : 0000;
    14150 : 0001;
    14151 : 0000;
    14152 : 0000;
    14153 : 0003;
    14154 : FFFE;
    14155 : 0001;
    14156 : FFFC;
    14157 : 0002;
    14158 : FFFD;
    14159 : 0001;
    14160 : FFFD;
    14161 : 0001;
    14162 : FFFD;
    14163 : 0000;
    14164 : FFFE;
    14165 : 0002;
    14166 : FFFE;
    14167 : 0001;
    14168 : FFFE;
    14169 : 0003;
    14170 : FFFE;
    14171 : 0001;
    14172 : FFFF;
    14173 : 0001;
    14174 : FFFE;
    14175 : 0001;
    14176 : FFFC;
    14177 : 0002;
    14178 : FFFF;
    14179 : FFFF;
    14180 : 0001;
    14181 : FFFE;
    14182 : 0002;
    14183 : 0001;
    14184 : 0002;
    14185 : FFFF;
    14186 : 0000;
    14187 : 0001;
    14188 : FFFF;
    14189 : 0000;
END;
