WIDTH=16;
DEPTH=14493;
ADDRESS_RADIX=DEC;
DATA_RADIX=HEX;
CONTENT BEGIN
    0 : 0002;
    1 : 001A;
    2 : 0018;
    3 : 000E;
    4 : 0058;
    5 : 0073;
    6 : 0070;
    7 : 0072;
    8 : 0058;
    9 : 0048;
    10 : 006A;
    11 : 003A;
    12 : 0008;
    13 : 0017;
    14 : 0020;
    15 : 0004;
    16 : FFEF;
    17 : FFFE;
    18 : 001C;
    19 : 0047;
    20 : 006F;
    21 : 0061;
    22 : 0081;
    23 : 00AC;
    24 : 00C0;
    25 : 0098;
    26 : 0037;
    27 : 002F;
    28 : 0047;
    29 : 003B;
    30 : 0042;
    31 : 002C;
    32 : 001B;
    33 : 0043;
    34 : 004E;
    35 : 005D;
    36 : 0095;
    37 : 007B;
    38 : 0096;
    39 : 0099;
    40 : 0029;
    41 : 0008;
    42 : FFFC;
    43 : FFFF;
    44 : 0008;
    45 : 0000;
    46 : FFE3;
    47 : FFED;
    48 : 001C;
    49 : 000E;
    50 : 000B;
    51 : 0017;
    52 : 001D;
    53 : 004A;
    54 : 0049;
    55 : 002A;
    56 : 003E;
    57 : 005D;
    58 : 006C;
    59 : 003B;
    60 : 002A;
    61 : FFF6;
    62 : 0001;
    63 : 002B;
    64 : 002F;
    65 : 002F;
    66 : 0067;
    67 : 0082;
    68 : 009C;
    69 : 0084;
    70 : 006A;
    71 : 0079;
    72 : 0060;
    73 : 0073;
    74 : 0065;
    75 : 005A;
    76 : 0057;
    77 : 007B;
    78 : 004D;
    79 : 0035;
    80 : 003C;
    81 : 002F;
    82 : 004E;
    83 : 0068;
    84 : 004D;
    85 : 0065;
    86 : 005F;
    87 : 0022;
    88 : 0010;
    89 : FFF8;
    90 : 000D;
    91 : 0025;
    92 : 003A;
    93 : 001D;
    94 : 004E;
    95 : 0075;
    96 : 008F;
    97 : 00B4;
    98 : 00CA;
    99 : 00C4;
    100 : 00B9;
    101 : 00D5;
    102 : 00B9;
    103 : 00AC;
    104 : 0070;
    105 : 005C;
    106 : 0071;
    107 : 0063;
    108 : 0032;
    109 : 0014;
    110 : 0044;
    111 : 0008;
    112 : 0013;
    113 : 006D;
    114 : 0071;
    115 : 00A9;
    116 : 009D;
    117 : 00B9;
    118 : 00B3;
    119 : 0089;
    120 : 0084;
    121 : 007D;
    122 : 00A2;
    123 : 009A;
    124 : 009D;
    125 : 008D;
    126 : 0068;
    127 : 008B;
    128 : 0096;
    129 : 006A;
    130 : 0057;
    131 : 005F;
    132 : 0049;
    133 : 0010;
    134 : 003A;
    135 : 002A;
    136 : 0014;
    137 : 0026;
    138 : 0037;
    139 : 0063;
    140 : 007F;
    141 : 008E;
    142 : 0096;
    143 : 00D4;
    144 : 00CE;
    145 : 00FC;
    146 : 00F6;
    147 : 00C7;
    148 : 00F0;
    149 : 00D2;
    150 : 00A3;
    151 : 00B7;
    152 : 0082;
    153 : 006A;
    154 : 0096;
    155 : 008F;
    156 : 0056;
    157 : 0094;
    158 : 0042;
    159 : 000F;
    160 : 0047;
    161 : FFF8;
    162 : 0007;
    163 : 0017;
    164 : FFDA;
    165 : FFB3;
    166 : FFA2;
    167 : FF8A;
    168 : FF9F;
    169 : FF8B;
    170 : FFA9;
    171 : FF65;
    172 : FF60;
    173 : FFD6;
    174 : FFC5;
    175 : FFE1;
    176 : FFEB;
    177 : FFD7;
    178 : 0015;
    179 : 0022;
    180 : FFEA;
    181 : FFD9;
    182 : FFE2;
    183 : FFE2;
    184 : FFD9;
    185 : FFEF;
    186 : FFD4;
    187 : 0006;
    188 : 001F;
    189 : 0026;
    190 : 004B;
    191 : 0060;
    192 : 00AB;
    193 : 00BD;
    194 : 00A6;
    195 : 009A;
    196 : 00AF;
    197 : 00FE;
    198 : 0118;
    199 : 0127;
    200 : 011D;
    201 : 011A;
    202 : 0154;
    203 : 014C;
    204 : 0125;
    205 : 0135;
    206 : 0126;
    207 : 0138;
    208 : 012A;
    209 : 00E6;
    210 : 00E8;
    211 : 00D7;
    212 : 0108;
    213 : 00DB;
    214 : 00C9;
    215 : 00A9;
    216 : 00AF;
    217 : 0091;
    218 : 0092;
    219 : 0073;
    220 : 005B;
    221 : 0036;
    222 : 000E;
    223 : 001D;
    224 : FFD3;
    225 : FFA6;
    226 : FFC8;
    227 : FFD3;
    228 : FFAF;
    229 : FFA8;
    230 : FFBD;
    231 : FFC7;
    232 : 001E;
    233 : 0016;
    234 : FFEE;
    235 : FFF5;
    236 : 0001;
    237 : 000D;
    238 : 000A;
    239 : 0003;
    240 : 002D;
    241 : 0055;
    242 : 0048;
    243 : 0053;
    244 : 0033;
    245 : 005D;
    246 : 00BE;
    247 : 0093;
    248 : 008B;
    249 : 0096;
    250 : 008B;
    251 : 009D;
    252 : 00CC;
    253 : 00AF;
    254 : 006E;
    255 : 00AB;
    256 : 0071;
    257 : 0057;
    258 : 005C;
    259 : 0015;
    260 : FFF8;
    261 : FFFD;
    262 : 000C;
    263 : 000D;
    264 : 0000;
    265 : 0010;
    266 : 006D;
    267 : 007B;
    268 : 0081;
    269 : 009D;
    270 : 00A8;
    271 : 00F9;
    272 : 0115;
    273 : 013F;
    274 : 013F;
    275 : 01B7;
    276 : 01DF;
    277 : 01DF;
    278 : 01D2;
    279 : 0202;
    280 : 024A;
    281 : 022C;
    282 : 0241;
    283 : 0219;
    284 : 0239;
    285 : 01E3;
    286 : 01F7;
    287 : 01AD;
    288 : 0144;
    289 : 0136;
    290 : 00DC;
    291 : 00AB;
    292 : 0005;
    293 : FFDA;
    294 : FF95;
    295 : FF6B;
    296 : FF4D;
    297 : FF27;
    298 : FEAB;
    299 : FE96;
    300 : FE8E;
    301 : FE7C;
    302 : FE9E;
    303 : FE9F;
    304 : FEBA;
    305 : FECE;
    306 : FEF7;
    307 : FED6;
    308 : FF05;
    309 : FF73;
    310 : FF76;
    311 : FF6E;
    312 : FF6F;
    313 : FF8A;
    314 : FFB7;
    315 : FFE4;
    316 : FFF1;
    317 : FFF7;
    318 : 0023;
    319 : 0067;
    320 : 0085;
    321 : 00E5;
    322 : 00D3;
    323 : 00D7;
    324 : 0138;
    325 : 010D;
    326 : 012B;
    327 : 017D;
    328 : 018B;
    329 : 01CA;
    330 : 0239;
    331 : 0228;
    332 : 0216;
    333 : 0240;
    334 : 01EF;
    335 : 01E6;
    336 : 01FA;
    337 : 0182;
    338 : 0155;
    339 : 0151;
    340 : 010B;
    341 : 0089;
    342 : 0049;
    343 : 0008;
    344 : FF9E;
    345 : FF9B;
    346 : FF64;
    347 : FF1E;
    348 : FF2F;
    349 : FF0E;
    350 : FEF4;
    351 : FF0B;
    352 : FEAD;
    353 : FEB2;
    354 : FEED;
    355 : FF16;
    356 : FF51;
    357 : FF8D;
    358 : FFD4;
    359 : 0048;
    360 : 00CE;
    361 : 00E7;
    362 : 0123;
    363 : 0135;
    364 : 0112;
    365 : 0105;
    366 : 0111;
    367 : 00F3;
    368 : 00AC;
    369 : 0092;
    370 : 004D;
    371 : FF8F;
    372 : FF0A;
    373 : FEE0;
    374 : FE71;
    375 : FE1E;
    376 : FDE9;
    377 : FDEE;
    378 : FDB0;
    379 : FDB9;
    380 : FDED;
    381 : FDE9;
    382 : FDF6;
    383 : FE25;
    384 : FE38;
    385 : FE5C;
    386 : FED2;
    387 : FF23;
    388 : FF9D;
    389 : 0029;
    390 : 004E;
    391 : 007F;
    392 : 0105;
    393 : 0118;
    394 : 0163;
    395 : 0199;
    396 : 0155;
    397 : 016D;
    398 : 0154;
    399 : 00C1;
    400 : 0071;
    401 : 0021;
    402 : FFCA;
    403 : FF95;
    404 : FF3D;
    405 : FF29;
    406 : FF19;
    407 : FF13;
    408 : FF1B;
    409 : FF64;
    410 : FF6A;
    411 : FF84;
    412 : FFE4;
    413 : 004E;
    414 : 00DA;
    415 : 0186;
    416 : 01C5;
    417 : 0200;
    418 : 0280;
    419 : 026E;
    420 : 025F;
    421 : 0267;
    422 : 024F;
    423 : 0217;
    424 : 021A;
    425 : 01A5;
    426 : 0126;
    427 : 00AF;
    428 : FFBA;
    429 : FEFB;
    430 : FE58;
    431 : FD83;
    432 : FCC0;
    433 : FC63;
    434 : FBA3;
    435 : FB0C;
    436 : FAFC;
    437 : FAAB;
    438 : FA66;
    439 : FA5F;
    440 : FA9B;
    441 : FAD1;
    442 : FB46;
    443 : FC12;
    444 : FCD9;
    445 : FD77;
    446 : FE20;
    447 : FF09;
    448 : FFA3;
    449 : 0072;
    450 : 011F;
    451 : 01B2;
    452 : 020A;
    453 : 0289;
    454 : 02DC;
    455 : 028F;
    456 : 02C5;
    457 : 0294;
    458 : 0244;
    459 : 01E7;
    460 : 0198;
    461 : 0114;
    462 : 00B9;
    463 : 0044;
    464 : FFC2;
    465 : FF53;
    466 : FED7;
    467 : FE5D;
    468 : FDEF;
    469 : FD91;
    470 : FD5B;
    471 : FD5A;
    472 : FD76;
    473 : FD9B;
    474 : FDC6;
    475 : FE1D;
    476 : FE71;
    477 : FEA6;
    478 : FF4D;
    479 : FFFC;
    480 : 006B;
    481 : 0113;
    482 : 019E;
    483 : 01FF;
    484 : 026F;
    485 : 02F0;
    486 : 0313;
    487 : 0368;
    488 : 03A9;
    489 : 035F;
    490 : 0349;
    491 : 0339;
    492 : 0300;
    493 : 0296;
    494 : 0221;
    495 : 013B;
    496 : 0074;
    497 : FFC0;
    498 : FECC;
    499 : FE19;
    500 : FDB7;
    501 : FCF9;
    502 : FC80;
    503 : FC25;
    504 : FBAD;
    505 : FB8A;
    506 : FB77;
    507 : FB4E;
    508 : FB69;
    509 : FBD9;
    510 : FC52;
    511 : FD18;
    512 : FDC4;
    513 : FE3B;
    514 : FECF;
    515 : FF73;
    516 : FFF5;
    517 : 0087;
    518 : 00E3;
    519 : 0125;
    520 : 0151;
    521 : 011B;
    522 : 00D6;
    523 : 00AE;
    524 : 0053;
    525 : FFC2;
    526 : FF52;
    527 : FEE5;
    528 : FE57;
    529 : FE28;
    530 : FDA6;
    531 : FD0A;
    532 : FCD9;
    533 : FCAA;
    534 : FC7F;
    535 : FC97;
    536 : FCCC;
    537 : FCD1;
    538 : FD73;
    539 : FDE6;
    540 : FE71;
    541 : FF7A;
    542 : 004B;
    543 : 0100;
    544 : 0224;
    545 : 0310;
    546 : 03B2;
    547 : 04D2;
    548 : 053B;
    549 : 057E;
    550 : 0615;
    551 : 0643;
    552 : 0623;
    553 : 0623;
    554 : 05DF;
    555 : 053A;
    556 : 04A9;
    557 : 042A;
    558 : 02DA;
    559 : 01D3;
    560 : 00CD;
    561 : FF9A;
    562 : FE90;
    563 : FDB1;
    564 : FCB1;
    565 : FBC7;
    566 : FB58;
    567 : FA8C;
    568 : FA2D;
    569 : F9FD;
    570 : F9E9;
    571 : FA38;
    572 : FA9A;
    573 : FAF9;
    574 : FBB4;
    575 : FC7A;
    576 : FD08;
    577 : FDC7;
    578 : FEB3;
    579 : FF24;
    580 : FFD4;
    581 : 00B1;
    582 : 0112;
    583 : 01A3;
    584 : 0194;
    585 : 0148;
    586 : 0117;
    587 : 009E;
    588 : 0028;
    589 : FFB4;
    590 : FECF;
    591 : FE2B;
    592 : FDA8;
    593 : FCF9;
    594 : FC81;
    595 : FC3E;
    596 : FBDA;
    597 : FBE9;
    598 : FC4E;
    599 : FC34;
    600 : FCC1;
    601 : FD7B;
    602 : FE09;
    603 : FECA;
    604 : FFA7;
    605 : 0095;
    606 : 01B7;
    607 : 02A6;
    608 : 03A1;
    609 : 04AF;
    610 : 05CD;
    611 : 06A8;
    612 : 0763;
    613 : 07C0;
    614 : 07B2;
    615 : 07A6;
    616 : 0781;
    617 : 0737;
    618 : 06B6;
    619 : 061B;
    620 : 0530;
    621 : 0483;
    622 : 03D5;
    623 : 02BA;
    624 : 01F1;
    625 : 011C;
    626 : 0032;
    627 : FF73;
    628 : FED3;
    629 : FE54;
    630 : FDF5;
    631 : FDB0;
    632 : FD2F;
    633 : FCF4;
    634 : FCCC;
    635 : FC7E;
    636 : FCB5;
    637 : FC7E;
    638 : FC33;
    639 : FC4F;
    640 : FC54;
    641 : FC1A;
    642 : FBFF;
    643 : FBDF;
    644 : FB6D;
    645 : FB61;
    646 : FAF4;
    647 : FA9F;
    648 : FA9E;
    649 : FAAC;
    650 : FACA;
    651 : FB04;
    652 : FB31;
    653 : FB8E;
    654 : FC0A;
    655 : FC45;
    656 : FCF1;
    657 : FDD2;
    658 : FEBD;
    659 : FFCB;
    660 : 0107;
    661 : 01CE;
    662 : 027B;
    663 : 030D;
    664 : 0352;
    665 : 03E1;
    666 : 044C;
    667 : 0496;
    668 : 04E9;
    669 : 052F;
    670 : 057E;
    671 : 0576;
    672 : 0589;
    673 : 057B;
    674 : 0572;
    675 : 0579;
    676 : 05A4;
    677 : 060F;
    678 : 067B;
    679 : 06D0;
    680 : 06F7;
    681 : 075E;
    682 : 0773;
    683 : 07B1;
    684 : 07D5;
    685 : 07E3;
    686 : 0809;
    687 : 07F5;
    688 : 07B9;
    689 : 0751;
    690 : 06A8;
    691 : 05B5;
    692 : 0485;
    693 : 0343;
    694 : 0207;
    695 : 008D;
    696 : FF18;
    697 : FD79;
    698 : FBEB;
    699 : FA5D;
    700 : F885;
    701 : F6C9;
    702 : F53B;
    703 : F3DF;
    704 : F2CC;
    705 : F217;
    706 : F1F4;
    707 : F1FD;
    708 : F264;
    709 : F2B4;
    710 : F388;
    711 : F4A8;
    712 : F5AD;
    713 : F73D;
    714 : F8E0;
    715 : FA40;
    716 : FBD7;
    717 : FD97;
    718 : FF18;
    719 : 00C3;
    720 : 0225;
    721 : 0357;
    722 : 0489;
    723 : 05A2;
    724 : 067A;
    725 : 0751;
    726 : 07EC;
    727 : 07E8;
    728 : 07C0;
    729 : 0766;
    730 : 0708;
    731 : 06BE;
    732 : 0698;
    733 : 0657;
    734 : 067F;
    735 : 06DA;
    736 : 0739;
    737 : 07C4;
    738 : 0816;
    739 : 0876;
    740 : 0917;
    741 : 0985;
    742 : 0A29;
    743 : 0AD0;
    744 : 0B19;
    745 : 0B3D;
    746 : 0B7D;
    747 : 0B33;
    748 : 0A8B;
    749 : 09EF;
    750 : 08C0;
    751 : 078C;
    752 : 0665;
    753 : 050D;
    754 : 0361;
    755 : 01BB;
    756 : FF82;
    757 : FD01;
    758 : FAA7;
    759 : F7FD;
    760 : F5FA;
    761 : F41C;
    762 : F262;
    763 : F118;
    764 : F099;
    765 : EFDD;
    766 : EFB0;
    767 : F00B;
    768 : EFEE;
    769 : F093;
    770 : F1B6;
    771 : F2EB;
    772 : F477;
    773 : F659;
    774 : F7F3;
    775 : F9A4;
    776 : FB60;
    777 : FCE6;
    778 : FE53;
    779 : FF93;
    780 : 0064;
    781 : 0158;
    782 : 0229;
    783 : 028D;
    784 : 031E;
    785 : 0351;
    786 : 0326;
    787 : 02D8;
    788 : 02DC;
    789 : 0305;
    790 : 0379;
    791 : 0433;
    792 : 051E;
    793 : 0643;
    794 : 0766;
    795 : 0869;
    796 : 09B3;
    797 : 0AE9;
    798 : 0C02;
    799 : 0D91;
    800 : 0EFD;
    801 : 1040;
    802 : 11CB;
    803 : 12EB;
    804 : 132E;
    805 : 1388;
    806 : 12FD;
    807 : 119C;
    808 : 1099;
    809 : 0EE7;
    810 : 0C80;
    811 : 0A75;
    812 : 07B7;
    813 : 0494;
    814 : 01EC;
    815 : FEBE;
    816 : FB53;
    817 : F856;
    818 : F582;
    819 : F2D2;
    820 : F107;
    821 : EF2D;
    822 : EDAC;
    823 : EC86;
    824 : EBF1;
    825 : EBB9;
    826 : EBF4;
    827 : ECAE;
    828 : EDA7;
    829 : EF1E;
    830 : F0C3;
    831 : F2A3;
    832 : F45E;
    833 : F667;
    834 : F86B;
    835 : FA13;
    836 : FBEF;
    837 : FDE6;
    838 : FFA7;
    839 : 013C;
    840 : 0295;
    841 : 0382;
    842 : 043D;
    843 : 04D7;
    844 : 04F8;
    845 : 04C7;
    846 : 04AC;
    847 : 04C0;
    848 : 0499;
    849 : 04B6;
    850 : 04B7;
    851 : 0499;
    852 : 04BD;
    853 : 0506;
    854 : 055E;
    855 : 05CC;
    856 : 06A6;
    857 : 07DC;
    858 : 094F;
    859 : 0A87;
    860 : 0BBF;
    861 : 0CCF;
    862 : 0DD4;
    863 : 0E98;
    864 : 0F7F;
    865 : 1028;
    866 : 108F;
    867 : 10AC;
    868 : 10D7;
    869 : 1040;
    870 : 0F09;
    871 : 0DAA;
    872 : 0B86;
    873 : 08EC;
    874 : 0635;
    875 : 0369;
    876 : 0086;
    877 : FE07;
    878 : FB3D;
    879 : F871;
    880 : F5BD;
    881 : F33A;
    882 : F0BA;
    883 : EE99;
    884 : ECC1;
    885 : EB62;
    886 : EAB5;
    887 : EA96;
    888 : EB02;
    889 : EB9C;
    890 : EC91;
    891 : ED9C;
    892 : EF31;
    893 : F0F3;
    894 : F2F9;
    895 : F564;
    896 : F7AC;
    897 : FA46;
    898 : FCF9;
    899 : FF54;
    900 : 0179;
    901 : 0392;
    902 : 057A;
    903 : 06E4;
    904 : 083C;
    905 : 0921;
    906 : 09EA;
    907 : 0A65;
    908 : 0A59;
    909 : 0A63;
    910 : 0A40;
    911 : 0992;
    912 : 0910;
    913 : 08C0;
    914 : 084D;
    915 : 0825;
    916 : 080C;
    917 : 07BE;
    918 : 074B;
    919 : 0720;
    920 : 06A6;
    921 : 0649;
    922 : 060F;
    923 : 05E4;
    924 : 05C9;
    925 : 0675;
    926 : 06C4;
    927 : 06CC;
    928 : 071C;
    929 : 06A5;
    930 : 0656;
    931 : 05F9;
    932 : 0564;
    933 : 04AF;
    934 : 045A;
    935 : 0390;
    936 : 0291;
    937 : 019E;
    938 : 0047;
    939 : FF2C;
    940 : FDF7;
    941 : FC75;
    942 : FB26;
    943 : F9FF;
    944 : F8A5;
    945 : F730;
    946 : F5A8;
    947 : F424;
    948 : F2AD;
    949 : F170;
    950 : F08A;
    951 : F010;
    952 : EFBE;
    953 : F011;
    954 : F12F;
    955 : F245;
    956 : F355;
    957 : F4E4;
    958 : F669;
    959 : F7C3;
    960 : F998;
    961 : FB36;
    962 : FCE5;
    963 : FF1F;
    964 : 0142;
    965 : 02E9;
    966 : 0488;
    967 : 0615;
    968 : 0705;
    969 : 07B4;
    970 : 07EF;
    971 : 0767;
    972 : 0704;
    973 : 06A1;
    974 : 060C;
    975 : 0570;
    976 : 04E3;
    977 : 0451;
    978 : 0432;
    979 : 044C;
    980 : 04BB;
    981 : 05D9;
    982 : 06AC;
    983 : 07EF;
    984 : 0972;
    985 : 0A3B;
    986 : 0AF4;
    987 : 0BF7;
    988 : 0C66;
    989 : 0C9E;
    990 : 0CEE;
    991 : 0CA0;
    992 : 0C4F;
    993 : 0BC1;
    994 : 0A78;
    995 : 08C6;
    996 : 0687;
    997 : 038F;
    998 : 0096;
    999 : FD5B;
    1000 : F9A6;
    1001 : F658;
    1002 : F3D7;
    1003 : F15C;
    1004 : EF7B;
    1005 : EE04;
    1006 : ECC2;
    1007 : EC1D;
    1008 : EBFD;
    1009 : EC13;
    1010 : ECAE;
    1011 : EDD1;
    1012 : EEE6;
    1013 : F073;
    1014 : F248;
    1015 : F41C;
    1016 : F616;
    1017 : F888;
    1018 : FAA4;
    1019 : FD0C;
    1020 : FF9A;
    1021 : 01E2;
    1022 : 03FF;
    1023 : 05D8;
    1024 : 070C;
    1025 : 07B9;
    1026 : 083C;
    1027 : 0830;
    1028 : 07C8;
    1029 : 073B;
    1030 : 066F;
    1031 : 05C0;
    1032 : 0509;
    1033 : 03B9;
    1034 : 0237;
    1035 : 008D;
    1036 : FF2C;
    1037 : FDD9;
    1038 : FD01;
    1039 : FC5C;
    1040 : FC19;
    1041 : FCA8;
    1042 : FD57;
    1043 : FE53;
    1044 : FFB2;
    1045 : 014F;
    1046 : 0399;
    1047 : 05E7;
    1048 : 07CA;
    1049 : 0A08;
    1050 : 0C56;
    1051 : 0E44;
    1052 : 0FD7;
    1053 : 10E6;
    1054 : 110C;
    1055 : 110D;
    1056 : 100D;
    1057 : 0E62;
    1058 : 0C56;
    1059 : 0998;
    1060 : 0667;
    1061 : 033A;
    1062 : FFAB;
    1063 : FBAE;
    1064 : F81E;
    1065 : F4EC;
    1066 : F216;
    1067 : EFC7;
    1068 : EE28;
    1069 : ECD9;
    1070 : EC6E;
    1071 : EC0C;
    1072 : EBC4;
    1073 : EBCB;
    1074 : EC51;
    1075 : ED50;
    1076 : EE91;
    1077 : F024;
    1078 : F208;
    1079 : F47D;
    1080 : F666;
    1081 : F876;
    1082 : FA48;
    1083 : FB71;
    1084 : FCC2;
    1085 : FE48;
    1086 : FF5E;
    1087 : 00D7;
    1088 : 02AE;
    1089 : 0441;
    1090 : 05D9;
    1091 : 076F;
    1092 : 0810;
    1093 : 0881;
    1094 : 090A;
    1095 : 08E2;
    1096 : 0865;
    1097 : 07EE;
    1098 : 0711;
    1099 : 0602;
    1100 : 04C8;
    1101 : 032A;
    1102 : 0175;
    1103 : 0067;
    1104 : FF75;
    1105 : FE5B;
    1106 : FE56;
    1107 : FE90;
    1108 : FF21;
    1109 : 0037;
    1110 : 0107;
    1111 : 020C;
    1112 : 0365;
    1113 : 0509;
    1114 : 06A0;
    1115 : 08A6;
    1116 : 0AC7;
    1117 : 0C6D;
    1118 : 0E0E;
    1119 : 0F60;
    1120 : 0FB7;
    1121 : 0F4F;
    1122 : 0E70;
    1123 : 0CB8;
    1124 : 0AAE;
    1125 : 07D4;
    1126 : 04A2;
    1127 : 0126;
    1128 : FDAA;
    1129 : FA53;
    1130 : F6E8;
    1131 : F395;
    1132 : F075;
    1133 : EDD9;
    1134 : EB63;
    1135 : E979;
    1136 : E802;
    1137 : E6DF;
    1138 : E691;
    1139 : E676;
    1140 : E663;
    1141 : E764;
    1142 : E903;
    1143 : EAEA;
    1144 : ED9A;
    1145 : F05F;
    1146 : F342;
    1147 : F68A;
    1148 : F9B5;
    1149 : FC59;
    1150 : FF46;
    1151 : 0219;
    1152 : 0490;
    1153 : 0745;
    1154 : 0A1F;
    1155 : 0C04;
    1156 : 0E14;
    1157 : 100D;
    1158 : 10EB;
    1159 : 1171;
    1160 : 1198;
    1161 : 1104;
    1162 : 1015;
    1163 : 0EDB;
    1164 : 0D34;
    1165 : 0B53;
    1166 : 09A7;
    1167 : 07CB;
    1168 : 05BD;
    1169 : 0454;
    1170 : 02C9;
    1171 : 0199;
    1172 : 00CF;
    1173 : 0057;
    1174 : 0027;
    1175 : 001C;
    1176 : 0067;
    1177 : 00CC;
    1178 : 00F0;
    1179 : 0149;
    1180 : 01BD;
    1181 : 020B;
    1182 : 0266;
    1183 : 0275;
    1184 : 0231;
    1185 : 01FF;
    1186 : 01B8;
    1187 : 00DF;
    1188 : FF81;
    1189 : FDDC;
    1190 : FC25;
    1191 : FA7D;
    1192 : F943;
    1193 : F81B;
    1194 : F768;
    1195 : F774;
    1196 : F741;
    1197 : F78C;
    1198 : F7DF;
    1199 : F7F9;
    1200 : F89B;
    1201 : F8F1;
    1202 : F92B;
    1203 : F93B;
    1204 : F924;
    1205 : F90E;
    1206 : F937;
    1207 : F8FD;
    1208 : F8B1;
    1209 : F8ED;
    1210 : F8C3;
    1211 : F8B7;
    1212 : F8A7;
    1213 : F852;
    1214 : F861;
    1215 : F8F4;
    1216 : F9E6;
    1217 : FB2E;
    1218 : FD06;
    1219 : FFA1;
    1220 : 027B;
    1221 : 0544;
    1222 : 07E0;
    1223 : 09F7;
    1224 : 0BC9;
    1225 : 0D31;
    1226 : 0D72;
    1227 : 0D80;
    1228 : 0D8B;
    1229 : 0CF4;
    1230 : 0C40;
    1231 : 0B47;
    1232 : 09C9;
    1233 : 0865;
    1234 : 0721;
    1235 : 056C;
    1236 : 03F2;
    1237 : 027A;
    1238 : 0153;
    1239 : 00C9;
    1240 : 0105;
    1241 : 01B7;
    1242 : 02D8;
    1243 : 0490;
    1244 : 063B;
    1245 : 07CE;
    1246 : 0931;
    1247 : 0A40;
    1248 : 0AF7;
    1249 : 0B77;
    1250 : 0B32;
    1251 : 0A2D;
    1252 : 08A5;
    1253 : 0672;
    1254 : 0377;
    1255 : FFFE;
    1256 : FCB5;
    1257 : F945;
    1258 : F59F;
    1259 : F26A;
    1260 : EF5B;
    1261 : EC62;
    1262 : E9CD;
    1263 : E827;
    1264 : E6D4;
    1265 : E632;
    1266 : E6DD;
    1267 : E80D;
    1268 : EA35;
    1269 : ED15;
    1270 : F063;
    1271 : F410;
    1272 : F812;
    1273 : FC02;
    1274 : FF5D;
    1275 : 02E7;
    1276 : 0630;
    1277 : 08FA;
    1278 : 0BF5;
    1279 : 0E57;
    1280 : 0FF1;
    1281 : 1206;
    1282 : 139E;
    1283 : 142C;
    1284 : 14F2;
    1285 : 1426;
    1286 : 125B;
    1287 : 10C4;
    1288 : 0E2F;
    1289 : 0AA3;
    1290 : 077C;
    1291 : 0493;
    1292 : 01A6;
    1293 : FF10;
    1294 : FCD6;
    1295 : FABF;
    1296 : F97F;
    1297 : F8EC;
    1298 : F887;
    1299 : F8EE;
    1300 : F96D;
    1301 : FA42;
    1302 : FBD4;
    1303 : FE49;
    1304 : 0105;
    1305 : 0445;
    1306 : 0801;
    1307 : 0C07;
    1308 : 0FC3;
    1309 : 129D;
    1310 : 1499;
    1311 : 1571;
    1312 : 1510;
    1313 : 137A;
    1314 : 10F3;
    1315 : 0D6B;
    1316 : 09CC;
    1317 : 05DE;
    1318 : 017D;
    1319 : FCDE;
    1320 : F834;
    1321 : F336;
    1322 : EE60;
    1323 : E9FD;
    1324 : E5D7;
    1325 : E325;
    1326 : E1CC;
    1327 : E107;
    1328 : E148;
    1329 : E2D2;
    1330 : E4F7;
    1331 : E7A8;
    1332 : EB88;
    1333 : EFA2;
    1334 : F42C;
    1335 : F973;
    1336 : FE3C;
    1337 : 0307;
    1338 : 0745;
    1339 : 0AE0;
    1340 : 0DF7;
    1341 : 10BB;
    1342 : 12DB;
    1343 : 1480;
    1344 : 160E;
    1345 : 16C1;
    1346 : 173E;
    1347 : 16E9;
    1348 : 1576;
    1349 : 1371;
    1350 : 10BE;
    1351 : 0D88;
    1352 : 0A5C;
    1353 : 073F;
    1354 : 044A;
    1355 : 0193;
    1356 : FE81;
    1357 : FB13;
    1358 : F7B3;
    1359 : F46A;
    1360 : F1B4;
    1361 : F047;
    1362 : EFD2;
    1363 : F085;
    1364 : F27D;
    1365 : F502;
    1366 : F7E2;
    1367 : FAE7;
    1368 : FDFB;
    1369 : 01C2;
    1370 : 060C;
    1371 : 0AC2;
    1372 : 0EFE;
    1373 : 133D;
    1374 : 1711;
    1375 : 1902;
    1376 : 1A06;
    1377 : 196F;
    1378 : 1776;
    1379 : 150D;
    1380 : 1243;
    1381 : 0ED8;
    1382 : 0B1B;
    1383 : 06FE;
    1384 : 01D1;
    1385 : FC07;
    1386 : F5D4;
    1387 : EFEC;
    1388 : EAC1;
    1389 : E6E7;
    1390 : E45A;
    1391 : E306;
    1392 : E236;
    1393 : E20D;
    1394 : E214;
    1395 : E272;
    1396 : E3D1;
    1397 : E5C4;
    1398 : E8C7;
    1399 : EC85;
    1400 : F0EA;
    1401 : F503;
    1402 : F8EF;
    1403 : FC51;
    1404 : FEEF;
    1405 : 019D;
    1406 : 0473;
    1407 : 06BF;
    1408 : 09DD;
    1409 : 0D31;
    1410 : 0FC9;
    1411 : 1273;
    1412 : 14CD;
    1413 : 1624;
    1414 : 16E9;
    1415 : 1801;
    1416 : 189B;
    1417 : 195C;
    1418 : 1A49;
    1419 : 1A8F;
    1420 : 19FB;
    1421 : 193B;
    1422 : 1714;
    1423 : 142E;
    1424 : 1113;
    1425 : 0D95;
    1426 : 0A19;
    1427 : 06BF;
    1428 : 031C;
    1429 : FE91;
    1430 : FA6B;
    1431 : F625;
    1432 : F171;
    1433 : ED97;
    1434 : EA93;
    1435 : E863;
    1436 : E795;
    1437 : E7E4;
    1438 : E8BE;
    1439 : E9FF;
    1440 : EBF6;
    1441 : EE1C;
    1442 : F036;
    1443 : F2FD;
    1444 : F6D2;
    1445 : FB0E;
    1446 : FFD6;
    1447 : 04D8;
    1448 : 08E0;
    1449 : 0C38;
    1450 : 0ED1;
    1451 : 106A;
    1452 : 1118;
    1453 : 1145;
    1454 : 107E;
    1455 : 0F17;
    1456 : 0D96;
    1457 : 0B0A;
    1458 : 07C8;
    1459 : 045B;
    1460 : 0028;
    1461 : FB91;
    1462 : F726;
    1463 : F2E5;
    1464 : EF42;
    1465 : ECDC;
    1466 : EB62;
    1467 : EB18;
    1468 : EBBE;
    1469 : ECBD;
    1470 : EE43;
    1471 : F030;
    1472 : F2A9;
    1473 : F589;
    1474 : F95E;
    1475 : FDD0;
    1476 : 0221;
    1477 : 066B;
    1478 : 0A6A;
    1479 : 0DC7;
    1480 : 104F;
    1481 : 1239;
    1482 : 137D;
    1483 : 142A;
    1484 : 14D2;
    1485 : 1531;
    1486 : 1533;
    1487 : 14FD;
    1488 : 144D;
    1489 : 1307;
    1490 : 1152;
    1491 : 0F2B;
    1492 : 0D43;
    1493 : 0BB7;
    1494 : 0A71;
    1495 : 0956;
    1496 : 07D9;
    1497 : 0611;
    1498 : 03F1;
    1499 : 0181;
    1500 : FF01;
    1501 : FCB1;
    1502 : FA57;
    1503 : F832;
    1504 : F5B5;
    1505 : F1F5;
    1506 : EE1C;
    1507 : EA32;
    1508 : E68A;
    1509 : E3EA;
    1510 : E2BA;
    1511 : E2A4;
    1512 : E3BA;
    1513 : E62E;
    1514 : E907;
    1515 : EB9F;
    1516 : EE78;
    1517 : F161;
    1518 : F488;
    1519 : F8B4;
    1520 : FD46;
    1521 : 02C4;
    1522 : 0891;
    1523 : 0E3A;
    1524 : 1306;
    1525 : 1636;
    1526 : 17FE;
    1527 : 18A7;
    1528 : 1867;
    1529 : 17C0;
    1530 : 169E;
    1531 : 1509;
    1532 : 12D9;
    1533 : 1027;
    1534 : 0CA4;
    1535 : 08B0;
    1536 : 04C3;
    1537 : 011A;
    1538 : FE09;
    1539 : FB9C;
    1540 : F977;
    1541 : F732;
    1542 : F5E3;
    1543 : F44D;
    1544 : F2CA;
    1545 : F206;
    1546 : F1E0;
    1547 : F2D7;
    1548 : F445;
    1549 : F629;
    1550 : F7D0;
    1551 : F9E5;
    1552 : FBF8;
    1553 : FD9F;
    1554 : FF73;
    1555 : 019C;
    1556 : 0497;
    1557 : 0820;
    1558 : 0C1F;
    1559 : 0F2F;
    1560 : 1146;
    1561 : 1287;
    1562 : 11F9;
    1563 : 10CE;
    1564 : 0F48;
    1565 : 0DE4;
    1566 : 0CC3;
    1567 : 0B8C;
    1568 : 09A4;
    1569 : 0616;
    1570 : 018A;
    1571 : FC5D;
    1572 : F6A3;
    1573 : F175;
    1574 : ED44;
    1575 : EAA9;
    1576 : E98C;
    1577 : E995;
    1578 : E9CF;
    1579 : EA33;
    1580 : EB9A;
    1581 : ED0C;
    1582 : EF76;
    1583 : F29E;
    1584 : F690;
    1585 : FB09;
    1586 : FF9F;
    1587 : 03FE;
    1588 : 071F;
    1589 : 098A;
    1590 : 0BC9;
    1591 : 0D72;
    1592 : 0F22;
    1593 : 1114;
    1594 : 1225;
    1595 : 122E;
    1596 : 1116;
    1597 : 0E85;
    1598 : 0AF6;
    1599 : 07E9;
    1600 : 05AA;
    1601 : 040E;
    1602 : 0346;
    1603 : 0218;
    1604 : 0054;
    1605 : FE11;
    1606 : FB13;
    1607 : F7A2;
    1608 : F54C;
    1609 : F40D;
    1610 : F42C;
    1611 : F5A3;
    1612 : F7B5;
    1613 : FA38;
    1614 : FC4E;
    1615 : FE13;
    1616 : FF71;
    1617 : 00B8;
    1618 : 022E;
    1619 : 0482;
    1620 : 078C;
    1621 : 0A6A;
    1622 : 0CAA;
    1623 : 0DE1;
    1624 : 0DDB;
    1625 : 0CEF;
    1626 : 0B3C;
    1627 : 0940;
    1628 : 07E8;
    1629 : 0683;
    1630 : 047D;
    1631 : 01B6;
    1632 : FDD7;
    1633 : F9B1;
    1634 : F5B6;
    1635 : F276;
    1636 : F00D;
    1637 : EEF8;
    1638 : EF4E;
    1639 : F070;
    1640 : F19F;
    1641 : F262;
    1642 : F351;
    1643 : F4C1;
    1644 : F75E;
    1645 : FB4E;
    1646 : 006C;
    1647 : 061E;
    1648 : 0B3F;
    1649 : 0EC0;
    1650 : 0FFD;
    1651 : 0EC0;
    1652 : 0C25;
    1653 : 0977;
    1654 : 0788;
    1655 : 0675;
    1656 : 05AA;
    1657 : 04D4;
    1658 : 02CB;
    1659 : FF7F;
    1660 : FB12;
    1661 : F66A;
    1662 : F2F5;
    1663 : F121;
    1664 : F253;
    1665 : F520;
    1666 : F879;
    1667 : FC57;
    1668 : FF85;
    1669 : 0191;
    1670 : 0358;
    1671 : 055D;
    1672 : 0832;
    1673 : 0BFD;
    1674 : 0FBB;
    1675 : 12D2;
    1676 : 144D;
    1677 : 1372;
    1678 : 10B4;
    1679 : 0C4A;
    1680 : 074A;
    1681 : 02FF;
    1682 : FFD2;
    1683 : FD66;
    1684 : FB0F;
    1685 : F90C;
    1686 : F67F;
    1687 : F3D8;
    1688 : F16D;
    1689 : EFB7;
    1690 : F008;
    1691 : F258;
    1692 : F675;
    1693 : FAE7;
    1694 : FE8A;
    1695 : 00D1;
    1696 : 01FA;
    1697 : 027F;
    1698 : 0305;
    1699 : 0448;
    1700 : 068C;
    1701 : 08F7;
    1702 : 0ADF;
    1703 : 0A87;
    1704 : 07BC;
    1705 : 032B;
    1706 : FD60;
    1707 : F7D6;
    1708 : F2DD;
    1709 : EF2F;
    1710 : EDC1;
    1711 : EE8E;
    1712 : F038;
    1713 : F212;
    1714 : F3E3;
    1715 : F4EB;
    1716 : F5C6;
    1717 : F6D0;
    1718 : F828;
    1719 : FAAC;
    1720 : FEBC;
    1721 : 03E8;
    1722 : 0958;
    1723 : 0E78;
    1724 : 12DE;
    1725 : 1643;
    1726 : 1893;
    1727 : 19DB;
    1728 : 19B6;
    1729 : 18C2;
    1730 : 1740;
    1731 : 1493;
    1732 : 1113;
    1733 : 0CA3;
    1734 : 077A;
    1735 : 02BB;
    1736 : FED1;
    1737 : FB7E;
    1738 : F940;
    1739 : F7FD;
    1740 : F6CF;
    1741 : F581;
    1742 : F3E5;
    1743 : F1CC;
    1744 : EFDE;
    1745 : EEC3;
    1746 : EE88;
    1747 : EF3E;
    1748 : F0E5;
    1749 : F32A;
    1750 : F4E2;
    1751 : F62D;
    1752 : F662;
    1753 : F5C4;
    1754 : F5E8;
    1755 : F640;
    1756 : F707;
    1757 : F893;
    1758 : FAC3;
    1759 : FD21;
    1760 : FF84;
    1761 : 01E5;
    1762 : 045A;
    1763 : 07BA;
    1764 : 0C22;
    1765 : 1067;
    1766 : 1402;
    1767 : 164A;
    1768 : 1731;
    1769 : 165A;
    1770 : 1446;
    1771 : 1163;
    1772 : 0DF1;
    1773 : 0B72;
    1774 : 09F8;
    1775 : 08B7;
    1776 : 06F4;
    1777 : 03C5;
    1778 : FEF5;
    1779 : F8D7;
    1780 : F27E;
    1781 : ECB4;
    1782 : E8D2;
    1783 : E72C;
    1784 : E6F6;
    1785 : E76D;
    1786 : E806;
    1787 : E821;
    1788 : E900;
    1789 : EBEA;
    1790 : F054;
    1791 : F6C9;
    1792 : FE95;
    1793 : 058A;
    1794 : 0A83;
    1795 : 0D0F;
    1796 : 0CF1;
    1797 : 0B57;
    1798 : 0A12;
    1799 : 0991;
    1800 : 0AB7;
    1801 : 0D07;
    1802 : 0F6C;
    1803 : 1092;
    1804 : 0F39;
    1805 : 0AAE;
    1806 : 04ED;
    1807 : FF96;
    1808 : FC50;
    1809 : FC7E;
    1810 : FF60;
    1811 : 03E9;
    1812 : 07F6;
    1813 : 0AA7;
    1814 : 0ACC;
    1815 : 0928;
    1816 : 079F;
    1817 : 06AF;
    1818 : 070D;
    1819 : 087B;
    1820 : 09A1;
    1821 : 09A0;
    1822 : 07AD;
    1823 : 034A;
    1824 : FCE1;
    1825 : F5BD;
    1826 : EFAC;
    1827 : EB76;
    1828 : E944;
    1829 : E85C;
    1830 : E776;
    1831 : E554;
    1832 : E248;
    1833 : DF19;
    1834 : DD05;
    1835 : DD97;
    1836 : E1CE;
    1837 : E884;
    1838 : F065;
    1839 : F7F2;
    1840 : FDD0;
    1841 : 02C2;
    1842 : 07B0;
    1843 : 0D36;
    1844 : 1353;
    1845 : 1A4E;
    1846 : 211D;
    1847 : 267C;
    1848 : 29DD;
    1849 : 2A28;
    1850 : 2785;
    1851 : 2376;
    1852 : 1EB0;
    1853 : 19B8;
    1854 : 1565;
    1855 : 115C;
    1856 : 0CB4;
    1857 : 0729;
    1858 : 006B;
    1859 : F8BA;
    1860 : F262;
    1861 : EE2F;
    1862 : EBFD;
    1863 : EC00;
    1864 : EC7E;
    1865 : EC31;
    1866 : EB31;
    1867 : E9BA;
    1868 : E836;
    1869 : E864;
    1870 : EAEA;
    1871 : EF1F;
    1872 : F462;
    1873 : F9A7;
    1874 : FDE6;
    1875 : 009F;
    1876 : 01B3;
    1877 : 0114;
    1878 : 0000;
    1879 : FFA3;
    1880 : 00D9;
    1881 : 0356;
    1882 : 05C9;
    1883 : 07A4;
    1884 : 07D4;
    1885 : 0669;
    1886 : 0454;
    1887 : 0291;
    1888 : 01E8;
    1889 : 030D;
    1890 : 053C;
    1891 : 0646;
    1892 : 0621;
    1893 : 0458;
    1894 : 01D5;
    1895 : FFD8;
    1896 : FF47;
    1897 : 00AE;
    1898 : 0360;
    1899 : 06C8;
    1900 : 09AD;
    1901 : 0A9F;
    1902 : 08A7;
    1903 : 049A;
    1904 : FFDB;
    1905 : FC43;
    1906 : FACC;
    1907 : FC62;
    1908 : FFF3;
    1909 : 0368;
    1910 : 05BD;
    1911 : 053D;
    1912 : 027C;
    1913 : FED2;
    1914 : FB49;
    1915 : F8FC;
    1916 : F931;
    1917 : FAFA;
    1918 : FD69;
    1919 : FF98;
    1920 : 0042;
    1921 : FF2F;
    1922 : FD72;
    1923 : FBE7;
    1924 : FAB0;
    1925 : FB36;
    1926 : FCD7;
    1927 : FE4D;
    1928 : FF0D;
    1929 : FDCE;
    1930 : FAB1;
    1931 : F6F8;
    1932 : F417;
    1933 : F36B;
    1934 : F4BA;
    1935 : F7CF;
    1936 : FB58;
    1937 : FE3F;
    1938 : 0087;
    1939 : 01B1;
    1940 : 022D;
    1941 : 026C;
    1942 : 03A4;
    1943 : 066E;
    1944 : 0A56;
    1945 : 0EC0;
    1946 : 1269;
    1947 : 1422;
    1948 : 13EB;
    1949 : 123B;
    1950 : 0FA8;
    1951 : 0DD9;
    1952 : 0D02;
    1953 : 0CFB;
    1954 : 0C84;
    1955 : 0B14;
    1956 : 07B7;
    1957 : 02E5;
    1958 : FDB8;
    1959 : F855;
    1960 : F3FC;
    1961 : F0EA;
    1962 : EF06;
    1963 : EE18;
    1964 : EDFB;
    1965 : ED94;
    1966 : ECD0;
    1967 : EBAF;
    1968 : EAB5;
    1969 : EAB7;
    1970 : ECC9;
    1971 : F04A;
    1972 : F52E;
    1973 : FB05;
    1974 : 0040;
    1975 : 059F;
    1976 : 0A83;
    1977 : 0E45;
    1978 : 1166;
    1979 : 1354;
    1980 : 1397;
    1981 : 12CD;
    1982 : 110C;
    1983 : 0DB4;
    1984 : 0A48;
    1985 : 076F;
    1986 : 04B6;
    1987 : 02CF;
    1988 : 00E2;
    1989 : FE84;
    1990 : FC12;
    1991 : F99F;
    1992 : F71E;
    1993 : F60A;
    1994 : F6F3;
    1995 : F9DB;
    1996 : FE87;
    1997 : 03B9;
    1998 : 0771;
    1999 : 0952;
    2000 : 097A;
    2001 : 0811;
    2002 : 0693;
    2003 : 05F1;
    2004 : 0708;
    2005 : 097C;
    2006 : 0C31;
    2007 : 0CB3;
    2008 : 0A65;
    2009 : 057C;
    2010 : FEC7;
    2011 : F880;
    2012 : F370;
    2013 : F010;
    2014 : EEDB;
    2015 : EED0;
    2016 : EE61;
    2017 : EDDA;
    2018 : ECE3;
    2019 : EB4A;
    2020 : EAEB;
    2021 : EC02;
    2022 : EEEC;
    2023 : F420;
    2024 : F999;
    2025 : FE68;
    2026 : 01C8;
    2027 : 0390;
    2028 : 049B;
    2029 : 0674;
    2030 : 0A39;
    2031 : 0F31;
    2032 : 1569;
    2033 : 1A50;
    2034 : 1C47;
    2035 : 1BA4;
    2036 : 1823;
    2037 : 13F3;
    2038 : 1187;
    2039 : 1005;
    2040 : 100A;
    2041 : 1164;
    2042 : 11EA;
    2043 : 116E;
    2044 : 0FB5;
    2045 : 0BDA;
    2046 : 060A;
    2047 : FFDC;
    2048 : F9D8;
    2049 : F4F4;
    2050 : F22B;
    2051 : F03F;
    2052 : EE11;
    2053 : EB60;
    2054 : E7BB;
    2055 : E377;
    2056 : E0E1;
    2057 : E02F;
    2058 : E19B;
    2059 : E37A;
    2060 : E4B1;
    2061 : E524;
    2062 : E658;
    2063 : E9A2;
    2064 : EF9A;
    2065 : F792;
    2066 : FF82;
    2067 : 0670;
    2068 : 0AB4;
    2069 : 0D47;
    2070 : 0EC2;
    2071 : 0F59;
    2072 : 100A;
    2073 : 11EF;
    2074 : 1441;
    2075 : 17D6;
    2076 : 1BAC;
    2077 : 1DB2;
    2078 : 1D42;
    2079 : 1A1D;
    2080 : 1459;
    2081 : 0E1D;
    2082 : 0AA5;
    2083 : 09F7;
    2084 : 0BBD;
    2085 : 0E4A;
    2086 : 0F48;
    2087 : 0E03;
    2088 : 0AA3;
    2089 : 05EF;
    2090 : 0148;
    2091 : FDC9;
    2092 : FAC4;
    2093 : F84E;
    2094 : F627;
    2095 : F329;
    2096 : F005;
    2097 : EC61;
    2098 : E7CB;
    2099 : E3A5;
    2100 : E0DB;
    2101 : DFC3;
    2102 : E121;
    2103 : E42F;
    2104 : E712;
    2105 : E9BA;
    2106 : EB75;
    2107 : ECB5;
    2108 : EF1B;
    2109 : F391;
    2110 : FA31;
    2111 : 02BE;
    2112 : 0B6F;
    2113 : 1242;
    2114 : 166D;
    2115 : 1866;
    2116 : 1924;
    2117 : 190A;
    2118 : 18A6;
    2119 : 1865;
    2120 : 18F7;
    2121 : 1938;
    2122 : 18DE;
    2123 : 16E7;
    2124 : 1299;
    2125 : 0D27;
    2126 : 071A;
    2127 : 0135;
    2128 : FC7D;
    2129 : F94D;
    2130 : F6B3;
    2131 : F44C;
    2132 : F1CE;
    2133 : EF08;
    2134 : ECA0;
    2135 : EB95;
    2136 : EB99;
    2137 : EC7F;
    2138 : EDD5;
    2139 : EF91;
    2140 : F1B2;
    2141 : F3C1;
    2142 : F688;
    2143 : F984;
    2144 : FCC0;
    2145 : 0053;
    2146 : 03DD;
    2147 : 0702;
    2148 : 0951;
    2149 : 0B2F;
    2150 : 0BE7;
    2151 : 0CB4;
    2152 : 0DDC;
    2153 : 0F33;
    2154 : 10DD;
    2155 : 11CE;
    2156 : 119E;
    2157 : 0F91;
    2158 : 0BD8;
    2159 : 06C5;
    2160 : 0154;
    2161 : FC34;
    2162 : F87A;
    2163 : F652;
    2164 : F551;
    2165 : F4AD;
    2166 : F36A;
    2167 : F169;
    2168 : EF23;
    2169 : ED95;
    2170 : ED75;
    2171 : EF0F;
    2172 : F283;
    2173 : F763;
    2174 : FC60;
    2175 : 0180;
    2176 : 056E;
    2177 : 07D3;
    2178 : 0990;
    2179 : 0A7F;
    2180 : 0B90;
    2181 : 0D20;
    2182 : 0ED3;
    2183 : 105D;
    2184 : 108D;
    2185 : 0E7C;
    2186 : 0A7C;
    2187 : 05C7;
    2188 : 0193;
    2189 : FE3B;
    2190 : FC75;
    2191 : FAB6;
    2192 : F911;
    2193 : F790;
    2194 : F578;
    2195 : F35B;
    2196 : F191;
    2197 : F000;
    2198 : EF2D;
    2199 : F015;
    2200 : F22C;
    2201 : F556;
    2202 : F87C;
    2203 : FA95;
    2204 : FB6C;
    2205 : FB23;
    2206 : FAB8;
    2207 : FBA6;
    2208 : FE32;
    2209 : 01BE;
    2210 : 05E0;
    2211 : 08ED;
    2212 : 0A90;
    2213 : 0B12;
    2214 : 09F8;
    2215 : 089B;
    2216 : 08B1;
    2217 : 0A62;
    2218 : 0DA2;
    2219 : 120B;
    2220 : 169D;
    2221 : 1A29;
    2222 : 1C0C;
    2223 : 1B2F;
    2224 : 17E0;
    2225 : 138B;
    2226 : 0EF4;
    2227 : 0B31;
    2228 : 089F;
    2229 : 05B1;
    2230 : 0217;
    2231 : FDCE;
    2232 : F7CF;
    2233 : F1A0;
    2234 : EBE9;
    2235 : E6B5;
    2236 : E2CD;
    2237 : E004;
    2238 : DD3B;
    2239 : DAF5;
    2240 : D9F9;
    2241 : D962;
    2242 : DA8F;
    2243 : DD40;
    2244 : E128;
    2245 : E749;
    2246 : EF4E;
    2247 : F764;
    2248 : FF52;
    2249 : 05D4;
    2250 : 0A6D;
    2251 : 0E79;
    2252 : 12D8;
    2253 : 17FB;
    2254 : 1DC2;
    2255 : 231B;
    2256 : 265B;
    2257 : 27B0;
    2258 : 2656;
    2259 : 22C8;
    2260 : 1EF3;
    2261 : 1A6C;
    2262 : 1566;
    2263 : 1180;
    2264 : 0D80;
    2265 : 097F;
    2266 : 05EA;
    2267 : 00C4;
    2268 : FAAA;
    2269 : F54D;
    2270 : F13C;
    2271 : EF0D;
    2272 : EF42;
    2273 : F067;
    2274 : F131;
    2275 : F256;
    2276 : F213;
    2277 : F112;
    2278 : F106;
    2279 : F119;
    2280 : F296;
    2281 : F57B;
    2282 : F787;
    2283 : F977;
    2284 : FB99;
    2285 : FC79;
    2286 : FD07;
    2287 : FDF8;
    2288 : FE7F;
    2289 : FF61;
    2290 : 00CC;
    2291 : 013E;
    2292 : 0126;
    2293 : 0141;
    2294 : 009F;
    2295 : 00D0;
    2296 : 0219;
    2297 : 0349;
    2298 : 05D4;
    2299 : 091E;
    2300 : 0B45;
    2301 : 0BC6;
    2302 : 0A9C;
    2303 : 07C2;
    2304 : 056D;
    2305 : 0478;
    2306 : 03FA;
    2307 : 0490;
    2308 : 04C5;
    2309 : 03E5;
    2310 : 0217;
    2311 : FF38;
    2312 : FBE0;
    2313 : F9E3;
    2314 : F916;
    2315 : F996;
    2316 : FBA5;
    2317 : FDAB;
    2318 : FF73;
    2319 : 00FB;
    2320 : 00C1;
    2321 : FF5A;
    2322 : FE56;
    2323 : FE0E;
    2324 : FF8A;
    2325 : 01DE;
    2326 : 0395;
    2327 : 0427;
    2328 : 03BD;
    2329 : 01F8;
    2330 : FF5F;
    2331 : FD6C;
    2332 : FC7A;
    2333 : FCE8;
    2334 : FE53;
    2335 : FF72;
    2336 : FF95;
    2337 : FF61;
    2338 : FE6C;
    2339 : FDD4;
    2340 : FE0D;
    2341 : FEDB;
    2342 : 0108;
    2343 : 0331;
    2344 : 0469;
    2345 : 0463;
    2346 : 0335;
    2347 : 0107;
    2348 : FF11;
    2349 : FD7F;
    2350 : FC1F;
    2351 : FC6D;
    2352 : FE17;
    2353 : 0048;
    2354 : 0242;
    2355 : 02D5;
    2356 : 01DE;
    2357 : 002C;
    2358 : FE5F;
    2359 : FCC8;
    2360 : FCD3;
    2361 : FDE7;
    2362 : FFCA;
    2363 : 0294;
    2364 : 04BF;
    2365 : 0630;
    2366 : 076F;
    2367 : 079C;
    2368 : 06A8;
    2369 : 05A7;
    2370 : 0402;
    2371 : 0309;
    2372 : 02AB;
    2373 : 0149;
    2374 : FEEB;
    2375 : FB92;
    2376 : F806;
    2377 : F523;
    2378 : F337;
    2379 : F277;
    2380 : F336;
    2381 : F49B;
    2382 : F601;
    2383 : F6E0;
    2384 : F6DD;
    2385 : F664;
    2386 : F6EE;
    2387 : F8CE;
    2388 : FC36;
    2389 : 0103;
    2390 : 0634;
    2391 : 0A51;
    2392 : 0CC8;
    2393 : 0CDC;
    2394 : 0B80;
    2395 : 0A94;
    2396 : 0A4A;
    2397 : 0AEE;
    2398 : 0BCC;
    2399 : 0CA3;
    2400 : 0CCA;
    2401 : 0C03;
    2402 : 09E4;
    2403 : 0744;
    2404 : 054E;
    2405 : 0405;
    2406 : 04CF;
    2407 : 066E;
    2408 : 0761;
    2409 : 07DC;
    2410 : 06E0;
    2411 : 0418;
    2412 : 00B6;
    2413 : FD30;
    2414 : FAA5;
    2415 : FA0E;
    2416 : FA23;
    2417 : F9D8;
    2418 : F8EA;
    2419 : F6E0;
    2420 : F402;
    2421 : F1A6;
    2422 : EF1A;
    2423 : ECD3;
    2424 : EC41;
    2425 : EC22;
    2426 : EC2A;
    2427 : EC68;
    2428 : EC68;
    2429 : ECB4;
    2430 : EE6F;
    2431 : F12B;
    2432 : F49D;
    2433 : F931;
    2434 : FE0D;
    2435 : 02D0;
    2436 : 0747;
    2437 : 0A57;
    2438 : 0D5C;
    2439 : 10D3;
    2440 : 1451;
    2441 : 1898;
    2442 : 1D5E;
    2443 : 213E;
    2444 : 2399;
    2445 : 2399;
    2446 : 1FED;
    2447 : 1A07;
    2448 : 13C4;
    2449 : 0DCC;
    2450 : 095B;
    2451 : 0647;
    2452 : 0373;
    2453 : 0105;
    2454 : FDE8;
    2455 : F8AF;
    2456 : F2CB;
    2457 : ED18;
    2458 : E854;
    2459 : E651;
    2460 : E6CC;
    2461 : E85B;
    2462 : EBBD;
    2463 : EF89;
    2464 : F363;
    2465 : F74D;
    2466 : FA18;
    2467 : FC7C;
    2468 : FEDE;
    2469 : 0097;
    2470 : 0165;
    2471 : 0250;
    2472 : 02D7;
    2473 : 0359;
    2474 : 0469;
    2475 : 04A0;
    2476 : 04D5;
    2477 : 05D7;
    2478 : 0624;
    2479 : 053A;
    2480 : 0336;
    2481 : FF24;
    2482 : FB08;
    2483 : F945;
    2484 : F89C;
    2485 : FA26;
    2486 : FD5C;
    2487 : 006A;
    2488 : 033E;
    2489 : 0531;
    2490 : 0531;
    2491 : 04B6;
    2492 : 046A;
    2493 : 02F0;
    2494 : 01D0;
    2495 : 018A;
    2496 : 0170;
    2497 : 0333;
    2498 : 0572;
    2499 : 067F;
    2500 : 0773;
    2501 : 0802;
    2502 : 07F4;
    2503 : 07FB;
    2504 : 07E3;
    2505 : 065D;
    2506 : 058B;
    2507 : 0516;
    2508 : 03F7;
    2509 : 042D;
    2510 : 0496;
    2511 : 04A9;
    2512 : 051B;
    2513 : 0421;
    2514 : 01A1;
    2515 : FEDD;
    2516 : FB6D;
    2517 : F7ED;
    2518 : F5BF;
    2519 : F41A;
    2520 : F36E;
    2521 : F3FD;
    2522 : F404;
    2523 : F367;
    2524 : F2D0;
    2525 : F1C6;
    2526 : F1D6;
    2527 : F435;
    2528 : F756;
    2529 : FC21;
    2530 : 0260;
    2531 : 07CD;
    2532 : 0C49;
    2533 : 0ED8;
    2534 : 0E95;
    2535 : 0D08;
    2536 : 0B99;
    2537 : 0A10;
    2538 : 0953;
    2539 : 0972;
    2540 : 0925;
    2541 : 090C;
    2542 : 081A;
    2543 : 05E8;
    2544 : 0380;
    2545 : 00A2;
    2546 : FD15;
    2547 : FA54;
    2548 : F85F;
    2549 : F741;
    2550 : F883;
    2551 : FB61;
    2552 : FE23;
    2553 : 00BB;
    2554 : 0315;
    2555 : 045E;
    2556 : 053F;
    2557 : 051A;
    2558 : 037F;
    2559 : 01A5;
    2560 : FF3D;
    2561 : FC89;
    2562 : FA71;
    2563 : F8C9;
    2564 : F7A1;
    2565 : F7C3;
    2566 : F80F;
    2567 : F81D;
    2568 : F85B;
    2569 : F83F;
    2570 : F7CD;
    2571 : F757;
    2572 : F702;
    2573 : F7C2;
    2574 : FA91;
    2575 : FF1E;
    2576 : 04B0;
    2577 : 0A66;
    2578 : 0ED7;
    2579 : 118E;
    2580 : 123D;
    2581 : 112A;
    2582 : 0F67;
    2583 : 0E65;
    2584 : 0ECB;
    2585 : 0F7A;
    2586 : 0FE7;
    2587 : 0EA1;
    2588 : 0BD9;
    2589 : 08A0;
    2590 : 04C3;
    2591 : 00BE;
    2592 : FCFB;
    2593 : FA12;
    2594 : F8A8;
    2595 : F85A;
    2596 : F8AC;
    2597 : F9F1;
    2598 : FAFC;
    2599 : FAD4;
    2600 : FA70;
    2601 : F998;
    2602 : F930;
    2603 : FA26;
    2604 : FAFF;
    2605 : FBDB;
    2606 : FC6B;
    2607 : FC53;
    2608 : FC06;
    2609 : FBD7;
    2610 : FA85;
    2611 : F842;
    2612 : F5E1;
    2613 : F378;
    2614 : F22B;
    2615 : F222;
    2616 : F33F;
    2617 : F540;
    2618 : F7CF;
    2619 : F9C1;
    2620 : FBB6;
    2621 : FDD2;
    2622 : 0037;
    2623 : 0339;
    2624 : 065C;
    2625 : 09AC;
    2626 : 0DD8;
    2627 : 1275;
    2628 : 16F0;
    2629 : 1AC1;
    2630 : 1C4C;
    2631 : 1C23;
    2632 : 1A99;
    2633 : 17AA;
    2634 : 13C6;
    2635 : 0FA4;
    2636 : 0B83;
    2637 : 07FC;
    2638 : 04FE;
    2639 : 017F;
    2640 : FD82;
    2641 : F90A;
    2642 : F405;
    2643 : EF03;
    2644 : EB40;
    2645 : E875;
    2646 : E822;
    2647 : E9CC;
    2648 : EC28;
    2649 : EF95;
    2650 : F3C1;
    2651 : F78D;
    2652 : FB46;
    2653 : FEA2;
    2654 : 00D5;
    2655 : 0319;
    2656 : 054D;
    2657 : 0694;
    2658 : 0720;
    2659 : 0696;
    2660 : 051B;
    2661 : 0411;
    2662 : 03C6;
    2663 : 0429;
    2664 : 04E9;
    2665 : 04E0;
    2666 : 0344;
    2667 : 0044;
    2668 : FBE5;
    2669 : F792;
    2670 : F500;
    2671 : F4B5;
    2672 : F6FA;
    2673 : FB27;
    2674 : FFB1;
    2675 : 03CB;
    2676 : 072D;
    2677 : 0877;
    2678 : 085A;
    2679 : 076D;
    2680 : 0620;
    2681 : 055C;
    2682 : 05A6;
    2683 : 05C2;
    2684 : 0631;
    2685 : 06E6;
    2686 : 0691;
    2687 : 0615;
    2688 : 0521;
    2689 : 03E5;
    2690 : 033A;
    2691 : 030B;
    2692 : 0229;
    2693 : 009D;
    2694 : FEEC;
    2695 : FD60;
    2696 : FCDF;
    2697 : FDA5;
    2698 : FEBF;
    2699 : 0028;
    2700 : 0136;
    2701 : 00CC;
    2702 : 000F;
    2703 : FF02;
    2704 : FD70;
    2705 : FC24;
    2706 : FA89;
    2707 : F844;
    2708 : F6B9;
    2709 : F578;
    2710 : F4DC;
    2711 : F4E3;
    2712 : F553;
    2713 : F62F;
    2714 : F8D7;
    2715 : FD46;
    2716 : 022B;
    2717 : 070B;
    2718 : 0A1A;
    2719 : 0B08;
    2720 : 0A54;
    2721 : 0881;
    2722 : 065C;
    2723 : 051E;
    2724 : 0501;
    2725 : 0555;
    2726 : 0688;
    2727 : 0726;
    2728 : 06B8;
    2729 : 0530;
    2730 : 0228;
    2731 : FE2A;
    2732 : FA3C;
    2733 : F7E7;
    2734 : F7AA;
    2735 : F94A;
    2736 : FBAF;
    2737 : FE58;
    2738 : 010C;
    2739 : 034C;
    2740 : 0537;
    2741 : 0696;
    2742 : 079F;
    2743 : 0858;
    2744 : 0886;
    2745 : 07E4;
    2746 : 05AD;
    2747 : 0244;
    2748 : FE30;
    2749 : F9FF;
    2750 : F739;
    2751 : F600;
    2752 : F69C;
    2753 : F7CD;
    2754 : F859;
    2755 : F7B7;
    2756 : F55B;
    2757 : F27D;
    2758 : EFD6;
    2759 : EEC4;
    2760 : EF5D;
    2761 : F335;
    2762 : FA0A;
    2763 : 023F;
    2764 : 0A05;
    2765 : 0F27;
    2766 : 1090;
    2767 : 0F75;
    2768 : 0D70;
    2769 : 0BE3;
    2770 : 0C57;
    2771 : 0EAA;
    2772 : 11E0;
    2773 : 1468;
    2774 : 151E;
    2775 : 134D;
    2776 : 1039;
    2777 : 0BD9;
    2778 : 06E6;
    2779 : 02A9;
    2780 : FF94;
    2781 : FDB2;
    2782 : FD57;
    2783 : FD04;
    2784 : FB62;
    2785 : F841;
    2786 : F4C0;
    2787 : F1E1;
    2788 : F0D2;
    2789 : F1B4;
    2790 : F373;
    2791 : F571;
    2792 : F60B;
    2793 : F513;
    2794 : F335;
    2795 : F115;
    2796 : EF9D;
    2797 : EF4B;
    2798 : EFBC;
    2799 : F0EC;
    2800 : F29F;
    2801 : F4E0;
    2802 : F7C2;
    2803 : FABB;
    2804 : FCD0;
    2805 : FE7B;
    2806 : 001A;
    2807 : 0191;
    2808 : 0465;
    2809 : 07EB;
    2810 : 0C3C;
    2811 : 1062;
    2812 : 13B3;
    2813 : 168F;
    2814 : 1983;
    2815 : 1C77;
    2816 : 1EEF;
    2817 : 20A2;
    2818 : 2029;
    2819 : 1D13;
    2820 : 18BE;
    2821 : 13AF;
    2822 : 0E80;
    2823 : 098D;
    2824 : 0485;
    2825 : FFE3;
    2826 : FBFD;
    2827 : F877;
    2828 : F472;
    2829 : EFEE;
    2830 : EA7A;
    2831 : E497;
    2832 : DFA4;
    2833 : DCF4;
    2834 : DD6A;
    2835 : E148;
    2836 : E6E8;
    2837 : EC85;
    2838 : F180;
    2839 : F5CB;
    2840 : F9C3;
    2841 : FD39;
    2842 : 0034;
    2843 : 0242;
    2844 : 0423;
    2845 : 058C;
    2846 : 070D;
    2847 : 08AD;
    2848 : 0A7E;
    2849 : 0C9C;
    2850 : 0EBA;
    2851 : 1001;
    2852 : 0F7E;
    2853 : 0D68;
    2854 : 0915;
    2855 : 03B9;
    2856 : FE5D;
    2857 : FAC0;
    2858 : F9D7;
    2859 : FC14;
    2860 : FFE2;
    2861 : 03D0;
    2862 : 0612;
    2863 : 05DC;
    2864 : 03FF;
    2865 : 002B;
    2866 : FC6D;
    2867 : F9CE;
    2868 : F9DF;
    2869 : FC26;
    2870 : FF9D;
    2871 : 02A0;
    2872 : 0400;
    2873 : 0465;
    2874 : 03F6;
    2875 : 039F;
    2876 : 03F3;
    2877 : 04F4;
    2878 : 057C;
    2879 : 05CA;
    2880 : 051F;
    2881 : 042D;
    2882 : 03A2;
    2883 : 0343;
    2884 : 0330;
    2885 : 030A;
    2886 : 0261;
    2887 : 019A;
    2888 : 0087;
    2889 : FEB9;
    2890 : FBFB;
    2891 : F88A;
    2892 : F584;
    2893 : F375;
    2894 : F31F;
    2895 : F3A2;
    2896 : F42C;
    2897 : F4A7;
    2898 : F4DC;
    2899 : F54F;
    2900 : F734;
    2901 : FA9F;
    2902 : FFA0;
    2903 : 04BD;
    2904 : 07AE;
    2905 : 087C;
    2906 : 06A0;
    2907 : 03A8;
    2908 : 00E6;
    2909 : FEFD;
    2910 : FEE1;
    2911 : 0063;
    2912 : 0326;
    2913 : 05F2;
    2914 : 07CC;
    2915 : 07BF;
    2916 : 0591;
    2917 : 01AB;
    2918 : FD86;
    2919 : FA74;
    2920 : FA9C;
    2921 : FE23;
    2922 : 03F8;
    2923 : 0A0B;
    2924 : 0D6A;
    2925 : 0E0A;
    2926 : 0C82;
    2927 : 0A64;
    2928 : 0846;
    2929 : 0686;
    2930 : 040D;
    2931 : 010D;
    2932 : FD65;
    2933 : F9D1;
    2934 : F770;
    2935 : F5A4;
    2936 : F4C1;
    2937 : F410;
    2938 : F2BE;
    2939 : F15A;
    2940 : F065;
    2941 : EF7A;
    2942 : EE0E;
    2943 : EC44;
    2944 : EB19;
    2945 : EC47;
    2946 : F25F;
    2947 : FBDD;
    2948 : 0657;
    2949 : 0F64;
    2950 : 1443;
    2951 : 152F;
    2952 : 1351;
    2953 : 106A;
    2954 : 0E1D;
    2955 : 0DFE;
    2956 : 0EBC;
    2957 : 1045;
    2958 : 1244;
    2959 : 1340;
    2960 : 1309;
    2961 : 10EE;
    2962 : 0BC4;
    2963 : 04FC;
    2964 : FE94;
    2965 : F996;
    2966 : F782;
    2967 : F770;
    2968 : F77F;
    2969 : F773;
    2970 : F68E;
    2971 : F516;
    2972 : F3F5;
    2973 : F301;
    2974 : F249;
    2975 : F230;
    2976 : F222;
    2977 : F1B2;
    2978 : F21F;
    2979 : F35B;
    2980 : F49E;
    2981 : F605;
    2982 : F6A6;
    2983 : F639;
    2984 : F641;
    2985 : F6AC;
    2986 : F76A;
    2987 : F917;
    2988 : FA94;
    2989 : FC43;
    2990 : FEB5;
    2991 : 01B6;
    2992 : 04FE;
    2993 : 0838;
    2994 : 0AAD;
    2995 : 0C67;
    2996 : 0D74;
    2997 : 0E0C;
    2998 : 0F2F;
    2999 : 11AF;
    3000 : 1440;
    3001 : 15F1;
    3002 : 16E6;
    3003 : 1699;
    3004 : 1615;
    3005 : 151F;
    3006 : 12CF;
    3007 : 0F94;
    3008 : 0BA6;
    3009 : 071B;
    3010 : 0311;
    3011 : FF99;
    3012 : FC64;
    3013 : F97B;
    3014 : F65A;
    3015 : F35B;
    3016 : F116;
    3017 : EFA7;
    3018 : EE72;
    3019 : EDA3;
    3020 : EC13;
    3021 : E987;
    3022 : E7A9;
    3023 : E711;
    3024 : E79E;
    3025 : E9F3;
    3026 : ECF5;
    3027 : F004;
    3028 : F414;
    3029 : F76A;
    3030 : F9F2;
    3031 : FC08;
    3032 : FD39;
    3033 : FE07;
    3034 : 0000;
    3035 : 0346;
    3036 : 07BD;
    3037 : 0D7B;
    3038 : 11D1;
    3039 : 13D5;
    3040 : 13C6;
    3041 : 1177;
    3042 : 0E41;
    3043 : 0C01;
    3044 : 0A58;
    3045 : 09B0;
    3046 : 0A82;
    3047 : 0B5C;
    3048 : 0BFA;
    3049 : 0BCD;
    3050 : 0A0B;
    3051 : 06B5;
    3052 : 0346;
    3053 : 00BA;
    3054 : FF1F;
    3055 : FF53;
    3056 : FF9B;
    3057 : FF91;
    3058 : FE77;
    3059 : FBE1;
    3060 : F95B;
    3061 : F807;
    3062 : F7EF;
    3063 : F8D0;
    3064 : F9CD;
    3065 : F952;
    3066 : F7F2;
    3067 : F62E;
    3068 : F3DD;
    3069 : F292;
    3070 : F36A;
    3071 : F577;
    3072 : F961;
    3073 : FDD6;
    3074 : 0137;
    3075 : 036C;
    3076 : 03D9;
    3077 : 027C;
    3078 : 005E;
    3079 : FF29;
    3080 : FFA6;
    3081 : 02A7;
    3082 : 07AF;
    3083 : 0C1C;
    3084 : 0EC1;
    3085 : 0E7F;
    3086 : 0ADB;
    3087 : 056F;
    3088 : FF91;
    3089 : FA20;
    3090 : F680;
    3091 : F4CA;
    3092 : F475;
    3093 : F54B;
    3094 : F6C2;
    3095 : F8DC;
    3096 : FB1E;
    3097 : FC5B;
    3098 : FC33;
    3099 : FBF1;
    3100 : FC1E;
    3101 : FD6B;
    3102 : 008E;
    3103 : 04C3;
    3104 : 08CD;
    3105 : 0CA4;
    3106 : 0F5E;
    3107 : 10D2;
    3108 : 1154;
    3109 : 103F;
    3110 : 0D2E;
    3111 : 0832;
    3112 : 017D;
    3113 : FA85;
    3114 : F5EF;
    3115 : F3D6;
    3116 : F3F7;
    3117 : F544;
    3118 : F5BB;
    3119 : F515;
    3120 : F339;
    3121 : F117;
    3122 : EF32;
    3123 : EE12;
    3124 : EE68;
    3125 : EFF1;
    3126 : F38C;
    3127 : F893;
    3128 : FEA3;
    3129 : 04A1;
    3130 : 08A7;
    3131 : 09B2;
    3132 : 083D;
    3133 : 06CD;
    3134 : 06D4;
    3135 : 0914;
    3136 : 0C88;
    3137 : 0F36;
    3138 : 1030;
    3139 : 0F3B;
    3140 : 0DE1;
    3141 : 0CF9;
    3142 : 0CD1;
    3143 : 0D34;
    3144 : 0CE2;
    3145 : 0B89;
    3146 : 09BA;
    3147 : 07CB;
    3148 : 0683;
    3149 : 0557;
    3150 : 03A2;
    3151 : 014B;
    3152 : FEAB;
    3153 : FC68;
    3154 : FAC2;
    3155 : F8D7;
    3156 : F536;
    3157 : F003;
    3158 : E9AE;
    3159 : E4A5;
    3160 : E30C;
    3161 : E4C5;
    3162 : E87C;
    3163 : EC97;
    3164 : EF65;
    3165 : EFB5;
    3166 : EF3E;
    3167 : EE68;
    3168 : EE96;
    3169 : F041;
    3170 : F2F1;
    3171 : F74C;
    3172 : FD67;
    3173 : 051C;
    3174 : 0C1E;
    3175 : 110E;
    3176 : 12AD;
    3177 : 1107;
    3178 : 0E42;
    3179 : 0BFF;
    3180 : 0BD8;
    3181 : 0E1B;
    3182 : 115E;
    3183 : 156F;
    3184 : 1908;
    3185 : 1BD0;
    3186 : 1D80;
    3187 : 1DDD;
    3188 : 1C7C;
    3189 : 18D9;
    3190 : 134F;
    3191 : 0CC2;
    3192 : 06E4;
    3193 : 025E;
    3194 : FF69;
    3195 : FE09;
    3196 : FC9B;
    3197 : FAF3;
    3198 : F8B8;
    3199 : F532;
    3200 : F030;
    3201 : EA68;
    3202 : E424;
    3203 : DE54;
    3204 : DAF9;
    3205 : DA7A;
    3206 : DD19;
    3207 : E254;
    3208 : E8D0;
    3209 : EE6D;
    3210 : F31E;
    3211 : F5E5;
    3212 : F79D;
    3213 : F924;
    3214 : FAAF;
    3215 : FD25;
    3216 : 00A0;
    3217 : 055F;
    3218 : 0A9A;
    3219 : 103A;
    3220 : 15B2;
    3221 : 1A39;
    3222 : 1D67;
    3223 : 1EDC;
    3224 : 1E58;
    3225 : 1C6B;
    3226 : 1985;
    3227 : 1623;
    3228 : 128D;
    3229 : 0F0E;
    3230 : 0BE3;
    3231 : 08E1;
    3232 : 05D5;
    3233 : 02B9;
    3234 : FF32;
    3235 : FAB2;
    3236 : F63E;
    3237 : F1B1;
    3238 : ECE9;
    3239 : E996;
    3240 : E7A3;
    3241 : E7B1;
    3242 : E923;
    3243 : EB0C;
    3244 : ED39;
    3245 : F01D;
    3246 : F411;
    3247 : F8A3;
    3248 : FE96;
    3249 : 0489;
    3250 : 09AF;
    3251 : 0E7C;
    3252 : 11EC;
    3253 : 13E9;
    3254 : 14C0;
    3255 : 1451;
    3256 : 12B9;
    3257 : 104D;
    3258 : 0D28;
    3259 : 09EB;
    3260 : 06BE;
    3261 : 0336;
    3262 : FF11;
    3263 : F9F3;
    3264 : F492;
    3265 : EFAD;
    3266 : EC75;
    3267 : EAB8;
    3268 : EA65;
    3269 : EBFA;
    3270 : EDDF;
    3271 : F0F0;
    3272 : F566;
    3273 : FAF0;
    3274 : 0185;
    3275 : 07FF;
    3276 : 0D5B;
    3277 : 118B;
    3278 : 13FC;
    3279 : 14D2;
    3280 : 14FC;
    3281 : 140E;
    3282 : 12B2;
    3283 : 1195;
    3284 : 1093;
    3285 : 0F23;
    3286 : 0D79;
    3287 : 0A67;
    3288 : 053C;
    3289 : FEE1;
    3290 : F7FD;
    3291 : F1D3;
    3292 : EDC1;
    3293 : EBF7;
    3294 : EB66;
    3295 : ECBD;
    3296 : EE47;
    3297 : F002;
    3298 : F258;
    3299 : F434;
    3300 : F5E4;
    3301 : F77B;
    3302 : F8B4;
    3303 : F979;
    3304 : FA9F;
    3305 : FACC;
    3306 : FADE;
    3307 : FB23;
    3308 : FB65;
    3309 : FC6F;
    3310 : FE80;
    3311 : 00B5;
    3312 : 0319;
    3313 : 057A;
    3314 : 0720;
    3315 : 0916;
    3316 : 0BF1;
    3317 : 0FB3;
    3318 : 142E;
    3319 : 18DF;
    3320 : 1C84;
    3321 : 1F01;
    3322 : 202B;
    3323 : 1F25;
    3324 : 1CBA;
    3325 : 1961;
    3326 : 14F9;
    3327 : 10B0;
    3328 : 0CCA;
    3329 : 08AE;
    3330 : 046C;
    3331 : FEF8;
    3332 : F7D0;
    3333 : EF8A;
    3334 : E6C8;
    3335 : DF2A;
    3336 : DA73;
    3337 : D9AD;
    3338 : DB83;
    3339 : DED4;
    3340 : E28B;
    3341 : E4D3;
    3342 : E64A;
    3343 : E701;
    3344 : E7EB;
    3345 : EA55;
    3346 : EE4D;
    3347 : F3B5;
    3348 : FA74;
    3349 : 0163;
    3350 : 07A1;
    3351 : 0CFC;
    3352 : 103B;
    3353 : 11EA;
    3354 : 132F;
    3355 : 1502;
    3356 : 1833;
    3357 : 1CA2;
    3358 : 205B;
    3359 : 21A9;
    3360 : 2119;
    3361 : 1E46;
    3362 : 1ADC;
    3363 : 1888;
    3364 : 16BB;
    3365 : 1595;
    3366 : 148E;
    3367 : 11CA;
    3368 : 0D9D;
    3369 : 08F3;
    3370 : 0282;
    3371 : FB0F;
    3372 : F2D1;
    3373 : E991;
    3374 : E1AB;
    3375 : DCDC;
    3376 : DB25;
    3377 : DBAA;
    3378 : DD39;
    3379 : DE63;
    3380 : DF85;
    3381 : E120;
    3382 : E353;
    3383 : E676;
    3384 : EA21;
    3385 : EE47;
    3386 : F374;
    3387 : FA31;
    3388 : 0316;
    3389 : 0D8B;
    3390 : 1840;
    3391 : 2132;
    3392 : 2759;
    3393 : 29E9;
    3394 : 2954;
    3395 : 26FF;
    3396 : 22A9;
    3397 : 1D12;
    3398 : 16C7;
    3399 : 118C;
    3400 : 0DD1;
    3401 : 0BDD;
    3402 : 0AFF;
    3403 : 0918;
    3404 : 056B;
    3405 : FFD8;
    3406 : F8BE;
    3407 : F15B;
    3408 : EB74;
    3409 : E7AB;
    3410 : E5EA;
    3411 : E668;
    3412 : E7F2;
    3413 : EAE8;
    3414 : EF26;
    3415 : F3C6;
    3416 : F794;
    3417 : F946;
    3418 : F8F6;
    3419 : F695;
    3420 : F4B9;
    3421 : F383;
    3422 : F3F4;
    3423 : F6A8;
    3424 : FA1F;
    3425 : FE4C;
    3426 : 032E;
    3427 : 0810;
    3428 : 0C89;
    3429 : 1001;
    3430 : 11B0;
    3431 : 11FB;
    3432 : 11CD;
    3433 : 116B;
    3434 : 123F;
    3435 : 1466;
    3436 : 15FA;
    3437 : 1714;
    3438 : 166C;
    3439 : 12FF;
    3440 : 0E5A;
    3441 : 08DA;
    3442 : 0231;
    3443 : FBF0;
    3444 : F6BE;
    3445 : F223;
    3446 : EF41;
    3447 : ED58;
    3448 : EB83;
    3449 : E9E7;
    3450 : E88E;
    3451 : E70A;
    3452 : E733;
    3453 : E9FF;
    3454 : EEC4;
    3455 : F64C;
    3456 : FEAB;
    3457 : 05D4;
    3458 : 0B9C;
    3459 : 0FC0;
    3460 : 120E;
    3461 : 1401;
    3462 : 1537;
    3463 : 14D1;
    3464 : 13FA;
    3465 : 12A8;
    3466 : 10F2;
    3467 : 0F80;
    3468 : 0DF1;
    3469 : 0B30;
    3470 : 071E;
    3471 : 0136;
    3472 : F9AC;
    3473 : F261;
    3474 : EC3F;
    3475 : E7F8;
    3476 : E5B9;
    3477 : E523;
    3478 : E5CB;
    3479 : E839;
    3480 : EC2B;
    3481 : F09B;
    3482 : F4BF;
    3483 : F803;
    3484 : FA49;
    3485 : FCD9;
    3486 : 0037;
    3487 : 041D;
    3488 : 089C;
    3489 : 0C4A;
    3490 : 0E7C;
    3491 : 0FC3;
    3492 : 104F;
    3493 : 1012;
    3494 : 1000;
    3495 : 0FCE;
    3496 : 0E74;
    3497 : 0D4E;
    3498 : 0C7C;
    3499 : 0C2F;
    3500 : 0CC9;
    3501 : 0C01;
    3502 : 093C;
    3503 : 0515;
    3504 : 0038;
    3505 : FC7C;
    3506 : FB62;
    3507 : FBCD;
    3508 : FCC9;
    3509 : FDE5;
    3510 : FCF1;
    3511 : FA23;
    3512 : F66E;
    3513 : F205;
    3514 : EE8E;
    3515 : ECD4;
    3516 : ED73;
    3517 : F003;
    3518 : F475;
    3519 : F98D;
    3520 : FD27;
    3521 : FED9;
    3522 : FD2A;
    3523 : F9B8;
    3524 : F63B;
    3525 : F3AA;
    3526 : F38E;
    3527 : F653;
    3528 : FAD7;
    3529 : 000E;
    3530 : 04B9;
    3531 : 075A;
    3532 : 07FB;
    3533 : 0768;
    3534 : 0603;
    3535 : 05BD;
    3536 : 06DB;
    3537 : 088F;
    3538 : 0C27;
    3539 : 1045;
    3540 : 13AC;
    3541 : 1644;
    3542 : 16E7;
    3543 : 1566;
    3544 : 1305;
    3545 : 0FDA;
    3546 : 0C37;
    3547 : 08B3;
    3548 : 0508;
    3549 : 015B;
    3550 : FDED;
    3551 : FB11;
    3552 : F897;
    3553 : F6A6;
    3554 : F44B;
    3555 : F0AB;
    3556 : EB86;
    3557 : E58C;
    3558 : DF96;
    3559 : DBB5;
    3560 : DAF7;
    3561 : DD18;
    3562 : E1E9;
    3563 : E831;
    3564 : EED0;
    3565 : F4B0;
    3566 : F93C;
    3567 : FC3F;
    3568 : FF16;
    3569 : 0273;
    3570 : 06FD;
    3571 : 0D1C;
    3572 : 1389;
    3573 : 19D4;
    3574 : 1F5F;
    3575 : 22A9;
    3576 : 23BB;
    3577 : 2307;
    3578 : 20A1;
    3579 : 1D35;
    3580 : 1A3B;
    3581 : 17EE;
    3582 : 15A0;
    3583 : 13B3;
    3584 : 10F7;
    3585 : 0CEB;
    3586 : 0868;
    3587 : 0299;
    3588 : FCF3;
    3589 : F7BB;
    3590 : F35E;
    3591 : EF28;
    3592 : EB73;
    3593 : E7D6;
    3594 : E3FC;
    3595 : E0D4;
    3596 : DE52;
    3597 : DCE2;
    3598 : DDAC;
    3599 : E145;
    3600 : E714;
    3601 : EDF2;
    3602 : F3A5;
    3603 : F785;
    3604 : F967;
    3605 : FA53;
    3606 : FBA9;
    3607 : FE89;
    3608 : 023B;
    3609 : 066F;
    3610 : 0AB8;
    3611 : 0D76;
    3612 : 0F98;
    3613 : 1134;
    3614 : 1256;
    3615 : 1354;
    3616 : 1313;
    3617 : 1182;
    3618 : 0F88;
    3619 : 0E14;
    3620 : 0DC8;
    3621 : 0EFC;
    3622 : 10E2;
    3623 : 11F2;
    3624 : 11EA;
    3625 : 1116;
    3626 : 0F15;
    3627 : 0C59;
    3628 : 0933;
    3629 : 0546;
    3630 : 0132;
    3631 : FD8C;
    3632 : FAAD;
    3633 : F99C;
    3634 : F9BE;
    3635 : F988;
    3636 : F75F;
    3637 : F2BA;
    3638 : EC90;
    3639 : E730;
    3640 : E3F1;
    3641 : E2BA;
    3642 : E322;
    3643 : E4FB;
    3644 : E75E;
    3645 : EB0F;
    3646 : EFB8;
    3647 : F4DD;
    3648 : F9E8;
    3649 : FD28;
    3650 : FF21;
    3651 : 00BA;
    3652 : 0350;
    3653 : 084B;
    3654 : 0F78;
    3655 : 1622;
    3656 : 1A69;
    3657 : 1BB8;
    3658 : 1AAE;
    3659 : 1946;
    3660 : 183B;
    3661 : 16EB;
    3662 : 1423;
    3663 : 1017;
    3664 : 0AC8;
    3665 : 0650;
    3666 : 03B8;
    3667 : 0225;
    3668 : 00EA;
    3669 : FEB2;
    3670 : FA43;
    3671 : F3EF;
    3672 : EE2E;
    3673 : EA11;
    3674 : E886;
    3675 : E911;
    3676 : E9F2;
    3677 : EB30;
    3678 : ED42;
    3679 : F091;
    3680 : F47A;
    3681 : F80C;
    3682 : FB48;
    3683 : FE53;
    3684 : 026A;
    3685 : 0847;
    3686 : 0F09;
    3687 : 155C;
    3688 : 193B;
    3689 : 195B;
    3690 : 1616;
    3691 : 10FD;
    3692 : 0BF3;
    3693 : 07D6;
    3694 : 03FB;
    3695 : 002A;
    3696 : FBFD;
    3697 : F7A7;
    3698 : F4EF;
    3699 : F3C5;
    3700 : F2AA;
    3701 : F0F3;
    3702 : EEEE;
    3703 : ED15;
    3704 : ECE6;
    3705 : EFC2;
    3706 : F444;
    3707 : F991;
    3708 : FF1C;
    3709 : 0420;
    3710 : 08E9;
    3711 : 0D36;
    3712 : 10CD;
    3713 : 133F;
    3714 : 13BA;
    3715 : 126F;
    3716 : 0FBE;
    3717 : 0D55;
    3718 : 0B75;
    3719 : 0A51;
    3720 : 0973;
    3721 : 074F;
    3722 : 046B;
    3723 : 00F6;
    3724 : FC8D;
    3725 : F7EF;
    3726 : F31F;
    3727 : EE50;
    3728 : EA98;
    3729 : E948;
    3730 : EA25;
    3731 : ED1D;
    3732 : F101;
    3733 : F4E9;
    3734 : F8A3;
    3735 : FB7B;
    3736 : FD38;
    3737 : FDE2;
    3738 : FE98;
    3739 : FF3B;
    3740 : 009D;
    3741 : 0182;
    3742 : 01E7;
    3743 : 027B;
    3744 : 0335;
    3745 : 0483;
    3746 : 0608;
    3747 : 0736;
    3748 : 07A0;
    3749 : 07A9;
    3750 : 073D;
    3751 : 0733;
    3752 : 07FA;
    3753 : 09AF;
    3754 : 0B9D;
    3755 : 0D14;
    3756 : 0C84;
    3757 : 0A79;
    3758 : 0831;
    3759 : 0657;
    3760 : 04FD;
    3761 : 03BA;
    3762 : 01B0;
    3763 : FEC2;
    3764 : FC36;
    3765 : F994;
    3766 : F817;
    3767 : F749;
    3768 : F737;
    3769 : F7B4;
    3770 : F907;
    3771 : FAC4;
    3772 : FCA1;
    3773 : FECB;
    3774 : 0053;
    3775 : 00D2;
    3776 : FFC9;
    3777 : FD7E;
    3778 : FABC;
    3779 : F82F;
    3780 : F62D;
    3781 : F453;
    3782 : F2BE;
    3783 : F195;
    3784 : F0E8;
    3785 : F18E;
    3786 : F29C;
    3787 : F467;
    3788 : F6F9;
    3789 : F9BA;
    3790 : FD08;
    3791 : 0091;
    3792 : 045B;
    3793 : 089B;
    3794 : 0DF6;
    3795 : 12EC;
    3796 : 1637;
    3797 : 1826;
    3798 : 186D;
    3799 : 1847;
    3800 : 190A;
    3801 : 19F3;
    3802 : 1A56;
    3803 : 19B7;
    3804 : 171D;
    3805 : 1246;
    3806 : 0B7C;
    3807 : 02FC;
    3808 : FA50;
    3809 : F1F4;
    3810 : EA7F;
    3811 : E554;
    3812 : E2A5;
    3813 : E311;
    3814 : E681;
    3815 : E9FD;
    3816 : EB86;
    3817 : EABC;
    3818 : E84E;
    3819 : E695;
    3820 : E769;
    3821 : EAFF;
    3822 : F0D0;
    3823 : F806;
    3824 : FF82;
    3825 : 063E;
    3826 : 0BBD;
    3827 : 0FBD;
    3828 : 1203;
    3829 : 1297;
    3830 : 11F0;
    3831 : 110F;
    3832 : 1124;
    3833 : 12B0;
    3834 : 151F;
    3835 : 1699;
    3836 : 162F;
    3837 : 1447;
    3838 : 1145;
    3839 : 0E83;
    3840 : 0BF3;
    3841 : 095D;
    3842 : 061C;
    3843 : 0222;
    3844 : FE14;
    3845 : FA89;
    3846 : F788;
    3847 : F447;
    3848 : F0F5;
    3849 : ED94;
    3850 : EB21;
    3851 : EB26;
    3852 : ED72;
    3853 : F18E;
    3854 : F5D3;
    3855 : F7E8;
    3856 : F763;
    3857 : F509;
    3858 : F295;
    3859 : F1EC;
    3860 : F31A;
    3861 : F558;
    3862 : F78A;
    3863 : F9A5;
    3864 : FB88;
    3865 : FD8C;
    3866 : FFCC;
    3867 : 0121;
    3868 : 01CA;
    3869 : 01CD;
    3870 : 0289;
    3871 : 0574;
    3872 : 0AF8;
    3873 : 1201;
    3874 : 18F6;
    3875 : 1DB8;
    3876 : 1F29;
    3877 : 1E2C;
    3878 : 1BD9;
    3879 : 19AD;
    3880 : 17BC;
    3881 : 1544;
    3882 : 119C;
    3883 : 0DBF;
    3884 : 0A99;
    3885 : 08A0;
    3886 : 068E;
    3887 : 0227;
    3888 : FA62;
    3889 : EFDD;
    3890 : E4F2;
    3891 : DCAC;
    3892 : D897;
    3893 : D823;
    3894 : DA03;
    3895 : DC62;
    3896 : DE7E;
    3897 : E158;
    3898 : E585;
    3899 : EAD6;
    3900 : F023;
    3901 : F376;
    3902 : F4EF;
    3903 : F74D;
    3904 : FC6E;
    3905 : 0481;
    3906 : 0EEB;
    3907 : 183F;
    3908 : 1E9F;
    3909 : 2237;
    3910 : 2313;
    3911 : 224A;
    3912 : 206F;
    3913 : 1D4D;
    3914 : 1930;
    3915 : 14D7;
    3916 : 1124;
    3917 : 0F8C;
    3918 : 0ED8;
    3919 : 0E34;
    3920 : 0B39;
    3921 : 050E;
    3922 : FC7E;
    3923 : F341;
    3924 : EBA9;
    3925 : E600;
    3926 : E1B4;
    3927 : DEBC;
    3928 : DD78;
    3929 : DEC1;
    3930 : E273;
    3931 : E708;
    3932 : EBA1;
    3933 : EF82;
    3934 : F313;
    3935 : F733;
    3936 : FC41;
    3937 : 027E;
    3938 : 09FD;
    3939 : 1184;
    3940 : 17CE;
    3941 : 1C03;
    3942 : 1E0C;
    3943 : 1ED3;
    3944 : 1EB5;
    3945 : 1D2E;
    3946 : 19CF;
    3947 : 154C;
    3948 : 1026;
    3949 : 0B94;
    3950 : 0754;
    3951 : 030F;
    3952 : FE39;
    3953 : F8DB;
    3954 : F440;
    3955 : F065;
    3956 : EE16;
    3957 : ED6D;
    3958 : ED67;
    3959 : EE12;
    3960 : EE8E;
    3961 : EEA3;
    3962 : EF0F;
    3963 : EFDA;
    3964 : F15A;
    3965 : F366;
    3966 : F5BF;
    3967 : F82F;
    3968 : FB3F;
    3969 : FF3A;
    3970 : 02E8;
    3971 : 0606;
    3972 : 0777;
    3973 : 0787;
    3974 : 078F;
    3975 : 076B;
    3976 : 0856;
    3977 : 0997;
    3978 : 0B3E;
    3979 : 0C68;
    3980 : 0CE7;
    3981 : 0CAD;
    3982 : 0BBF;
    3983 : 0B73;
    3984 : 0B58;
    3985 : 0B37;
    3986 : 0A27;
    3987 : 082E;
    3988 : 0540;
    3989 : 02E7;
    3990 : 00DB;
    3991 : FEC9;
    3992 : FCFC;
    3993 : FA47;
    3994 : F6F1;
    3995 : F38B;
    3996 : F012;
    3997 : EDDC;
    3998 : ED96;
    3999 : EE9E;
    4000 : F03E;
    4001 : F238;
    4002 : F3D6;
    4003 : F5A0;
    4004 : F818;
    4005 : FA9E;
    4006 : FD18;
    4007 : FF2B;
    4008 : 0081;
    4009 : 01EA;
    4010 : 03DE;
    4011 : 05EB;
    4012 : 088C;
    4013 : 0BA1;
    4014 : 0E40;
    4015 : 10E7;
    4016 : 131E;
    4017 : 13DD;
    4018 : 1481;
    4019 : 1432;
    4020 : 12B7;
    4021 : 10DE;
    4022 : 0F06;
    4023 : 0D78;
    4024 : 0C4C;
    4025 : 0AE5;
    4026 : 085E;
    4027 : 0452;
    4028 : FE70;
    4029 : F762;
    4030 : F086;
    4031 : EA10;
    4032 : E4AC;
    4033 : E15C;
    4034 : DF8D;
    4035 : DF17;
    4036 : DFA7;
    4037 : E096;
    4038 : E211;
    4039 : E4C6;
    4040 : E80C;
    4041 : EB80;
    4042 : F02E;
    4043 : F586;
    4044 : FC4E;
    4045 : 04C0;
    4046 : 0D77;
    4047 : 15D0;
    4048 : 1CAB;
    4049 : 20F9;
    4050 : 22E1;
    4051 : 2330;
    4052 : 22BF;
    4053 : 2212;
    4054 : 2169;
    4055 : 1FBA;
    4056 : 1CA9;
    4057 : 18BC;
    4058 : 1354;
    4059 : 0DA8;
    4060 : 07CF;
    4061 : 00DC;
    4062 : F947;
    4063 : F201;
    4064 : EB7D;
    4065 : E6F9;
    4066 : E444;
    4067 : E2D6;
    4068 : E2A9;
    4069 : E2D3;
    4070 : E2B9;
    4071 : E256;
    4072 : E2B5;
    4073 : E397;
    4074 : E627;
    4075 : EA8E;
    4076 : EFBB;
    4077 : F62B;
    4078 : FD13;
    4079 : 02D9;
    4080 : 0729;
    4081 : 09BA;
    4082 : 0AD4;
    4083 : 0C9C;
    4084 : 0FA3;
    4085 : 13A4;
    4086 : 1850;
    4087 : 1CAC;
    4088 : 1FAF;
    4089 : 20FE;
    4090 : 208F;
    4091 : 1D85;
    4092 : 18D7;
    4093 : 13BB;
    4094 : 0DE7;
    4095 : 08ED;
    4096 : 04C2;
    4097 : 0079;
    4098 : FC98;
    4099 : F88B;
    4100 : F3E8;
    4101 : EF4F;
    4102 : EBDF;
    4103 : EA2B;
    4104 : EA76;
    4105 : EAD3;
    4106 : E992;
    4107 : E6BE;
    4108 : E2ED;
    4109 : DF40;
    4110 : DDD7;
    4111 : DECC;
    4112 : E1E8;
    4113 : E7D4;
    4114 : EF5E;
    4115 : F729;
    4116 : FEE4;
    4117 : 04D8;
    4118 : 0855;
    4119 : 09D6;
    4120 : 0983;
    4121 : 08E6;
    4122 : 0A5C;
    4123 : 0F22;
    4124 : 1632;
    4125 : 1E7C;
    4126 : 24B3;
    4127 : 27B2;
    4128 : 27EC;
    4129 : 25BE;
    4130 : 229C;
    4131 : 1E67;
    4132 : 18FA;
    4133 : 12CD;
    4134 : 0CE0;
    4135 : 075C;
    4136 : 0334;
    4137 : 003C;
    4138 : FD70;
    4139 : F9DA;
    4140 : F390;
    4141 : EAEC;
    4142 : E1DD;
    4143 : DA18;
    4144 : D53E;
    4145 : D364;
    4146 : D3F9;
    4147 : D633;
    4148 : DA8A;
    4149 : E0DA;
    4150 : E7D5;
    4151 : EE88;
    4152 : F410;
    4153 : F7B7;
    4154 : FB22;
    4155 : 001C;
    4156 : 066D;
    4157 : 0E9C;
    4158 : 17B2;
    4159 : 1F8B;
    4160 : 24B7;
    4161 : 26C0;
    4162 : 260D;
    4163 : 2399;
    4164 : 20C1;
    4165 : 1CC3;
    4166 : 17B4;
    4167 : 1286;
    4168 : 0D6D;
    4169 : 095D;
    4170 : 0670;
    4171 : 02D0;
    4172 : FD94;
    4173 : F7C0;
    4174 : F069;
    4175 : E95B;
    4176 : E428;
    4177 : DFFB;
    4178 : DDA2;
    4179 : DD28;
    4180 : DD5D;
    4181 : DE97;
    4182 : E123;
    4183 : E438;
    4184 : E8F1;
    4185 : EF05;
    4186 : F51A;
    4187 : FBB8;
    4188 : 0295;
    4189 : 0906;
    4190 : 0F55;
    4191 : 14B1;
    4192 : 18D2;
    4193 : 1C82;
    4194 : 202C;
    4195 : 22D7;
    4196 : 251B;
    4197 : 2586;
    4198 : 2376;
    4199 : 1FD8;
    4200 : 1A52;
    4201 : 13F6;
    4202 : 0DDE;
    4203 : 07EC;
    4204 : 02BB;
    4205 : FF2B;
    4206 : FBC1;
    4207 : F881;
    4208 : F570;
    4209 : F0F6;
    4210 : EBD9;
    4211 : E6B2;
    4212 : E1E3;
    4213 : DE85;
    4214 : DDE7;
    4215 : DEFE;
    4216 : E148;
    4217 : E4D7;
    4218 : E7F2;
    4219 : EABB;
    4220 : EDDD;
    4221 : F09F;
    4222 : F2FE;
    4223 : F60D;
    4224 : F98F;
    4225 : FD43;
    4226 : 01E4;
    4227 : 06F4;
    4228 : 0D01;
    4229 : 1307;
    4230 : 17F2;
    4231 : 1B53;
    4232 : 1D24;
    4233 : 1DC0;
    4234 : 1DD5;
    4235 : 1DF6;
    4236 : 1D43;
    4237 : 1CA9;
    4238 : 1AFB;
    4239 : 1818;
    4240 : 143D;
    4241 : 0FAD;
    4242 : 0A17;
    4243 : 0435;
    4244 : FE8B;
    4245 : F844;
    4246 : F2B6;
    4247 : EEA6;
    4248 : EBC2;
    4249 : E9C1;
    4250 : E832;
    4251 : E5B1;
    4252 : E308;
    4253 : E0BF;
    4254 : DF74;
    4255 : DF89;
    4256 : E0FA;
    4257 : E37C;
    4258 : E747;
    4259 : ED32;
    4260 : F394;
    4261 : F9EB;
    4262 : FFE6;
    4263 : 04C2;
    4264 : 089F;
    4265 : 0C88;
    4266 : 108A;
    4267 : 150F;
    4268 : 1AAA;
    4269 : 1F1E;
    4270 : 21AA;
    4271 : 22DD;
    4272 : 223B;
    4273 : 2148;
    4274 : 209C;
    4275 : 1E4D;
    4276 : 1B34;
    4277 : 16F3;
    4278 : 10D2;
    4279 : 098E;
    4280 : 017F;
    4281 : F84E;
    4282 : F003;
    4283 : EA21;
    4284 : E5B9;
    4285 : E3AF;
    4286 : E339;
    4287 : E2C0;
    4288 : E274;
    4289 : E219;
    4290 : E13C;
    4291 : E1AE;
    4292 : E3DC;
    4293 : E7DA;
    4294 : EE3A;
    4295 : F58E;
    4296 : FCFC;
    4297 : 04E4;
    4298 : 0CB8;
    4299 : 12AA;
    4300 : 16BC;
    4301 : 1874;
    4302 : 17CA;
    4303 : 168E;
    4304 : 155D;
    4305 : 1405;
    4306 : 12DD;
    4307 : 10FE;
    4308 : 0E16;
    4309 : 0AAE;
    4310 : 0604;
    4311 : 00B2;
    4312 : FBEE;
    4313 : F87A;
    4314 : F602;
    4315 : F48A;
    4316 : F3B1;
    4317 : F37A;
    4318 : F3E0;
    4319 : F492;
    4320 : F517;
    4321 : F58B;
    4322 : F640;
    4323 : F77A;
    4324 : F98A;
    4325 : FB5E;
    4326 : FCB0;
    4327 : FDA9;
    4328 : FE75;
    4329 : FF48;
    4330 : 005B;
    4331 : 0211;
    4332 : 03F8;
    4333 : 06DC;
    4334 : 0998;
    4335 : 0BBD;
    4336 : 0D6E;
    4337 : 0EC9;
    4338 : 1065;
    4339 : 1222;
    4340 : 13A5;
    4341 : 1386;
    4342 : 1219;
    4343 : 0F84;
    4344 : 0C0F;
    4345 : 0831;
    4346 : 0443;
    4347 : 004C;
    4348 : FCF4;
    4349 : F9B5;
    4350 : F688;
    4351 : F3BC;
    4352 : F110;
    4353 : EEE1;
    4354 : ECB5;
    4355 : E97B;
    4356 : E4FC;
    4357 : E05F;
    4358 : DCD1;
    4359 : DB5F;
    4360 : DCD9;
    4361 : DFE1;
    4362 : E43A;
    4363 : EA38;
    4364 : F14D;
    4365 : F926;
    4366 : 0172;
    4367 : 0893;
    4368 : 0D5B;
    4369 : 1014;
    4370 : 10EE;
    4371 : 1192;
    4372 : 1466;
    4373 : 19F1;
    4374 : 2157;
    4375 : 2937;
    4376 : 2F06;
    4377 : 3254;
    4378 : 32C3;
    4379 : 2F9F;
    4380 : 28C1;
    4381 : 1EE7;
    4382 : 13EA;
    4383 : 0A43;
    4384 : 03D4;
    4385 : 006F;
    4386 : FED5;
    4387 : FC87;
    4388 : F7A0;
    4389 : EF83;
    4390 : E54C;
    4391 : DA93;
    4392 : D1A7;
    4393 : CBBF;
    4394 : C8C4;
    4395 : C858;
    4396 : C9E0;
    4397 : CDF0;
    4398 : D414;
    4399 : DBB0;
    4400 : E3C0;
    4401 : EB2D;
    4402 : F1F2;
    4403 : F8AF;
    4404 : FFC4;
    4405 : 06D0;
    4406 : 0D8E;
    4407 : 147E;
    4408 : 1AEF;
    4409 : 214C;
    4410 : 27D1;
    4411 : 2DAF;
    4412 : 32D4;
    4413 : 35F1;
    4414 : 3532;
    4415 : 306E;
    4416 : 2889;
    4417 : 1F40;
    4418 : 1675;
    4419 : 0EFE;
    4420 : 093E;
    4421 : 0471;
    4422 : 0061;
    4423 : FC9F;
    4424 : F858;
    4425 : F20B;
    4426 : EA8C;
    4427 : E2CC;
    4428 : DC14;
    4429 : D790;
    4430 : D544;
    4431 : D4D6;
    4432 : D5E6;
    4433 : D79D;
    4434 : D996;
    4435 : DCE9;
    4436 : E12E;
    4437 : E731;
    4438 : EEAE;
    4439 : F641;
    4440 : FD1A;
    4441 : 02A1;
    4442 : 0768;
    4443 : 0B17;
    4444 : 0E09;
    4445 : 10B4;
    4446 : 13DB;
    4447 : 1863;
    4448 : 1E72;
    4449 : 2554;
    4450 : 2B10;
    4451 : 2E1B;
    4452 : 2DD8;
    4453 : 2A79;
    4454 : 24E3;
    4455 : 1E2C;
    4456 : 1758;
    4457 : 1153;
    4458 : 0BE8;
    4459 : 069B;
    4460 : 0137;
    4461 : FC09;
    4462 : F6DA;
    4463 : F182;
    4464 : EC4B;
    4465 : E64B;
    4466 : E029;
    4467 : DA6F;
    4468 : D560;
    4469 : D1B3;
    4470 : CFCD;
    4471 : CF80;
    4472 : D0B1;
    4473 : D50F;
    4474 : DB5C;
    4475 : E2C1;
    4476 : EBB7;
    4477 : F4FA;
    4478 : FD76;
    4479 : 0413;
    4480 : 0839;
    4481 : 0AAF;
    4482 : 0D75;
    4483 : 1161;
    4484 : 1722;
    4485 : 1EAB;
    4486 : 259E;
    4487 : 2BD0;
    4488 : 30A4;
    4489 : 32FA;
    4490 : 329B;
    4491 : 2F14;
    4492 : 2835;
    4493 : 1F3F;
    4494 : 1442;
    4495 : 08E8;
    4496 : FFD1;
    4497 : F9A2;
    4498 : F680;
    4499 : F53F;
    4500 : F3E0;
    4501 : F0E6;
    4502 : EC84;
    4503 : E6F3;
    4504 : E13C;
    4505 : DC30;
    4506 : D7EE;
    4507 : D51E;
    4508 : D4D3;
    4509 : D6DB;
    4510 : DB59;
    4511 : E262;
    4512 : EA7D;
    4513 : F2B2;
    4514 : FA0D;
    4515 : 006C;
    4516 : 05B0;
    4517 : 0AE0;
    4518 : 0F6E;
    4519 : 130D;
    4520 : 1535;
    4521 : 1609;
    4522 : 16C0;
    4523 : 1837;
    4524 : 1B44;
    4525 : 1F11;
    4526 : 22A7;
    4527 : 254B;
    4528 : 260B;
    4529 : 24D8;
    4530 : 2110;
    4531 : 1A89;
    4532 : 11B2;
    4533 : 074D;
    4534 : FCFA;
    4535 : F3E5;
    4536 : ED7A;
    4537 : EA56;
    4538 : EA02;
    4539 : EAB5;
    4540 : EB70;
    4541 : EB10;
    4542 : E977;
    4543 : E657;
    4544 : E247;
    4545 : DE89;
    4546 : DBF1;
    4547 : DBB9;
    4548 : DE4D;
    4549 : E36A;
    4550 : E9FC;
    4551 : F1E6;
    4552 : FA3C;
    4553 : 02CE;
    4554 : 0A61;
    4555 : 0F86;
    4556 : 11EB;
    4557 : 1225;
    4558 : 10B1;
    4559 : 0F7E;
    4560 : 100F;
    4561 : 121A;
    4562 : 1639;
    4563 : 1AD0;
    4564 : 1EF3;
    4565 : 2278;
    4566 : 24D8;
    4567 : 252A;
    4568 : 2380;
    4569 : 1F08;
    4570 : 17B7;
    4571 : 0F38;
    4572 : 071A;
    4573 : 006D;
    4574 : FC1C;
    4575 : F9FA;
    4576 : F90A;
    4577 : F8E6;
    4578 : F7DD;
    4579 : F57E;
    4580 : F121;
    4581 : EA9F;
    4582 : E314;
    4583 : DBFB;
    4584 : D687;
    4585 : D3DF;
    4586 : D4FF;
    4587 : D9F1;
    4588 : E19A;
    4589 : EA8B;
    4590 : F32B;
    4591 : FA66;
    4592 : 0020;
    4593 : 03FB;
    4594 : 0679;
    4595 : 088C;
    4596 : 0AD3;
    4597 : 0DEC;
    4598 : 1254;
    4599 : 179D;
    4600 : 1CC9;
    4601 : 20D7;
    4602 : 234D;
    4603 : 2331;
    4604 : 2089;
    4605 : 1BB8;
    4606 : 1516;
    4607 : 0E10;
    4608 : 07BA;
    4609 : 0289;
    4610 : FEE7;
    4611 : FD14;
    4612 : FCA3;
    4613 : FCE7;
    4614 : FD87;
    4615 : FD87;
    4616 : FC67;
    4617 : FAB0;
    4618 : F81E;
    4619 : F4C7;
    4620 : F122;
    4621 : EE11;
    4622 : EC94;
    4623 : EC8F;
    4624 : EDEE;
    4625 : EFD2;
    4626 : F181;
    4627 : F343;
    4628 : F4D5;
    4629 : F69F;
    4630 : F8B2;
    4631 : FB0A;
    4632 : FD29;
    4633 : FF5C;
    4634 : 0199;
    4635 : 034F;
    4636 : 056B;
    4637 : 07A1;
    4638 : 09A1;
    4639 : 0B5E;
    4640 : 0CB7;
    4641 : 0DDE;
    4642 : 0F35;
    4643 : 1121;
    4644 : 131F;
    4645 : 1473;
    4646 : 14B9;
    4647 : 13FB;
    4648 : 1268;
    4649 : 0F67;
    4650 : 0BF0;
    4651 : 088C;
    4652 : 05BF;
    4653 : 034C;
    4654 : 0119;
    4655 : FED1;
    4656 : FCA1;
    4657 : FB7A;
    4658 : FA40;
    4659 : F902;
    4660 : F6DD;
    4661 : F3A8;
    4662 : EFB5;
    4663 : EC48;
    4664 : EA2D;
    4665 : E97F;
    4666 : EA83;
    4667 : EC08;
    4668 : EDA2;
    4669 : EFAF;
    4670 : F200;
    4671 : F4A1;
    4672 : F7D6;
    4673 : FABC;
    4674 : FDA0;
    4675 : 0016;
    4676 : 0260;
    4677 : 054A;
    4678 : 07C6;
    4679 : 09F0;
    4680 : 0B80;
    4681 : 0C87;
    4682 : 0DE7;
    4683 : 0F51;
    4684 : 1046;
    4685 : 0FB3;
    4686 : 0D52;
    4687 : 09A6;
    4688 : 0650;
    4689 : 044A;
    4690 : 0446;
    4691 : 066D;
    4692 : 09AB;
    4693 : 0CCB;
    4694 : 0F2B;
    4695 : 104D;
    4696 : 0FD3;
    4697 : 0E4C;
    4698 : 0BF2;
    4699 : 0913;
    4700 : 06CC;
    4701 : 05E0;
    4702 : 05B3;
    4703 : 0683;
    4704 : 0600;
    4705 : 0340;
    4706 : FDEB;
    4707 : F678;
    4708 : EE96;
    4709 : E774;
    4710 : E250;
    4711 : DF14;
    4712 : DE11;
    4713 : DE72;
    4714 : DF71;
    4715 : E1AE;
    4716 : E4BB;
    4717 : E80F;
    4718 : EC01;
    4719 : F011;
    4720 : F3EA;
    4721 : F851;
    4722 : FD42;
    4723 : 029F;
    4724 : 07EF;
    4725 : 0CC9;
    4726 : 1125;
    4727 : 1614;
    4728 : 1BFE;
    4729 : 223E;
    4730 : 27BF;
    4731 : 2AB1;
    4732 : 2A44;
    4733 : 26CD;
    4734 : 2158;
    4735 : 1BB9;
    4736 : 1785;
    4737 : 147C;
    4738 : 1230;
    4739 : 0FBC;
    4740 : 0C76;
    4741 : 07F5;
    4742 : 02B2;
    4743 : FD6A;
    4744 : F73E;
    4745 : F10C;
    4746 : EB2B;
    4747 : E602;
    4748 : E205;
    4749 : DF59;
    4750 : DD60;
    4751 : DBAE;
    4752 : DA9F;
    4753 : D9FB;
    4754 : DB20;
    4755 : DE3C;
    4756 : E2F6;
    4757 : E93E;
    4758 : F003;
    4759 : F5BD;
    4760 : FAB8;
    4761 : FE9C;
    4762 : 0250;
    4763 : 069A;
    4764 : 0AF8;
    4765 : 0F77;
    4766 : 13D7;
    4767 : 18BD;
    4768 : 1E19;
    4769 : 245D;
    4770 : 2A25;
    4771 : 2D76;
    4772 : 2DDD;
    4773 : 2A9D;
    4774 : 24CF;
    4775 : 1EE2;
    4776 : 199B;
    4777 : 14FE;
    4778 : 1164;
    4779 : 0D98;
    4780 : 0A00;
    4781 : 06A5;
    4782 : 02F9;
    4783 : FE6F;
    4784 : F881;
    4785 : F014;
    4786 : E59B;
    4787 : DBD7;
    4788 : D3A7;
    4789 : CEDE;
    4790 : CE4A;
    4791 : CFB7;
    4792 : D2B7;
    4793 : D673;
    4794 : DA19;
    4795 : DDD9;
    4796 : E261;
    4797 : E734;
    4798 : EBDE;
    4799 : F155;
    4800 : F708;
    4801 : FD5E;
    4802 : 04E7;
    4803 : 0D06;
    4804 : 14CC;
    4805 : 1CD4;
    4806 : 2407;
    4807 : 2A1A;
    4808 : 2F55;
    4809 : 32FA;
    4810 : 344F;
    4811 : 32F2;
    4812 : 2F3F;
    4813 : 297E;
    4814 : 2337;
    4815 : 1D31;
    4816 : 17EB;
    4817 : 128D;
    4818 : 0D2B;
    4819 : 078D;
    4820 : 01DC;
    4821 : FC23;
    4822 : F761;
    4823 : F299;
    4824 : ECFE;
    4825 : E6D7;
    4826 : DFB9;
    4827 : D8B4;
    4828 : D277;
    4829 : CE66;
    4830 : CC55;
    4831 : CC50;
    4832 : CE80;
    4833 : D2F7;
    4834 : DA35;
    4835 : E39C;
    4836 : ED67;
    4837 : F68D;
    4838 : FDDA;
    4839 : 02B1;
    4840 : 05CA;
    4841 : 080D;
    4842 : 0B03;
    4843 : 0FCE;
    4844 : 16A6;
    4845 : 1E8D;
    4846 : 2736;
    4847 : 2F44;
    4848 : 353F;
    4849 : 3844;
    4850 : 3794;
    4851 : 32FF;
    4852 : 2AF3;
    4853 : 205D;
    4854 : 1450;
    4855 : 098A;
    4856 : 0114;
    4857 : FB52;
    4858 : F82E;
    4859 : F684;
    4860 : F4E4;
    4861 : F2A9;
    4862 : EF1C;
    4863 : EA53;
    4864 : E45D;
    4865 : DD4F;
    4866 : D662;
    4867 : D13D;
    4868 : CF2A;
    4869 : D058;
    4870 : D540;
    4871 : DCD5;
    4872 : E5D2;
    4873 : EFA0;
    4874 : F8F4;
    4875 : 002D;
    4876 : 0503;
    4877 : 06F7;
    4878 : 06B5;
    4879 : 05D2;
    4880 : 065F;
    4881 : 09D4;
    4882 : 1060;
    4883 : 1920;
    4884 : 21B2;
    4885 : 2942;
    4886 : 2EAC;
    4887 : 3194;
    4888 : 3211;
    4889 : 2F63;
    4890 : 298F;
    4891 : 21B6;
    4892 : 183B;
    4893 : 0EE4;
    4894 : 06B0;
    4895 : 0066;
    4896 : FB7B;
    4897 : F7B1;
    4898 : F4CB;
    4899 : F19B;
    4900 : EDE1;
    4901 : E8A9;
    4902 : E1D0;
    4903 : DA0A;
    4904 : D229;
    4905 : CB66;
    4906 : C89E;
    4907 : C92C;
    4908 : CDB8;
    4909 : D56C;
    4910 : DE91;
    4911 : E7E3;
    4912 : F1C0;
    4913 : FB2D;
    4914 : 032C;
    4915 : 09FA;
    4916 : 0EA3;
    4917 : 11DB;
    4918 : 146A;
    4919 : 1769;
    4920 : 1B7D;
    4921 : 2118;
    4922 : 268D;
    4923 : 2B6C;
    4924 : 2E5C;
    4925 : 2ECA;
    4926 : 2DCB;
    4927 : 2B9A;
    4928 : 2817;
    4929 : 22C4;
    4930 : 1B8D;
    4931 : 12AE;
    4932 : 095F;
    4933 : 00A4;
    4934 : F8FE;
    4935 : F24E;
    4936 : ECA4;
    4937 : E7A7;
    4938 : E3EA;
    4939 : E1C9;
    4940 : E10D;
    4941 : E088;
    4942 : DFF4;
    4943 : DDFE;
    4944 : DB29;
    4945 : D879;
    4946 : D5F8;
    4947 : D5E0;
    4948 : D86D;
    4949 : DE16;
    4950 : E6AE;
    4951 : F146;
    4952 : FCD6;
    4953 : 0829;
    4954 : 119D;
    4955 : 17B8;
    4956 : 1A76;
    4957 : 19FD;
    4958 : 17CD;
    4959 : 15D5;
    4960 : 159E;
    4961 : 17C4;
    4962 : 1C7D;
    4963 : 22CB;
    4964 : 284A;
    4965 : 2BBE;
    4966 : 2BC1;
    4967 : 281C;
    4968 : 216A;
    4969 : 1863;
    4970 : 0E1B;
    4971 : 0313;
    4972 : F8C0;
    4973 : F0D7;
    4974 : EC5F;
    4975 : EB05;
    4976 : EBCA;
    4977 : ED1F;
    4978 : ED6C;
    4979 : ECCC;
    4980 : EAA4;
    4981 : E71F;
    4982 : E2FD;
    4983 : DE00;
    4984 : D91B;
    4985 : D61E;
    4986 : D689;
    4987 : DB12;
    4988 : E2F6;
    4989 : ECF6;
    4990 : F6F2;
    4991 : FF27;
    4992 : 0565;
    4993 : 09A9;
    4994 : 0C4D;
    4995 : 0D95;
    4996 : 0E25;
    4997 : 0EFD;
    4998 : 1067;
    4999 : 132A;
    5000 : 17C4;
    5001 : 1D39;
    5002 : 220B;
    5003 : 25BA;
    5004 : 2784;
    5005 : 26C5;
    5006 : 24C0;
    5007 : 21AC;
    5008 : 1D23;
    5009 : 17C5;
    5010 : 1108;
    5011 : 08F7;
    5012 : 013E;
    5013 : FA11;
    5014 : F42B;
    5015 : F045;
    5016 : EDA1;
    5017 : EC2D;
    5018 : EB9E;
    5019 : EAAF;
    5020 : E82E;
    5021 : E4B3;
    5022 : DFEC;
    5023 : DAEF;
    5024 : D751;
    5025 : D647;
    5026 : D80A;
    5027 : DC76;
    5028 : E2FE;
    5029 : EA3A;
    5030 : F27C;
    5031 : FADD;
    5032 : 031A;
    5033 : 0A39;
    5034 : 0EAC;
    5035 : 104E;
    5036 : 0F72;
    5037 : 0D36;
    5038 : 0C0F;
    5039 : 0CA3;
    5040 : 0F22;
    5041 : 1396;
    5042 : 1965;
    5043 : 1F5A;
    5044 : 23C6;
    5045 : 2604;
    5046 : 2487;
    5047 : 1F39;
    5048 : 1771;
    5049 : 0E6C;
    5050 : 0622;
    5051 : FF6F;
    5052 : FA87;
    5053 : F804;
    5054 : F804;
    5055 : F9D7;
    5056 : FC68;
    5057 : FF2C;
    5058 : FFCC;
    5059 : FD1F;
    5060 : F787;
    5061 : EF6A;
    5062 : E6AB;
    5063 : DF85;
    5064 : DAEE;
    5065 : D96B;
    5066 : DB0D;
    5067 : DF70;
    5068 : E5F4;
    5069 : EE11;
    5070 : F66F;
    5071 : FD3E;
    5072 : 01FF;
    5073 : 047C;
    5074 : 044A;
    5075 : 031E;
    5076 : 0222;
    5077 : 01B2;
    5078 : 03AF;
    5079 : 0885;
    5080 : 0FAD;
    5081 : 17B7;
    5082 : 1F3C;
    5083 : 2406;
    5084 : 25C4;
    5085 : 2487;
    5086 : 2062;
    5087 : 1A83;
    5088 : 136A;
    5089 : 0BB0;
    5090 : 0465;
    5091 : FE63;
    5092 : FAC9;
    5093 : FA54;
    5094 : FB83;
    5095 : FD20;
    5096 : FE07;
    5097 : FC5B;
    5098 : F883;
    5099 : F374;
    5100 : ECC2;
    5101 : E61A;
    5102 : E0C8;
    5103 : DD23;
    5104 : DD06;
    5105 : E0C5;
    5106 : E70B;
    5107 : EED6;
    5108 : F674;
    5109 : FBC0;
    5110 : FEC2;
    5111 : 00A8;
    5112 : 00AB;
    5113 : 005D;
    5114 : 0071;
    5115 : 004B;
    5116 : 00C0;
    5117 : 0319;
    5118 : 075B;
    5119 : 0D44;
    5120 : 1425;
    5121 : 19C1;
    5122 : 1D61;
    5123 : 1E89;
    5124 : 1CDA;
    5125 : 192F;
    5126 : 14A0;
    5127 : 0F7B;
    5128 : 0AC8;
    5129 : 06C2;
    5130 : 03FE;
    5131 : 032D;
    5132 : 0424;
    5133 : 064D;
    5134 : 0884;
    5135 : 0946;
    5136 : 0763;
    5137 : 032B;
    5138 : FC4A;
    5139 : F3E8;
    5140 : EB51;
    5141 : E3AE;
    5142 : DE45;
    5143 : DBE2;
    5144 : DC3F;
    5145 : DE7D;
    5146 : E2E0;
    5147 : E7D8;
    5148 : EC75;
    5149 : F162;
    5150 : F52C;
    5151 : F706;
    5152 : F86A;
    5153 : F958;
    5154 : FA6D;
    5155 : FCF0;
    5156 : 019E;
    5157 : 07E3;
    5158 : 0FF1;
    5159 : 18E8;
    5160 : 20CE;
    5161 : 2721;
    5162 : 2A8C;
    5163 : 2A0C;
    5164 : 2670;
    5165 : 204D;
    5166 : 189F;
    5167 : 117A;
    5168 : 0BCC;
    5169 : 077F;
    5170 : 0463;
    5171 : 01FF;
    5172 : 0035;
    5173 : FF56;
    5174 : FF0D;
    5175 : FDDD;
    5176 : FA5B;
    5177 : F3CE;
    5178 : EB57;
    5179 : E24F;
    5180 : DB31;
    5181 : D7AC;
    5182 : D788;
    5183 : DA66;
    5184 : DF85;
    5185 : E5CB;
    5186 : EBFD;
    5187 : F1F5;
    5188 : F685;
    5189 : F8F4;
    5190 : F99C;
    5191 : F99B;
    5192 : FA03;
    5193 : FC45;
    5194 : 00F6;
    5195 : 065B;
    5196 : 0C43;
    5197 : 127C;
    5198 : 18C9;
    5199 : 1F29;
    5200 : 255C;
    5201 : 2943;
    5202 : 2A4F;
    5203 : 28BD;
    5204 : 2452;
    5205 : 1ECB;
    5206 : 1975;
    5207 : 13BD;
    5208 : 0D5C;
    5209 : 0768;
    5210 : 01E0;
    5211 : FE22;
    5212 : FCE7;
    5213 : FCCB;
    5214 : FBAA;
    5215 : F76D;
    5216 : F00E;
    5217 : E63C;
    5218 : DC80;
    5219 : D4D3;
    5220 : CFBC;
    5221 : CDC8;
    5222 : CEB0;
    5223 : D309;
    5224 : D9A5;
    5225 : E18B;
    5226 : EA84;
    5227 : F1AF;
    5228 : F625;
    5229 : F8F1;
    5230 : FA9C;
    5231 : FC63;
    5232 : 000A;
    5233 : 0589;
    5234 : 0BAC;
    5235 : 1278;
    5236 : 19C2;
    5237 : 20DB;
    5238 : 2809;
    5239 : 2E86;
    5240 : 31CF;
    5241 : 31E1;
    5242 : 2E32;
    5243 : 2787;
    5244 : 20A6;
    5245 : 19F0;
    5246 : 13B5;
    5247 : 0E8C;
    5248 : 0A69;
    5249 : 065D;
    5250 : 0306;
    5251 : FFE4;
    5252 : FB80;
    5253 : F5E4;
    5254 : EDB0;
    5255 : E33F;
    5256 : D93A;
    5257 : D0E9;
    5258 : CC32;
    5259 : CB4A;
    5260 : CDBB;
    5261 : D224;
    5262 : D7F5;
    5263 : DE5B;
    5264 : E475;
    5265 : EA0F;
    5266 : EE20;
    5267 : F0BC;
    5268 : F3FF;
    5269 : F82F;
    5270 : FD32;
    5271 : 0364;
    5272 : 099F;
    5273 : 0FC1;
    5274 : 15F4;
    5275 : 1C0A;
    5276 : 21CA;
    5277 : 279C;
    5278 : 2BC8;
    5279 : 2D88;
    5280 : 2D8C;
    5281 : 2A91;
    5282 : 25A9;
    5283 : 20A8;
    5284 : 1AFE;
    5285 : 1436;
    5286 : 0DC4;
    5287 : 07A2;
    5288 : 0245;
    5289 : FEB3;
    5290 : FC02;
    5291 : F8B8;
    5292 : F45A;
    5293 : EE94;
    5294 : E6C4;
    5295 : DF45;
    5296 : D890;
    5297 : D376;
    5298 : D09D;
    5299 : D041;
    5300 : D235;
    5301 : D630;
    5302 : DC69;
    5303 : E379;
    5304 : EAA5;
    5305 : F111;
    5306 : F68B;
    5307 : FB05;
    5308 : FEC8;
    5309 : 0301;
    5310 : 0792;
    5311 : 0CD2;
    5312 : 12B6;
    5313 : 188F;
    5314 : 1E4D;
    5315 : 23E2;
    5316 : 2896;
    5317 : 2B7A;
    5318 : 2C7A;
    5319 : 2AD0;
    5320 : 25B4;
    5321 : 1EDE;
    5322 : 1840;
    5323 : 11E8;
    5324 : 0CE4;
    5325 : 0953;
    5326 : 05A9;
    5327 : 01D8;
    5328 : FDA8;
    5329 : F820;
    5330 : F186;
    5331 : EAA0;
    5332 : E3DF;
    5333 : DDCD;
    5334 : D91C;
    5335 : D5FB;
    5336 : D4E8;
    5337 : D657;
    5338 : D99A;
    5339 : DE82;
    5340 : E403;
    5341 : E9C0;
    5342 : EFED;
    5343 : F5E2;
    5344 : FB77;
    5345 : 007B;
    5346 : 04B2;
    5347 : 08A0;
    5348 : 0C91;
    5349 : 1089;
    5350 : 1413;
    5351 : 1773;
    5352 : 1AB3;
    5353 : 1DDE;
    5354 : 20F1;
    5355 : 22D4;
    5356 : 22BE;
    5357 : 20D7;
    5358 : 1C9D;
    5359 : 1623;
    5360 : 0F2A;
    5361 : 0801;
    5362 : 02C3;
    5363 : FFFF;
    5364 : FEA1;
    5365 : FE54;
    5366 : FE3C;
    5367 : FCE3;
    5368 : F9DA;
    5369 : F51D;
    5370 : EDEA;
    5371 : E642;
    5372 : DFA0;
    5373 : DB50;
    5374 : DA6C;
    5375 : DD19;
    5376 : E13A;
    5377 : E684;
    5378 : EBD6;
    5379 : F095;
    5380 : F556;
    5381 : F965;
    5382 : FC3C;
    5383 : FE17;
    5384 : FFC2;
    5385 : 0153;
    5386 : 04BC;
    5387 : 0A43;
    5388 : 11CE;
    5389 : 1A59;
    5390 : 221C;
    5391 : 2794;
    5392 : 2AF1;
    5393 : 2B55;
    5394 : 28FA;
    5395 : 24DE;
    5396 : 1E57;
    5397 : 1675;
    5398 : 0E83;
    5399 : 0700;
    5400 : 00F7;
    5401 : FD13;
    5402 : F9D9;
    5403 : F6D1;
    5404 : F3BB;
    5405 : EF72;
    5406 : E9A9;
    5407 : E431;
    5408 : DE8E;
    5409 : D91B;
    5410 : D5CC;
    5411 : D53B;
    5412 : D70B;
    5413 : DBD0;
    5414 : E2F1;
    5415 : EA70;
    5416 : F1ED;
    5417 : F8B1;
    5418 : FE9B;
    5419 : 033A;
    5420 : 06D1;
    5421 : 097E;
    5422 : 0B7F;
    5423 : 0D50;
    5424 : 101F;
    5425 : 147E;
    5426 : 1A4B;
    5427 : 20C3;
    5428 : 2622;
    5429 : 2884;
    5430 : 27D5;
    5431 : 24C1;
    5432 : 1FDC;
    5433 : 1AF1;
    5434 : 1603;
    5435 : 107A;
    5436 : 0AF5;
    5437 : 05D2;
    5438 : 0180;
    5439 : FEA3;
    5440 : FCD9;
    5441 : FAE3;
    5442 : F80E;
    5443 : F47D;
    5444 : EEDD;
    5445 : E769;
    5446 : DFEB;
    5447 : D924;
    5448 : D41E;
    5449 : D272;
    5450 : D3B0;
    5451 : D712;
    5452 : DD2E;
    5453 : E499;
    5454 : EBAB;
    5455 : F253;
    5456 : F82B;
    5457 : FD2D;
    5458 : 011B;
    5459 : 0445;
    5460 : 06A1;
    5461 : 08E8;
    5462 : 0C8C;
    5463 : 11E8;
    5464 : 1904;
    5465 : 2140;
    5466 : 285A;
    5467 : 2D77;
    5468 : 2FD0;
    5469 : 2E32;
    5470 : 296F;
    5471 : 21B6;
    5472 : 1928;
    5473 : 1149;
    5474 : 0B22;
    5475 : 06D9;
    5476 : 03B4;
    5477 : 0123;
    5478 : FE21;
    5479 : FA7F;
    5480 : F5A4;
    5481 : F09F;
    5482 : EBA6;
    5483 : E671;
    5484 : E197;
    5485 : DD1D;
    5486 : D91D;
    5487 : D7AC;
    5488 : D914;
    5489 : DC61;
    5490 : E0E1;
    5491 : E63E;
    5492 : EB3C;
    5493 : F084;
    5494 : F6C4;
    5495 : FC18;
    5496 : 006F;
    5497 : 03AB;
    5498 : 0462;
    5499 : 03DA;
    5500 : 04FB;
    5501 : 0790;
    5502 : 0C62;
    5503 : 138D;
    5504 : 1A4E;
    5505 : 1FE0;
    5506 : 23E0;
    5507 : 258E;
    5508 : 24E8;
    5509 : 2293;
    5510 : 1E2C;
    5511 : 18B9;
    5512 : 136A;
    5513 : 0E13;
    5514 : 09CD;
    5515 : 06AA;
    5516 : 03FE;
    5517 : 028B;
    5518 : 013D;
    5519 : FF7D;
    5520 : FD57;
    5521 : F988;
    5522 : F2FA;
    5523 : EA6B;
    5524 : E0E7;
    5525 : D860;
    5526 : D424;
    5527 : D40C;
    5528 : D71A;
    5529 : DCF3;
    5530 : E3D6;
    5531 : E9EF;
    5532 : F05F;
    5533 : F5E1;
    5534 : F917;
    5535 : FB09;
    5536 : FBC0;
    5537 : FC45;
    5538 : FF0B;
    5539 : 0505;
    5540 : 0CCF;
    5541 : 15E7;
    5542 : 1E74;
    5543 : 24D5;
    5544 : 2848;
    5545 : 28B4;
    5546 : 262C;
    5547 : 216F;
    5548 : 1B4C;
    5549 : 145E;
    5550 : 0E39;
    5551 : 09D6;
    5552 : 06F5;
    5553 : 0503;
    5554 : 02B1;
    5555 : FF35;
    5556 : FB8D;
    5557 : F80A;
    5558 : F57C;
    5559 : F380;
    5560 : F0D9;
    5561 : ECC0;
    5562 : E85B;
    5563 : E49A;
    5564 : E34E;
    5565 : E52E;
    5566 : E91E;
    5567 : EE4D;
    5568 : F344;
    5569 : F6E1;
    5570 : F977;
    5571 : FBE7;
    5572 : FD8F;
    5573 : FF37;
    5574 : FFF6;
    5575 : FFC4;
    5576 : FFBA;
    5577 : 0105;
    5578 : 0321;
    5579 : 062A;
    5580 : 0969;
    5581 : 0B47;
    5582 : 0C34;
    5583 : 0D19;
    5584 : 0DFB;
    5585 : 0F2A;
    5586 : 10DC;
    5587 : 1122;
    5588 : 103F;
    5589 : 0F33;
    5590 : 0DD9;
    5591 : 0BA4;
    5592 : 09C9;
    5593 : 080A;
    5594 : 05FE;
    5595 : 04CC;
    5596 : 03CB;
    5597 : 02BD;
    5598 : 010C;
    5599 : FDEC;
    5600 : F877;
    5601 : F22A;
    5602 : EC86;
    5603 : E883;
    5604 : E6C3;
    5605 : E6E0;
    5606 : E8E1;
    5607 : EBB0;
    5608 : EEC9;
    5609 : F21A;
    5610 : F465;
    5611 : F5D5;
    5612 : F6EE;
    5613 : F7AE;
    5614 : F8F9;
    5615 : FC18;
    5616 : 017A;
    5617 : 084C;
    5618 : 0FFF;
    5619 : 1683;
    5620 : 1ACA;
    5621 : 1CEB;
    5622 : 1C95;
    5623 : 1A31;
    5624 : 168A;
    5625 : 129E;
    5626 : 0EAE;
    5627 : 0BC7;
    5628 : 09A9;
    5629 : 07D5;
    5630 : 05B0;
    5631 : 0350;
    5632 : 0081;
    5633 : FC9C;
    5634 : F82D;
    5635 : F366;
    5636 : EEC3;
    5637 : EB82;
    5638 : EA06;
    5639 : E993;
    5640 : EABA;
    5641 : ED2F;
    5642 : F092;
    5643 : F437;
    5644 : F6E7;
    5645 : F8DF;
    5646 : FA34;
    5647 : FB6E;
    5648 : FCC8;
    5649 : FDE3;
    5650 : FE8F;
    5651 : FEF2;
    5652 : FF9E;
    5653 : 0137;
    5654 : 0421;
    5655 : 0838;
    5656 : 0C67;
    5657 : 1027;
    5658 : 12CB;
    5659 : 1322;
    5660 : 117F;
    5661 : 0FF6;
    5662 : 0E51;
    5663 : 0D63;
    5664 : 0CBD;
    5665 : 0B8C;
    5666 : 0A39;
    5667 : 0947;
    5668 : 08C5;
    5669 : 0835;
    5670 : 07B0;
    5671 : 05E8;
    5672 : 02A6;
    5673 : FE17;
    5674 : F8B0;
    5675 : F269;
    5676 : EC61;
    5677 : E7B2;
    5678 : E498;
    5679 : E3B5;
    5680 : E544;
    5681 : E860;
    5682 : EC37;
    5683 : F094;
    5684 : F41B;
    5685 : F6C9;
    5686 : F8B8;
    5687 : FA1A;
    5688 : FB57;
    5689 : FC88;
    5690 : FF07;
    5691 : 033F;
    5692 : 08C7;
    5693 : 0FD8;
    5694 : 172B;
    5695 : 1CF3;
    5696 : 2000;
    5697 : 2090;
    5698 : 1E7B;
    5699 : 1B0A;
    5700 : 17B5;
    5701 : 1413;
    5702 : 103B;
    5703 : 0C7B;
    5704 : 0867;
    5705 : 0464;
    5706 : 01DF;
    5707 : FFE6;
    5708 : FE08;
    5709 : FC7E;
    5710 : F9B4;
    5711 : F546;
    5712 : EFF0;
    5713 : E9E4;
    5714 : E44F;
    5715 : E130;
    5716 : E0AD;
    5717 : E298;
    5718 : E742;
    5719 : ECDF;
    5720 : F232;
    5721 : F6AF;
    5722 : F9BD;
    5723 : FBFF;
    5724 : FE06;
    5725 : 003C;
    5726 : 028F;
    5727 : 04C6;
    5728 : 0659;
    5729 : 07B2;
    5730 : 095C;
    5731 : 0C2C;
    5732 : 1046;
    5733 : 14B6;
    5734 : 1912;
    5735 : 1BD0;
    5736 : 1CAE;
    5737 : 1BE2;
    5738 : 18FD;
    5739 : 1516;
    5740 : 10BF;
    5741 : 0C62;
    5742 : 0907;
    5743 : 06A1;
    5744 : 0526;
    5745 : 0495;
    5746 : 045F;
    5747 : 040F;
    5748 : 02E9;
    5749 : 0005;
    5750 : FAC1;
    5751 : F3D3;
    5752 : ECAB;
    5753 : E63A;
    5754 : E1FD;
    5755 : E032;
    5756 : E020;
    5757 : E210;
    5758 : E4DC;
    5759 : E81E;
    5760 : EBE5;
    5761 : EF3C;
    5762 : F1C5;
    5763 : F485;
    5764 : F6FC;
    5765 : F962;
    5766 : FD59;
    5767 : 0279;
    5768 : 07A0;
    5769 : 0D70;
    5770 : 1325;
    5771 : 1840;
    5772 : 1E7F;
    5773 : 2488;
    5774 : 284A;
    5775 : 29E0;
    5776 : 2887;
    5777 : 2485;
    5778 : 1FDF;
    5779 : 1B3C;
    5780 : 15E8;
    5781 : 1112;
    5782 : 0C3E;
    5783 : 07A9;
    5784 : 04EB;
    5785 : 02F3;
    5786 : 0043;
    5787 : FC9A;
    5788 : F6F0;
    5789 : EF61;
    5790 : E848;
    5791 : E24A;
    5792 : DE7A;
    5793 : DD63;
    5794 : DD22;
    5795 : DD81;
    5796 : DF14;
    5797 : E14E;
    5798 : E4DB;
    5799 : E993;
    5800 : EDC6;
    5801 : F16C;
    5802 : F506;
    5803 : F796;
    5804 : FA29;
    5805 : FD68;
    5806 : FFE2;
    5807 : 0310;
    5808 : 077D;
    5809 : 0D0A;
    5810 : 147C;
    5811 : 1D22;
    5812 : 23E5;
    5813 : 2839;
    5814 : 299F;
    5815 : 2709;
    5816 : 2385;
    5817 : 2110;
    5818 : 1E0A;
    5819 : 1B7A;
    5820 : 1943;
    5821 : 15F8;
    5822 : 12E8;
    5823 : 10CF;
    5824 : 0E90;
    5825 : 0B1E;
    5826 : 057C;
    5827 : FCF4;
    5828 : F294;
    5829 : E858;
    5830 : E013;
    5831 : DAE7;
    5832 : D812;
    5833 : D6BC;
    5834 : D70D;
    5835 : D865;
    5836 : DB83;
    5837 : E0F0;
    5838 : E51F;
    5839 : E860;
    5840 : EAE9;
    5841 : EC8C;
    5842 : EF7E;
    5843 : F598;
    5844 : FD5E;
    5845 : 0616;
    5846 : 0F87;
    5847 : 1694;
    5848 : 1C7C;
    5849 : 220A;
    5850 : 25DC;
    5851 : 27BD;
    5852 : 28B4;
    5853 : 26C7;
    5854 : 22B9;
    5855 : 1E4A;
    5856 : 18F7;
    5857 : 1435;
    5858 : 105D;
    5859 : 0CB2;
    5860 : 0948;
    5861 : 0613;
    5862 : 028B;
    5863 : FE23;
    5864 : F84A;
    5865 : F1E8;
    5866 : EC2E;
    5867 : E803;
    5868 : E6A1;
    5869 : E7BB;
    5870 : EA41;
    5871 : ED87;
    5872 : F064;
    5873 : F1E6;
    5874 : F20A;
    5875 : F26E;
    5876 : F26B;
    5877 : F249;
    5878 : F37D;
    5879 : F456;
    5880 : F52F;
    5881 : F761;
    5882 : FA99;
    5883 : FDF7;
    5884 : 01CB;
    5885 : 04DF;
    5886 : 068C;
    5887 : 07BD;
    5888 : 08CC;
    5889 : 0A69;
    5890 : 0D10;
    5891 : 1057;
    5892 : 13A1;
    5893 : 16BA;
    5894 : 191D;
    5895 : 1AFD;
    5896 : 1B7E;
    5897 : 1AA3;
    5898 : 18FC;
    5899 : 1679;
    5900 : 1336;
    5901 : 0FCA;
    5902 : 0BB5;
    5903 : 0660;
    5904 : 0094;
    5905 : F988;
    5906 : F298;
    5907 : ED3C;
    5908 : E8A3;
    5909 : E528;
    5910 : E345;
    5911 : E1F0;
    5912 : E170;
    5913 : E29A;
    5914 : E3CA;
    5915 : E563;
    5916 : E7EC;
    5917 : EA53;
    5918 : ED63;
    5919 : F26D;
    5920 : F8EC;
    5921 : 0047;
    5922 : 08C7;
    5923 : 1048;
    5924 : 165E;
    5925 : 1B3D;
    5926 : 1E4B;
    5927 : 1FE7;
    5928 : 2091;
    5929 : 1F93;
    5930 : 1DD9;
    5931 : 1B3C;
    5932 : 1717;
    5933 : 12DA;
    5934 : 0D8C;
    5935 : 0875;
    5936 : 04E0;
    5937 : 01DD;
    5938 : FEBC;
    5939 : FBC8;
    5940 : F6C3;
    5941 : F085;
    5942 : EB4F;
    5943 : E5EE;
    5944 : E1D9;
    5945 : E0F7;
    5946 : E1C7;
    5947 : E413;
    5948 : E8B9;
    5949 : ECFF;
    5950 : F0F9;
    5951 : F61B;
    5952 : FA30;
    5953 : FD03;
    5954 : FF25;
    5955 : FF79;
    5956 : FEDA;
    5957 : FF33;
    5958 : 00D6;
    5959 : 04AF;
    5960 : 0B1F;
    5961 : 11DF;
    5962 : 1836;
    5963 : 1CCB;
    5964 : 1EBB;
    5965 : 1E1B;
    5966 : 1B76;
    5967 : 1720;
    5968 : 12E8;
    5969 : 0E4D;
    5970 : 0A4B;
    5971 : 08F6;
    5972 : 083C;
    5973 : 07E9;
    5974 : 0855;
    5975 : 0794;
    5976 : 04DD;
    5977 : 0258;
    5978 : FDC7;
    5979 : F6CB;
    5980 : F02C;
    5981 : E891;
    5982 : E143;
    5983 : DDA8;
    5984 : DC56;
    5985 : DD74;
    5986 : E223;
    5987 : E7A7;
    5988 : ECE9;
    5989 : F296;
    5990 : F65F;
    5991 : F7DB;
    5992 : F840;
    5993 : F71E;
    5994 : F6F3;
    5995 : F943;
    5996 : FD9B;
    5997 : 055B;
    5998 : 0ECD;
    5999 : 1749;
    6000 : 1FA0;
    6001 : 255B;
    6002 : 2761;
    6003 : 2824;
    6004 : 25FF;
    6005 : 207C;
    6006 : 1B3B;
    6007 : 15FE;
    6008 : 0F59;
    6009 : 0B4B;
    6010 : 08D8;
    6011 : 0541;
    6012 : 03FB;
    6013 : 0252;
    6014 : FE38;
    6015 : FB62;
    6016 : F7A4;
    6017 : F14A;
    6018 : EB7D;
    6019 : E552;
    6020 : DEAD;
    6021 : DBD2;
    6022 : DC2C;
    6023 : DE5D;
    6024 : E3F4;
    6025 : EA2F;
    6026 : EEF9;
    6027 : F41A;
    6028 : F7E9;
    6029 : FA52;
    6030 : FC3D;
    6031 : FC12;
    6032 : FB35;
    6033 : FB12;
    6034 : FC1C;
    6035 : 00B0;
    6036 : 0889;
    6037 : 10B9;
    6038 : 1849;
    6039 : 1E19;
    6040 : 2024;
    6041 : 200F;
    6042 : 1EA7;
    6043 : 1AD1;
    6044 : 172C;
    6045 : 148A;
    6046 : 11EA;
    6047 : 1167;
    6048 : 1240;
    6049 : 111B;
    6050 : 0F4C;
    6051 : 0C78;
    6052 : 0798;
    6053 : 0372;
    6054 : FF64;
    6055 : F9E3;
    6056 : F408;
    6057 : ED57;
    6058 : E57C;
    6059 : DF4A;
    6060 : DB6E;
    6061 : D9FC;
    6062 : DB45;
    6063 : DDE3;
    6064 : E1C0;
    6065 : E5DF;
    6066 : E925;
    6067 : ED12;
    6068 : F03B;
    6069 : F24E;
    6070 : F5B6;
    6071 : FAA4;
    6072 : 002F;
    6073 : 07A7;
    6074 : 0FE0;
    6075 : 160D;
    6076 : 1C2A;
    6077 : 2120;
    6078 : 2337;
    6079 : 2598;
    6080 : 277C;
    6081 : 26F6;
    6082 : 2600;
    6083 : 23AB;
    6084 : 1DA3;
    6085 : 1708;
    6086 : 1020;
    6087 : 087D;
    6088 : 033A;
    6089 : FF66;
    6090 : FBC4;
    6091 : F930;
    6092 : F622;
    6093 : F1FA;
    6094 : EDC9;
    6095 : E913;
    6096 : E506;
    6097 : E236;
    6098 : E017;
    6099 : DF28;
    6100 : E059;
    6101 : E1ED;
    6102 : E530;
    6103 : EA1F;
    6104 : EDFD;
    6105 : F2C7;
    6106 : F77B;
    6107 : F98C;
    6108 : FAF7;
    6109 : FCCF;
    6110 : FD40;
    6111 : FEBF;
    6112 : 0270;
    6113 : 0644;
    6114 : 0C22;
    6115 : 13BF;
    6116 : 19EC;
    6117 : 1FAF;
    6118 : 23B6;
    6119 : 22F9;
    6120 : 201F;
    6121 : 1BE7;
    6122 : 160B;
    6123 : 1180;
    6124 : 0E0D;
    6125 : 0B31;
    6126 : 09CF;
    6127 : 0937;
    6128 : 087C;
    6129 : 07CF;
    6130 : 0625;
    6131 : 0210;
    6132 : FC35;
    6133 : F3B1;
    6134 : EA66;
    6135 : E29D;
    6136 : DC6D;
    6137 : DA04;
    6138 : DB6E;
    6139 : DF21;
    6140 : E53A;
    6141 : EB93;
    6142 : EFFE;
    6143 : F33E;
    6144 : F48F;
    6145 : F3ED;
    6146 : F4B7;
    6147 : F72C;
    6148 : FA40;
    6149 : FFDC;
    6150 : 074A;
    6151 : 0DFF;
    6152 : 15C1;
    6153 : 1CD0;
    6154 : 2046;
    6155 : 2281;
    6156 : 22FA;
    6157 : 2064;
    6158 : 1D98;
    6159 : 19D9;
    6160 : 13E4;
    6161 : 0E52;
    6162 : 08AB;
    6163 : 03A9;
    6164 : 0142;
    6165 : FFB2;
    6166 : FE40;
    6167 : FCB3;
    6168 : F916;
    6169 : F3DD;
    6170 : EF05;
    6171 : EA16;
    6172 : E649;
    6173 : E4EC;
    6174 : E4B1;
    6175 : E6EB;
    6176 : EBF2;
    6177 : F0A6;
    6178 : F5D5;
    6179 : FADC;
    6180 : FCBE;
    6181 : FD70;
    6182 : FE8F;
    6183 : FDDF;
    6184 : FD62;
    6185 : FD5D;
    6186 : FC20;
    6187 : FCA7;
    6188 : FF1D;
    6189 : 024F;
    6190 : 0626;
    6191 : 09F6;
    6192 : 0B87;
    6193 : 0B98;
    6194 : 0B3C;
    6195 : 0A2D;
    6196 : 0A32;
    6197 : 0A69;
    6198 : 09CF;
    6199 : 0914;
    6200 : 07D4;
    6201 : 06E8;
    6202 : 0757;
    6203 : 081C;
    6204 : 0907;
    6205 : 09D3;
    6206 : 097C;
    6207 : 076C;
    6208 : 04B7;
    6209 : FF8E;
    6210 : F938;
    6211 : F397;
    6212 : EDFC;
    6213 : EA18;
    6214 : E982;
    6215 : EAF1;
    6216 : ED9D;
    6217 : F0DE;
    6218 : F1FA;
    6219 : F148;
    6220 : F054;
    6221 : F036;
    6222 : F1E7;
    6223 : F549;
    6224 : F9CA;
    6225 : FEAE;
    6226 : 0368;
    6227 : 07BB;
    6228 : 0B8F;
    6229 : 0E90;
    6230 : 113E;
    6231 : 13C3;
    6232 : 1646;
    6233 : 18B5;
    6234 : 1A69;
    6235 : 19EC;
    6236 : 16EA;
    6237 : 11E9;
    6238 : 0B47;
    6239 : 0509;
    6240 : 0198;
    6241 : FFC8;
    6242 : FEE1;
    6243 : FE6A;
    6244 : FB89;
    6245 : F727;
    6246 : F2C8;
    6247 : EDB8;
    6248 : E8E3;
    6249 : E553;
    6250 : E2A6;
    6251 : E291;
    6252 : E54F;
    6253 : E8FB;
    6254 : ECCF;
    6255 : F050;
    6256 : F21E;
    6257 : F3DD;
    6258 : F6A8;
    6259 : F95D;
    6260 : FCE1;
    6261 : 0014;
    6262 : 01B0;
    6263 : 030F;
    6264 : 04C4;
    6265 : 078F;
    6266 : 0C36;
    6267 : 1129;
    6268 : 1597;
    6269 : 1890;
    6270 : 1941;
    6271 : 18D2;
    6272 : 17CF;
    6273 : 1508;
    6274 : 1204;
    6275 : 0EE9;
    6276 : 0AE8;
    6277 : 07E3;
    6278 : 0616;
    6279 : 0403;
    6280 : 02F8;
    6281 : 02CE;
    6282 : 014F;
    6283 : FE9D;
    6284 : FB1E;
    6285 : F5AA;
    6286 : EF6F;
    6287 : EA0A;
    6288 : E4A7;
    6289 : E12F;
    6290 : E04F;
    6291 : E11A;
    6292 : E427;
    6293 : E876;
    6294 : ECC9;
    6295 : F069;
    6296 : F31C;
    6297 : F503;
    6298 : F6C4;
    6299 : F96F;
    6300 : FDE2;
    6301 : 03C0;
    6302 : 09B7;
    6303 : 0F39;
    6304 : 13B5;
    6305 : 16B9;
    6306 : 1913;
    6307 : 1BC4;
    6308 : 1D68;
    6309 : 1E74;
    6310 : 1F09;
    6311 : 1C69;
    6312 : 1782;
    6313 : 1159;
    6314 : 0997;
    6315 : 0299;
    6316 : FE24;
    6317 : FAA1;
    6318 : F839;
    6319 : F765;
    6320 : F64D;
    6321 : F4D3;
    6322 : F2AA;
    6323 : EED2;
    6324 : EA9B;
    6325 : E6F1;
    6326 : E440;
    6327 : E4CA;
    6328 : E7CA;
    6329 : EBED;
    6330 : F13C;
    6331 : F63B;
    6332 : F978;
    6333 : FC3A;
    6334 : FE42;
    6335 : FECA;
    6336 : FF36;
    6337 : FEA4;
    6338 : FD74;
    6339 : FDC4;
    6340 : FF44;
    6341 : 01FD;
    6342 : 05D3;
    6343 : 08AE;
    6344 : 0B28;
    6345 : 0DB0;
    6346 : 0EFB;
    6347 : 0FF1;
    6348 : 1079;
    6349 : 0F67;
    6350 : 0E28;
    6351 : 0D37;
    6352 : 0BCC;
    6353 : 0B15;
    6354 : 0AFF;
    6355 : 0A28;
    6356 : 09E8;
    6357 : 0A36;
    6358 : 093A;
    6359 : 07F4;
    6360 : 05E1;
    6361 : 017F;
    6362 : FC6B;
    6363 : F721;
    6364 : F151;
    6365 : ED0D;
    6366 : E9E5;
    6367 : E77A;
    6368 : E68B;
    6369 : E723;
    6370 : E806;
    6371 : E941;
    6372 : EA89;
    6373 : EB6C;
    6374 : ED41;
    6375 : F0BE;
    6376 : F5DD;
    6377 : FC9B;
    6378 : 031A;
    6379 : 0865;
    6380 : 0CEA;
    6381 : 0F5E;
    6382 : 11AE;
    6383 : 145D;
    6384 : 16A8;
    6385 : 197C;
    6386 : 1C3A;
    6387 : 1D04;
    6388 : 1C86;
    6389 : 1AB8;
    6390 : 161C;
    6391 : 1155;
    6392 : 0CCC;
    6393 : 07C2;
    6394 : 0487;
    6395 : 029F;
    6396 : FFBA;
    6397 : FCA1;
    6398 : F8C9;
    6399 : F36E;
    6400 : EE9D;
    6401 : EAB2;
    6402 : E7F2;
    6403 : E77E;
    6404 : E854;
    6405 : E964;
    6406 : EADD;
    6407 : EC0E;
    6408 : EC56;
    6409 : EDBB;
    6410 : EF8B;
    6411 : F15E;
    6412 : F412;
    6413 : F66A;
    6414 : F87F;
    6415 : FB93;
    6416 : FE67;
    6417 : 0136;
    6418 : 049F;
    6419 : 07F8;
    6420 : 0C69;
    6421 : 11E5;
    6422 : 16E1;
    6423 : 1A6B;
    6424 : 1C11;
    6425 : 1A9D;
    6426 : 17A2;
    6427 : 1446;
    6428 : 101D;
    6429 : 0DA6;
    6430 : 0C8C;
    6431 : 0B36;
    6432 : 0AC0;
    6433 : 0AE8;
    6434 : 0A02;
    6435 : 07EE;
    6436 : 0476;
    6437 : FE8C;
    6438 : F7A8;
    6439 : F12A;
    6440 : EB53;
    6441 : E713;
    6442 : E466;
    6443 : E2C6;
    6444 : E27F;
    6445 : E3DE;
    6446 : E6EC;
    6447 : EAE5;
    6448 : EE7A;
    6449 : F151;
    6450 : F3B8;
    6451 : F510;
    6452 : F738;
    6453 : FB09;
    6454 : FFB8;
    6455 : 0624;
    6456 : 0DD2;
    6457 : 14EB;
    6458 : 1BAA;
    6459 : 20FA;
    6460 : 2364;
    6461 : 241C;
    6462 : 2376;
    6463 : 2094;
    6464 : 1CBC;
    6465 : 18E6;
    6466 : 13E2;
    6467 : 0EF2;
    6468 : 0B4D;
    6469 : 0757;
    6470 : 032F;
    6471 : FF9B;
    6472 : FAFC;
    6473 : F583;
    6474 : F060;
    6475 : EB4B;
    6476 : E6B5;
    6477 : E2ED;
    6478 : E087;
    6479 : DFFA;
    6480 : E1B2;
    6481 : E586;
    6482 : EA7A;
    6483 : EE96;
    6484 : F15F;
    6485 : F29D;
    6486 : F2A1;
    6487 : F215;
    6488 : F2EF;
    6489 : F546;
    6490 : F894;
    6491 : FE04;
    6492 : 03B4;
    6493 : 090D;
    6494 : 0DEF;
    6495 : 108A;
    6496 : 118E;
    6497 : 1155;
    6498 : 10EE;
    6499 : 10F1;
    6500 : 1110;
    6501 : 1125;
    6502 : 1096;
    6503 : 0FDA;
    6504 : 0ECF;
    6505 : 0DD4;
    6506 : 0D0B;
    6507 : 0C65;
    6508 : 0B59;
    6509 : 09C9;
    6510 : 0830;
    6511 : 0560;
    6512 : 0183;
    6513 : FD63;
    6514 : F948;
    6515 : F54D;
    6516 : F233;
    6517 : F01B;
    6518 : EDB8;
    6519 : EC82;
    6520 : ECB1;
    6521 : ECC0;
    6522 : EDA2;
    6523 : EF5B;
    6524 : F055;
    6525 : F178;
    6526 : F326;
    6527 : F418;
    6528 : F5BC;
    6529 : F86A;
    6530 : FB66;
    6531 : 001D;
    6532 : 066F;
    6533 : 0C4F;
    6534 : 113B;
    6535 : 1563;
    6536 : 1785;
    6537 : 1861;
    6538 : 1945;
    6539 : 19DC;
    6540 : 19DB;
    6541 : 190C;
    6542 : 1680;
    6543 : 1315;
    6544 : 0F74;
    6545 : 0BD2;
    6546 : 086D;
    6547 : 04FA;
    6548 : 01DA;
    6549 : FEE7;
    6550 : FC02;
    6551 : F95B;
    6552 : F61B;
    6553 : F113;
    6554 : EB6E;
    6555 : E60B;
    6556 : E21D;
    6557 : E13A;
    6558 : E32A;
    6559 : E5C2;
    6560 : E8B1;
    6561 : EB5F;
    6562 : ECDE;
    6563 : EE6A;
    6564 : F027;
    6565 : F1E6;
    6566 : F3F3;
    6567 : F67A;
    6568 : F98A;
    6569 : FCF9;
    6570 : 0092;
    6571 : 03FA;
    6572 : 06B9;
    6573 : 098A;
    6574 : 0D16;
    6575 : 115A;
    6576 : 15B4;
    6577 : 1978;
    6578 : 1B79;
    6579 : 1AC1;
    6580 : 18E3;
    6581 : 1699;
    6582 : 13F7;
    6583 : 125B;
    6584 : 110F;
    6585 : 0F40;
    6586 : 0D6C;
    6587 : 0B11;
    6588 : 07D2;
    6589 : 0476;
    6590 : 00C5;
    6591 : FC46;
    6592 : F77E;
    6593 : F281;
    6594 : ECF4;
    6595 : E73D;
    6596 : E2BF;
    6597 : DF3B;
    6598 : DDD6;
    6599 : DFB7;
    6600 : E364;
    6601 : E7C4;
    6602 : EC3F;
    6603 : EFB2;
    6604 : F1BD;
    6605 : F425;
    6606 : F737;
    6607 : FBAF;
    6608 : 02EE;
    6609 : 0C25;
    6610 : 1574;
    6611 : 1D77;
    6612 : 2308;
    6613 : 24F8;
    6614 : 244B;
    6615 : 2178;
    6616 : 1E4B;
    6617 : 1BBC;
    6618 : 19C8;
    6619 : 187B;
    6620 : 16C3;
    6621 : 13AC;
    6622 : 0EB9;
    6623 : 07CB;
    6624 : FFBA;
    6625 : F812;
    6626 : F190;
    6627 : EC90;
    6628 : E8BF;
    6629 : E5BB;
    6630 : E2C2;
    6631 : E0B5;
    6632 : DFAA;
    6633 : E09B;
    6634 : E3D6;
    6635 : E878;
    6636 : ED4D;
    6637 : F1EB;
    6638 : F55F;
    6639 : F6C0;
    6640 : F70C;
    6641 : F689;
    6642 : F660;
    6643 : F799;
    6644 : FB91;
    6645 : 011F;
    6646 : 07A8;
    6647 : 0E35;
    6648 : 1273;
    6649 : 1464;
    6650 : 14A2;
    6651 : 132F;
    6652 : 10CE;
    6653 : 0E78;
    6654 : 0C51;
    6655 : 0ADA;
    6656 : 0A68;
    6657 : 0AFD;
    6658 : 0BC9;
    6659 : 0C49;
    6660 : 0C62;
    6661 : 0B48;
    6662 : 0940;
    6663 : 06F3;
    6664 : 03FE;
    6665 : 00B6;
    6666 : FE01;
    6667 : FB6F;
    6668 : F96B;
    6669 : F7C9;
    6670 : F58B;
    6671 : F250;
    6672 : EECF;
    6673 : EC72;
    6674 : EB02;
    6675 : EB91;
    6676 : ED77;
    6677 : EFA1;
    6678 : F18D;
    6679 : F383;
    6680 : F52F;
    6681 : F704;
    6682 : F9D2;
    6683 : FCB1;
    6684 : 0046;
    6685 : 054B;
    6686 : 0AD7;
    6687 : 0FEB;
    6688 : 144C;
    6689 : 1699;
    6690 : 1644;
    6691 : 1555;
    6692 : 1556;
    6693 : 169B;
    6694 : 1988;
    6695 : 1C74;
    6696 : 1D09;
    6697 : 1AA2;
    6698 : 15A1;
    6699 : 0E75;
    6700 : 06D3;
    6701 : 006B;
    6702 : FB5C;
    6703 : F7E2;
    6704 : F61F;
    6705 : F539;
    6706 : F3F7;
    6707 : F20D;
    6708 : EF17;
    6709 : EB82;
    6710 : E856;
    6711 : E6AB;
    6712 : E656;
    6713 : E76E;
    6714 : E919;
    6715 : EA36;
    6716 : EAEE;
    6717 : EC07;
    6718 : ED9E;
    6719 : F05C;
    6720 : F4AF;
    6721 : F9F1;
    6722 : FEF8;
    6723 : 03A9;
    6724 : 07F1;
    6725 : 09E0;
    6726 : 0AA5;
    6727 : 0B4F;
    6728 : 0C11;
    6729 : 0D99;
    6730 : 10A1;
    6731 : 146E;
    6732 : 17EC;
    6733 : 1B1B;
    6734 : 1C80;
    6735 : 1BAA;
    6736 : 1A34;
    6737 : 17E4;
    6738 : 1438;
    6739 : 104F;
    6740 : 0B8A;
    6741 : 0592;
    6742 : 0052;
    6743 : FC2B;
    6744 : F8D6;
    6745 : F706;
    6746 : F5B1;
    6747 : F2D8;
    6748 : EEBE;
    6749 : EA52;
    6750 : E5A6;
    6751 : E1E2;
    6752 : E00D;
    6753 : DF41;
    6754 : DFFE;
    6755 : E256;
    6756 : E5C4;
    6757 : EA45;
    6758 : EF61;
    6759 : F498;
    6760 : F9BD;
    6761 : FFAC;
    6762 : 06BF;
    6763 : 0EC0;
    6764 : 1682;
    6765 : 1D81;
    6766 : 2251;
    6767 : 23E9;
    6768 : 246B;
    6769 : 24B8;
    6770 : 24A9;
    6771 : 2566;
    6772 : 25F0;
    6773 : 24AC;
    6774 : 21FB;
    6775 : 1D9E;
    6776 : 170F;
    6777 : 0F59;
    6778 : 0778;
    6779 : FED8;
    6780 : F736;
    6781 : F0D3;
    6782 : EB04;
    6783 : E5E2;
    6784 : E16F;
    6785 : DD75;
    6786 : DAF3;
    6787 : DAA0;
    6788 : DC14;
    6789 : DE9C;
    6790 : E17F;
    6791 : E497;
    6792 : E6F3;
    6793 : E905;
    6794 : EAFD;
    6795 : ED0D;
    6796 : EF8D;
    6797 : F37D;
    6798 : F8E6;
    6799 : FF4B;
    6800 : 066C;
    6801 : 0C91;
    6802 : 10FE;
    6803 : 1407;
    6804 : 158A;
    6805 : 1619;
    6806 : 1665;
    6807 : 16A0;
    6808 : 1681;
    6809 : 161B;
    6810 : 1574;
    6811 : 1476;
    6812 : 13F5;
    6813 : 1364;
    6814 : 1246;
    6815 : 1055;
    6816 : 0CAE;
    6817 : 07C6;
    6818 : 0217;
    6819 : FC74;
    6820 : F81D;
    6821 : F62F;
    6822 : F61F;
    6823 : F671;
    6824 : F60B;
    6825 : F3AC;
    6826 : EFEF;
    6827 : EB89;
    6828 : E715;
    6829 : E48C;
    6830 : E406;
    6831 : E567;
    6832 : E8AE;
    6833 : ED33;
    6834 : F196;
    6835 : F5E6;
    6836 : F9EF;
    6837 : FCED;
    6838 : 0085;
    6839 : 04FE;
    6840 : 0980;
    6841 : 0E81;
    6842 : 135E;
    6843 : 163C;
    6844 : 17EE;
    6845 : 18A1;
    6846 : 1838;
    6847 : 1859;
    6848 : 1956;
    6849 : 1A8F;
    6850 : 1C21;
    6851 : 1D02;
    6852 : 1B9B;
    6853 : 1773;
    6854 : 1058;
    6855 : 07A4;
    6856 : FEBD;
    6857 : F726;
    6858 : F194;
    6859 : EE57;
    6860 : ECAE;
    6861 : EC04;
    6862 : EC3B;
    6863 : EC2C;
    6864 : EBCF;
    6865 : EAE5;
    6866 : E917;
    6867 : E7A2;
    6868 : E6F6;
    6869 : E6BE;
    6870 : E80F;
    6871 : EAA0;
    6872 : ED5D;
    6873 : F0C7;
    6874 : F496;
    6875 : F7D0;
    6876 : FB02;
    6877 : FE70;
    6878 : 0156;
    6879 : 044D;
    6880 : 07DB;
    6881 : 0A6F;
    6882 : 0BD1;
    6883 : 0C88;
    6884 : 0C52;
    6885 : 0C01;
    6886 : 0CCF;
    6887 : 0E9A;
    6888 : 1168;
    6889 : 14BF;
    6890 : 178F;
    6891 : 1954;
    6892 : 1965;
    6893 : 16DD;
    6894 : 121F;
    6895 : 0BAD;
    6896 : 04F7;
    6897 : FFD8;
    6898 : FD42;
    6899 : FCC0;
    6900 : FCC8;
    6901 : FB2E;
    6902 : F7AC;
    6903 : F303;
    6904 : EDCD;
    6905 : E989;
    6906 : E6CD;
    6907 : E567;
    6908 : E525;
    6909 : E5CF;
    6910 : E693;
    6911 : E810;
    6912 : EA7D;
    6913 : ED99;
    6914 : F156;
    6915 : F652;
    6916 : FC1C;
    6917 : 028A;
    6918 : 0920;
    6919 : 0EEB;
    6920 : 1371;
    6921 : 16CE;
    6922 : 196C;
    6923 : 1BB4;
    6924 : 1E16;
    6925 : 2099;
    6926 : 22DD;
    6927 : 2420;
    6928 : 2352;
    6929 : 2054;
    6930 : 1B3E;
    6931 : 14CA;
    6932 : 0E25;
    6933 : 06FA;
    6934 : 00AB;
    6935 : FAF1;
    6936 : F558;
    6937 : F089;
    6938 : EC95;
    6939 : E8E3;
    6940 : E5BE;
    6941 : E31A;
    6942 : E0BB;
    6943 : DF2C;
    6944 : DE97;
    6945 : DF04;
    6946 : E07B;
    6947 : E346;
    6948 : E6C3;
    6949 : EB90;
    6950 : F16A;
    6951 : F6E8;
    6952 : FBAF;
    6953 : FF42;
    6954 : 0166;
    6955 : 02FD;
    6956 : 04EB;
    6957 : 0795;
    6958 : 0AFA;
    6959 : 0EFC;
    6960 : 1266;
    6961 : 155D;
    6962 : 172E;
    6963 : 1815;
    6964 : 18FE;
    6965 : 18FD;
    6966 : 18DE;
    6967 : 1880;
    6968 : 16ED;
    6969 : 1411;
    6970 : 102B;
    6971 : 0AE0;
    6972 : 0552;
    6973 : 0117;
    6974 : FDB6;
    6975 : FB81;
    6976 : FABF;
    6977 : F951;
    6978 : F6D7;
    6979 : F3B2;
    6980 : EF66;
    6981 : EA54;
    6982 : E60B;
    6983 : E24A;
    6984 : DFC2;
    6985 : E03A;
    6986 : E28C;
    6987 : E6D9;
    6988 : EC7F;
    6989 : F1A2;
    6990 : F692;
    6991 : FB4C;
    6992 : FF5A;
    6993 : 035F;
    6994 : 07AA;
    6995 : 0BE4;
    6996 : 0FE0;
    6997 : 132C;
    6998 : 164D;
    6999 : 1936;
    7000 : 1B8D;
    7001 : 1D23;
    7002 : 1E40;
    7003 : 1E65;
    7004 : 1DCA;
    7005 : 1C76;
    7006 : 19E8;
    7007 : 166E;
    7008 : 124A;
    7009 : 0D16;
    7010 : 06B0;
    7011 : 008B;
    7012 : FA3F;
    7013 : F467;
    7014 : F05C;
    7015 : EDDB;
    7016 : ECD0;
    7017 : ECEC;
    7018 : ECD1;
    7019 : EBBC;
    7020 : EA2D;
    7021 : E7BF;
    7022 : E544;
    7023 : E45F;
    7024 : E505;
    7025 : E737;
    7026 : EB0C;
    7027 : EFAA;
    7028 : F426;
    7029 : F7B3;
    7030 : FA1D;
    7031 : FB6B;
    7032 : FBD6;
    7033 : FC9F;
    7034 : FE74;
    7035 : 0185;
    7036 : 05E3;
    7037 : 0A89;
    7038 : 0E68;
    7039 : 10C9;
    7040 : 11C3;
    7041 : 11E5;
    7042 : 1186;
    7043 : 1228;
    7044 : 1318;
    7045 : 140E;
    7046 : 1515;
    7047 : 1536;
    7048 : 1403;
    7049 : 12E7;
    7050 : 110C;
    7051 : 0DDC;
    7052 : 0AF9;
    7053 : 07AE;
    7054 : 03C0;
    7055 : FFE8;
    7056 : FC00;
    7057 : F736;
    7058 : F26C;
    7059 : EE2F;
    7060 : E9D5;
    7061 : E6A1;
    7062 : E536;
    7063 : E501;
    7064 : E62C;
    7065 : E815;
    7066 : EA2D;
    7067 : EBFC;
    7068 : ED16;
    7069 : EDF1;
    7070 : EF21;
    7071 : F146;
    7072 : F4F2;
    7073 : FA2A;
    7074 : 008B;
    7075 : 07AB;
    7076 : 0E5F;
    7077 : 147E;
    7078 : 19D7;
    7079 : 1E05;
    7080 : 20CD;
    7081 : 2278;
    7082 : 22FF;
    7083 : 21CA;
    7084 : 207E;
    7085 : 1EAC;
    7086 : 1BF4;
    7087 : 1937;
    7088 : 15D8;
    7089 : 118C;
    7090 : 0CCF;
    7091 : 08A0;
    7092 : 0451;
    7093 : 003E;
    7094 : FBE3;
    7095 : F692;
    7096 : F074;
    7097 : EA10;
    7098 : E457;
    7099 : DFB7;
    7100 : DCD5;
    7101 : DB83;
    7102 : DB66;
    7103 : DCA3;
    7104 : DF83;
    7105 : E318;
    7106 : E6DB;
    7107 : EA99;
    7108 : ED1E;
    7109 : EEC8;
    7110 : F0C8;
    7111 : F38B;
    7112 : F756;
    7113 : FCE0;
    7114 : 02DD;
    7115 : 08A4;
    7116 : 0E87;
    7117 : 139C;
    7118 : 1816;
    7119 : 1C05;
    7120 : 1EE4;
    7121 : 204C;
    7122 : 20CA;
    7123 : 205B;
    7124 : 1EE0;
    7125 : 1D33;
    7126 : 1A79;
    7127 : 16C5;
    7128 : 1298;
    7129 : 0DEE;
    7130 : 0946;
    7131 : 04D7;
    7132 : 0014;
    7133 : FB56;
    7134 : F652;
    7135 : F117;
    7136 : EC8B;
    7137 : E801;
    7138 : E484;
    7139 : E24E;
    7140 : E17E;
    7141 : E180;
    7142 : E345;
    7143 : E633;
    7144 : E940;
    7145 : ECF0;
    7146 : F0E0;
    7147 : F518;
    7148 : F9C3;
    7149 : FEDE;
    7150 : 03F7;
    7151 : 0940;
    7152 : 0E76;
    7153 : 1357;
    7154 : 17A5;
    7155 : 1B7B;
    7156 : 1DE5;
    7157 : 1F1B;
    7158 : 1F64;
    7159 : 1E55;
    7160 : 1C73;
    7161 : 1A16;
    7162 : 175B;
    7163 : 145F;
    7164 : 1145;
    7165 : 0DC1;
    7166 : 0A4C;
    7167 : 06B2;
    7168 : 025F;
    7169 : FDA8;
    7170 : F8D5;
    7171 : F41F;
    7172 : EFCB;
    7173 : EC62;
    7174 : E9EE;
    7175 : E91B;
    7176 : E8CA;
    7177 : E90A;
    7178 : EA41;
    7179 : EB46;
    7180 : EC90;
    7181 : EE48;
    7182 : F049;
    7183 : F24C;
    7184 : F451;
    7185 : F629;
    7186 : F764;
    7187 : F958;
    7188 : FB65;
    7189 : FDB8;
    7190 : 0037;
    7191 : 0283;
    7192 : 04D4;
    7193 : 0754;
    7194 : 09DC;
    7195 : 0BEB;
    7196 : 0DC0;
    7197 : 0E3C;
    7198 : 0DC9;
    7199 : 0D25;
    7200 : 0BFB;
    7201 : 0AE2;
    7202 : 0A1E;
    7203 : 094B;
    7204 : 08E2;
    7205 : 0886;
    7206 : 07C7;
    7207 : 0676;
    7208 : 0519;
    7209 : 02F6;
    7210 : 00C4;
    7211 : FED6;
    7212 : FC99;
    7213 : FAEE;
    7214 : F953;
    7215 : F7A3;
    7216 : F622;
    7217 : F522;
    7218 : F434;
    7219 : F441;
    7220 : F568;
    7221 : F6ED;
    7222 : F8F1;
    7223 : FAE9;
    7224 : FC56;
    7225 : FCB1;
    7226 : FC60;
    7227 : FB63;
    7228 : FAD8;
    7229 : FB89;
    7230 : FD47;
    7231 : 003D;
    7232 : 03A3;
    7233 : 068B;
    7234 : 0907;
    7235 : 0A7A;
    7236 : 0A97;
    7237 : 0A8A;
    7238 : 0AEA;
    7239 : 0BBB;
    7240 : 0D7B;
    7241 : 1001;
    7242 : 1239;
    7243 : 1393;
    7244 : 133B;
    7245 : 1126;
    7246 : 0E96;
    7247 : 0C19;
    7248 : 09BE;
    7249 : 0824;
    7250 : 0699;
    7251 : 0464;
    7252 : 019E;
    7253 : FE8B;
    7254 : FA9C;
    7255 : F6CD;
    7256 : F359;
    7257 : F053;
    7258 : EDDC;
    7259 : EC64;
    7260 : EBA3;
    7261 : EA10;
    7262 : E8F1;
    7263 : E7D8;
    7264 : E6F1;
    7265 : E789;
    7266 : E9F0;
    7267 : ED86;
    7268 : F1DE;
    7269 : F71A;
    7270 : FBAD;
    7271 : FFC1;
    7272 : 0319;
    7273 : 05C5;
    7274 : 07E8;
    7275 : 0A15;
    7276 : 0C3D;
    7277 : 0E94;
    7278 : 1127;
    7279 : 140A;
    7280 : 1676;
    7281 : 1805;
    7282 : 18EE;
    7283 : 17ED;
    7284 : 155E;
    7285 : 11F8;
    7286 : 0DB2;
    7287 : 08EB;
    7288 : 0454;
    7289 : FFDA;
    7290 : FB3F;
    7291 : F74F;
    7292 : F480;
    7293 : F24D;
    7294 : F092;
    7295 : EFA1;
    7296 : EE9A;
    7297 : EDC2;
    7298 : EE10;
    7299 : EE25;
    7300 : EDF3;
    7301 : EF10;
    7302 : F03F;
    7303 : F1B3;
    7304 : F4CE;
    7305 : F8F6;
    7306 : FDB3;
    7307 : 033D;
    7308 : 0856;
    7309 : 0C6B;
    7310 : 0F5D;
    7311 : 1153;
    7312 : 11F5;
    7313 : 122C;
    7314 : 11D4;
    7315 : 1166;
    7316 : 1134;
    7317 : 1130;
    7318 : 11E1;
    7319 : 122B;
    7320 : 11B5;
    7321 : 1104;
    7322 : 0F49;
    7323 : 0CE2;
    7324 : 0A75;
    7325 : 0757;
    7326 : 034F;
    7327 : FFCE;
    7328 : FC5A;
    7329 : F8CD;
    7330 : F71A;
    7331 : F618;
    7332 : F4B9;
    7333 : F3DC;
    7334 : F378;
    7335 : F227;
    7336 : F1CD;
    7337 : F16D;
    7338 : F0A2;
    7339 : F0A7;
    7340 : F0CF;
    7341 : F113;
    7342 : F224;
    7343 : F44B;
    7344 : F649;
    7345 : F8E3;
    7346 : FB96;
    7347 : FE53;
    7348 : 010A;
    7349 : 03B0;
    7350 : 0644;
    7351 : 07BC;
    7352 : 083E;
    7353 : 0809;
    7354 : 075D;
    7355 : 069D;
    7356 : 0702;
    7357 : 07DC;
    7358 : 0846;
    7359 : 08B3;
    7360 : 07FF;
    7361 : 05A2;
    7362 : 035D;
    7363 : 0139;
    7364 : FEC6;
    7365 : FDB3;
    7366 : FD74;
    7367 : FCA7;
    7368 : FC18;
    7369 : FC05;
    7370 : FB87;
    7371 : FB23;
    7372 : FB67;
    7373 : FB25;
    7374 : FBB3;
    7375 : FCFE;
    7376 : FE19;
    7377 : FF33;
    7378 : 0007;
    7379 : FFEA;
    7380 : FF16;
    7381 : FE65;
    7382 : FEA5;
    7383 : FF5F;
    7384 : 00C8;
    7385 : 0220;
    7386 : 0294;
    7387 : 0230;
    7388 : 00CF;
    7389 : FF8F;
    7390 : FDFA;
    7391 : FDB0;
    7392 : FE64;
    7393 : FF32;
    7394 : 0096;
    7395 : 01D4;
    7396 : 0290;
    7397 : 02E4;
    7398 : 0392;
    7399 : 0415;
    7400 : 052C;
    7401 : 06A1;
    7402 : 0800;
    7403 : 0935;
    7404 : 0A2C;
    7405 : 0A72;
    7406 : 0A60;
    7407 : 0A53;
    7408 : 09D9;
    7409 : 09A4;
    7410 : 099C;
    7411 : 0950;
    7412 : 0882;
    7413 : 069D;
    7414 : 03D7;
    7415 : 0095;
    7416 : FD42;
    7417 : FA66;
    7418 : F82E;
    7419 : F690;
    7420 : F521;
    7421 : F3FC;
    7422 : F2E4;
    7423 : F1DA;
    7424 : F0F2;
    7425 : EFF4;
    7426 : EF71;
    7427 : EFD0;
    7428 : F0D2;
    7429 : F2E2;
    7430 : F51E;
    7431 : F71F;
    7432 : F93D;
    7433 : FB4E;
    7434 : FD63;
    7435 : FF9F;
    7436 : 019D;
    7437 : 0337;
    7438 : 0490;
    7439 : 057F;
    7440 : 0674;
    7441 : 07BB;
    7442 : 08A0;
    7443 : 0896;
    7444 : 08E5;
    7445 : 0883;
    7446 : 07B9;
    7447 : 07CB;
    7448 : 077D;
    7449 : 069D;
    7450 : 05AB;
    7451 : 0420;
    7452 : 0210;
    7453 : 00F7;
    7454 : FFB5;
    7455 : FE61;
    7456 : FD76;
    7457 : FC61;
    7458 : FB5C;
    7459 : FAB1;
    7460 : FA4F;
    7461 : F9CC;
    7462 : F92B;
    7463 : F812;
    7464 : F725;
    7465 : F6AD;
    7466 : F6E1;
    7467 : F7EC;
    7468 : F98A;
    7469 : FB21;
    7470 : FD06;
    7471 : FF32;
    7472 : 005E;
    7473 : 0187;
    7474 : 02E8;
    7475 : 03BB;
    7476 : 0512;
    7477 : 06B5;
    7478 : 0829;
    7479 : 0991;
    7480 : 0A88;
    7481 : 0A76;
    7482 : 0A8D;
    7483 : 0AAF;
    7484 : 0AE6;
    7485 : 0B66;
    7486 : 0B6C;
    7487 : 0A9B;
    7488 : 08D1;
    7489 : 06B4;
    7490 : 0451;
    7491 : 02A8;
    7492 : 01AA;
    7493 : 0123;
    7494 : 0081;
    7495 : FF9B;
    7496 : FEF0;
    7497 : FE45;
    7498 : FD7A;
    7499 : FC47;
    7500 : FAFA;
    7501 : F8F7;
    7502 : F79D;
    7503 : F730;
    7504 : F74E;
    7505 : F7D4;
    7506 : F8CB;
    7507 : F909;
    7508 : F89B;
    7509 : F92B;
    7510 : F979;
    7511 : FA16;
    7512 : FB2D;
    7513 : FB6E;
    7514 : FA77;
    7515 : F95E;
    7516 : F8AF;
    7517 : F832;
    7518 : F920;
    7519 : FAFA;
    7520 : FCC0;
    7521 : FEA2;
    7522 : 0030;
    7523 : 00C4;
    7524 : 0086;
    7525 : 0078;
    7526 : 0000;
    7527 : FFB8;
    7528 : 00A2;
    7529 : 0232;
    7530 : 03D1;
    7531 : 056A;
    7532 : 06E2;
    7533 : 0770;
    7534 : 079E;
    7535 : 0771;
    7536 : 0658;
    7537 : 053C;
    7538 : 0457;
    7539 : 0376;
    7540 : 026B;
    7541 : 01D0;
    7542 : 0092;
    7543 : FEA8;
    7544 : FD23;
    7545 : FBA8;
    7546 : FABE;
    7547 : FAC7;
    7548 : FAA4;
    7549 : F9E2;
    7550 : F925;
    7551 : F860;
    7552 : F80A;
    7553 : F870;
    7554 : F905;
    7555 : F9DC;
    7556 : FB37;
    7557 : FC78;
    7558 : FD96;
    7559 : FF3B;
    7560 : 010F;
    7561 : 02E4;
    7562 : 04E3;
    7563 : 06CA;
    7564 : 08DA;
    7565 : 0ACD;
    7566 : 0C89;
    7567 : 0DDE;
    7568 : 0E8B;
    7569 : 0E65;
    7570 : 0DB9;
    7571 : 0CE3;
    7572 : 0C46;
    7573 : 0C43;
    7574 : 0C1E;
    7575 : 0B87;
    7576 : 0A8C;
    7577 : 088E;
    7578 : 05E2;
    7579 : 02F8;
    7580 : 0025;
    7581 : FD91;
    7582 : FB32;
    7583 : F953;
    7584 : F78A;
    7585 : F65A;
    7586 : F53E;
    7587 : F455;
    7588 : F3FC;
    7589 : F2EC;
    7590 : F1C6;
    7591 : F125;
    7592 : F0E4;
    7593 : F167;
    7594 : F29F;
    7595 : F3E5;
    7596 : F4FD;
    7597 : F5EB;
    7598 : F681;
    7599 : F76F;
    7600 : F95A;
    7601 : FB62;
    7602 : FE21;
    7603 : 00EB;
    7604 : 0318;
    7605 : 04B2;
    7606 : 05EA;
    7607 : 06C6;
    7608 : 06DF;
    7609 : 075C;
    7610 : 0794;
    7611 : 079F;
    7612 : 07DF;
    7613 : 082E;
    7614 : 07F7;
    7615 : 07E0;
    7616 : 072D;
    7617 : 05DC;
    7618 : 04AB;
    7619 : 032F;
    7620 : 0222;
    7621 : 0120;
    7622 : 0080;
    7623 : FFAF;
    7624 : FE1F;
    7625 : FC23;
    7626 : FAAB;
    7627 : F9C3;
    7628 : F969;
    7629 : FA5B;
    7630 : FAA3;
    7631 : FADC;
    7632 : FA9B;
    7633 : F9C4;
    7634 : F9A3;
    7635 : FA2A;
    7636 : FAF7;
    7637 : FC09;
    7638 : FD61;
    7639 : FE83;
    7640 : FFA6;
    7641 : 011B;
    7642 : 0228;
    7643 : 0319;
    7644 : 045E;
    7645 : 05AE;
    7646 : 0745;
    7647 : 0971;
    7648 : 0B57;
    7649 : 0CB7;
    7650 : 0D7B;
    7651 : 0CE9;
    7652 : 0BE0;
    7653 : 0AC2;
    7654 : 0A25;
    7655 : 0A96;
    7656 : 0B7D;
    7657 : 0C47;
    7658 : 0C3C;
    7659 : 0ADE;
    7660 : 08B4;
    7661 : 0610;
    7662 : 0360;
    7663 : 0124;
    7664 : FEFE;
    7665 : FCDC;
    7666 : FA9F;
    7667 : F88B;
    7668 : F64C;
    7669 : F43D;
    7670 : F29F;
    7671 : F0D5;
    7672 : EF80;
    7673 : EE8B;
    7674 : EE0F;
    7675 : EE32;
    7676 : EF56;
    7677 : F03C;
    7678 : F111;
    7679 : F1EC;
    7680 : F2A1;
    7681 : F487;
    7682 : F74D;
    7683 : FAD0;
    7684 : FE8C;
    7685 : 01FC;
    7686 : 03D8;
    7687 : 04B5;
    7688 : 05A8;
    7689 : 0670;
    7690 : 07AC;
    7691 : 09D6;
    7692 : 0B9E;
    7693 : 0CD2;
    7694 : 0D96;
    7695 : 0D0C;
    7696 : 0BBE;
    7697 : 0A45;
    7698 : 08C4;
    7699 : 06D8;
    7700 : 0500;
    7701 : 034D;
    7702 : 0205;
    7703 : 00FB;
    7704 : 008C;
    7705 : 0006;
    7706 : FE3C;
    7707 : FC10;
    7708 : F987;
    7709 : F73F;
    7710 : F610;
    7711 : F632;
    7712 : F660;
    7713 : F6C3;
    7714 : F6E9;
    7715 : F6D8;
    7716 : F765;
    7717 : F894;
    7718 : FA1C;
    7719 : FBF0;
    7720 : FE1F;
    7721 : FF92;
    7722 : 0121;
    7723 : 02D7;
    7724 : 04BB;
    7725 : 06FD;
    7726 : 08F1;
    7727 : 0A51;
    7728 : 0B8E;
    7729 : 0CD4;
    7730 : 0E5B;
    7731 : 0FEE;
    7732 : 112A;
    7733 : 11B1;
    7734 : 10C8;
    7735 : 0F48;
    7736 : 0D29;
    7737 : 0B23;
    7738 : 09C6;
    7739 : 0875;
    7740 : 071C;
    7741 : 057F;
    7742 : 0342;
    7743 : 008D;
    7744 : FE20;
    7745 : FC01;
    7746 : FA2A;
    7747 : F801;
    7748 : F59B;
    7749 : F30F;
    7750 : F0F5;
    7751 : EFE9;
    7752 : EF98;
    7753 : EFD3;
    7754 : F077;
    7755 : F0F9;
    7756 : F17C;
    7757 : F25D;
    7758 : F3C7;
    7759 : F558;
    7760 : F6FB;
    7761 : F896;
    7762 : F9E7;
    7763 : FB60;
    7764 : FD41;
    7765 : FF74;
    7766 : 01D9;
    7767 : 0446;
    7768 : 056F;
    7769 : 05D0;
    7770 : 05E2;
    7771 : 0565;
    7772 : 05BB;
    7773 : 069F;
    7774 : 070C;
    7775 : 076F;
    7776 : 0749;
    7777 : 0652;
    7778 : 0535;
    7779 : 04B4;
    7780 : 042B;
    7781 : 0351;
    7782 : 027C;
    7783 : 00F6;
    7784 : FF64;
    7785 : FE74;
    7786 : FD9D;
    7787 : FCC7;
    7788 : FBD6;
    7789 : FA7B;
    7790 : F94F;
    7791 : F865;
    7792 : F80A;
    7793 : F8B7;
    7794 : F947;
    7795 : F9C4;
    7796 : F96F;
    7797 : F917;
    7798 : F964;
    7799 : FA36;
    7800 : FBCE;
    7801 : FDB1;
    7802 : FF52;
    7803 : 0050;
    7804 : 01AD;
    7805 : 0368;
    7806 : 0500;
    7807 : 0728;
    7808 : 099B;
    7809 : 0B13;
    7810 : 0C60;
    7811 : 0D9F;
    7812 : 0E35;
    7813 : 0EF7;
    7814 : 0F74;
    7815 : 0F74;
    7816 : 0F28;
    7817 : 0E29;
    7818 : 0CBD;
    7819 : 0B5B;
    7820 : 09EA;
    7821 : 0844;
    7822 : 063F;
    7823 : 03DB;
    7824 : 00B4;
    7825 : FD95;
    7826 : FAF1;
    7827 : F8BE;
    7828 : F74E;
    7829 : F5A3;
    7830 : F3EF;
    7831 : F238;
    7832 : F0CD;
    7833 : F020;
    7834 : F085;
    7835 : F1E0;
    7836 : F38C;
    7837 : F46A;
    7838 : F504;
    7839 : F555;
    7840 : F61C;
    7841 : F750;
    7842 : F968;
    7843 : FB8F;
    7844 : FD33;
    7845 : FF0E;
    7846 : 0078;
    7847 : 01F3;
    7848 : 0375;
    7849 : 04CC;
    7850 : 04E2;
    7851 : 048D;
    7852 : 03EF;
    7853 : 033B;
    7854 : 0366;
    7855 : 0433;
    7856 : 0480;
    7857 : 04A9;
    7858 : 0430;
    7859 : 026A;
    7860 : 010F;
    7861 : FFE3;
    7862 : FF59;
    7863 : FF13;
    7864 : FEB5;
    7865 : FDA7;
    7866 : FC39;
    7867 : FB59;
    7868 : FAF9;
    7869 : FB22;
    7870 : FBF8;
    7871 : FC61;
    7872 : FBC4;
    7873 : FB12;
    7874 : FA65;
    7875 : FA4C;
    7876 : FB18;
    7877 : FC2D;
    7878 : FCF9;
    7879 : FDEA;
    7880 : FF0D;
    7881 : 005A;
    7882 : 01E9;
    7883 : 03ED;
    7884 : 0534;
    7885 : 054D;
    7886 : 0506;
    7887 : 0462;
    7888 : 04A6;
    7889 : 05DA;
    7890 : 07DD;
    7891 : 09E7;
    7892 : 0B26;
    7893 : 0B5A;
    7894 : 0AAC;
    7895 : 09D3;
    7896 : 091E;
    7897 : 083E;
    7898 : 076C;
    7899 : 0609;
    7900 : 0439;
    7901 : 02B3;
    7902 : 01A6;
    7903 : 0187;
    7904 : 0172;
    7905 : 0131;
    7906 : 003F;
    7907 : FE68;
    7908 : FCE4;
    7909 : FC03;
    7910 : FBC8;
    7911 : FBC3;
    7912 : FB80;
    7913 : FA5D;
    7914 : F8C8;
    7915 : F804;
    7916 : F83C;
    7917 : F910;
    7918 : FAAD;
    7919 : FC0A;
    7920 : FC36;
    7921 : FBE1;
    7922 : FB49;
    7923 : FAC9;
    7924 : FAA2;
    7925 : FACE;
    7926 : FAA2;
    7927 : FA4D;
    7928 : FA31;
    7929 : FA8A;
    7930 : FB34;
    7931 : FC02;
    7932 : FD1C;
    7933 : FD9A;
    7934 : FD5F;
    7935 : FCEC;
    7936 : FCBA;
    7937 : FCC9;
    7938 : FD83;
    7939 : FEA4;
    7940 : FEC7;
    7941 : FEB3;
    7942 : FED3;
    7943 : FEC5;
    7944 : FF99;
    7945 : 0115;
    7946 : 023B;
    7947 : 02DF;
    7948 : 02D1;
    7949 : 01F1;
    7950 : 0137;
    7951 : 017E;
    7952 : 018E;
    7953 : 01B5;
    7954 : 0183;
    7955 : 0080;
    7956 : FF4A;
    7957 : FE5E;
    7958 : FE33;
    7959 : FEE6;
    7960 : FFD9;
    7961 : 006A;
    7962 : 00AB;
    7963 : 00A7;
    7964 : 00BB;
    7965 : 00F9;
    7966 : 010C;
    7967 : 0110;
    7968 : 0088;
    7969 : FFDD;
    7970 : 0017;
    7971 : 013B;
    7972 : 034C;
    7973 : 0560;
    7974 : 0731;
    7975 : 079B;
    7976 : 0734;
    7977 : 0668;
    7978 : 05A5;
    7979 : 058B;
    7980 : 05D9;
    7981 : 05B5;
    7982 : 04C7;
    7983 : 03E3;
    7984 : 0308;
    7985 : 02FF;
    7986 : 0372;
    7987 : 03E8;
    7988 : 0399;
    7989 : 024D;
    7990 : 0025;
    7991 : FE15;
    7992 : FCEA;
    7993 : FC28;
    7994 : FBF1;
    7995 : FBD8;
    7996 : FBCB;
    7997 : FB3F;
    7998 : FB1E;
    7999 : FBA0;
    8000 : FC0B;
    8001 : FBFE;
    8002 : FB5F;
    8003 : FA2C;
    8004 : F906;
    8005 : F8BF;
    8006 : F8FA;
    8007 : F9D6;
    8008 : FB11;
    8009 : FBAE;
    8010 : FB86;
    8011 : FB0F;
    8012 : FAE7;
    8013 : FAC9;
    8014 : FB38;
    8015 : FBBE;
    8016 : FBB6;
    8017 : FB55;
    8018 : FB08;
    8019 : FAE7;
    8020 : FBA4;
    8021 : FCE4;
    8022 : FE14;
    8023 : FEC9;
    8024 : FEC2;
    8025 : FE27;
    8026 : FDB0;
    8027 : FDB3;
    8028 : FDCE;
    8029 : FE1B;
    8030 : FE12;
    8031 : FE45;
    8032 : FE62;
    8033 : FF45;
    8034 : 00CD;
    8035 : 0278;
    8036 : 03B7;
    8037 : 0406;
    8038 : 0361;
    8039 : 022A;
    8040 : 017F;
    8041 : 00E2;
    8042 : 0106;
    8043 : 01B4;
    8044 : 02B7;
    8045 : 03B9;
    8046 : 0484;
    8047 : 0538;
    8048 : 0575;
    8049 : 056D;
    8050 : 04A7;
    8051 : 031F;
    8052 : 017C;
    8053 : 0074;
    8054 : 0007;
    8055 : 008E;
    8056 : 01DA;
    8057 : 02BD;
    8058 : 02C9;
    8059 : 01FB;
    8060 : 00E9;
    8061 : 0053;
    8062 : 0061;
    8063 : 00E3;
    8064 : 0175;
    8065 : 018C;
    8066 : 00FC;
    8067 : 000E;
    8068 : FFAE;
    8069 : 0042;
    8070 : 0145;
    8071 : 0257;
    8072 : 02D5;
    8073 : 02BF;
    8074 : 027D;
    8075 : 0217;
    8076 : 01ED;
    8077 : 01E0;
    8078 : 016C;
    8079 : 009A;
    8080 : FF54;
    8081 : FE5F;
    8082 : FDF1;
    8083 : FDB8;
    8084 : FD88;
    8085 : FD16;
    8086 : FBD0;
    8087 : FA1C;
    8088 : F870;
    8089 : F790;
    8090 : F766;
    8091 : F73F;
    8092 : F6EF;
    8093 : F660;
    8094 : F5E2;
    8095 : F586;
    8096 : F5EA;
    8097 : F6B3;
    8098 : F7BF;
    8099 : F87C;
    8100 : F885;
    8101 : F83D;
    8102 : F825;
    8103 : F89C;
    8104 : F9AF;
    8105 : FB66;
    8106 : FD2B;
    8107 : FE9D;
    8108 : FF57;
    8109 : FF7E;
    8110 : FF82;
    8111 : FFAE;
    8112 : FFCB;
    8113 : 001B;
    8114 : 00F5;
    8115 : 01C7;
    8116 : 02AA;
    8117 : 0364;
    8118 : 0410;
    8119 : 04B4;
    8120 : 0504;
    8121 : 04F0;
    8122 : 03F7;
    8123 : 0339;
    8124 : 02A7;
    8125 : 0243;
    8126 : 0213;
    8127 : 0253;
    8128 : 024D;
    8129 : 0215;
    8130 : 01F3;
    8131 : 01A2;
    8132 : 015E;
    8133 : 017B;
    8134 : 011A;
    8135 : 0015;
    8136 : FF04;
    8137 : FE66;
    8138 : FE6D;
    8139 : FF12;
    8140 : 00A9;
    8141 : 020A;
    8142 : 02C1;
    8143 : 02AA;
    8144 : 0206;
    8145 : 013A;
    8146 : 017B;
    8147 : 020F;
    8148 : 0302;
    8149 : 0428;
    8150 : 0478;
    8151 : 04B9;
    8152 : 04DB;
    8153 : 04B8;
    8154 : 04D6;
    8155 : 04AE;
    8156 : 03E4;
    8157 : 02EF;
    8158 : 01BB;
    8159 : 00EA;
    8160 : 0086;
    8161 : 0076;
    8162 : 0008;
    8163 : FF2A;
    8164 : FE12;
    8165 : FD16;
    8166 : FC1D;
    8167 : FB5C;
    8168 : FAE0;
    8169 : FA41;
    8170 : F9A3;
    8171 : F86F;
    8172 : F7B1;
    8173 : F741;
    8174 : F766;
    8175 : F816;
    8176 : F83C;
    8177 : F834;
    8178 : F79F;
    8179 : F692;
    8180 : F647;
    8181 : F69D;
    8182 : F796;
    8183 : F913;
    8184 : FA41;
    8185 : FA89;
    8186 : FA4F;
    8187 : FA97;
    8188 : FB40;
    8189 : FC86;
    8190 : FE52;
    8191 : FF7F;
    8192 : 0025;
    8193 : 006D;
    8194 : 00A0;
    8195 : 00F7;
    8196 : 01B2;
    8197 : 0263;
    8198 : 02DD;
    8199 : 0306;
    8200 : 0308;
    8201 : 038A;
    8202 : 044D;
    8203 : 0561;
    8204 : 05BE;
    8205 : 0516;
    8206 : 03FD;
    8207 : 023E;
    8208 : 00D3;
    8209 : 0076;
    8210 : 00AE;
    8211 : 0159;
    8212 : 01EB;
    8213 : 01E1;
    8214 : 017C;
    8215 : 0130;
    8216 : 00C6;
    8217 : 00B7;
    8218 : 006C;
    8219 : FF9E;
    8220 : FEE8;
    8221 : FEA3;
    8222 : FF68;
    8223 : 0119;
    8224 : 030E;
    8225 : 049D;
    8226 : 055A;
    8227 : 051A;
    8228 : 0427;
    8229 : 03B7;
    8230 : 03BD;
    8231 : 0474;
    8232 : 05B4;
    8233 : 0658;
    8234 : 068A;
    8235 : 0677;
    8236 : 065C;
    8237 : 0616;
    8238 : 0619;
    8239 : 0604;
    8240 : 0526;
    8241 : 03DB;
    8242 : 0248;
    8243 : 0100;
    8244 : 002D;
    8245 : FFBD;
    8246 : FF35;
    8247 : FECA;
    8248 : FDEA;
    8249 : FD17;
    8250 : FC86;
    8251 : FC39;
    8252 : FBFC;
    8253 : FB53;
    8254 : FA1F;
    8255 : F847;
    8256 : F6A3;
    8257 : F5F8;
    8258 : F671;
    8259 : F7FE;
    8260 : F98B;
    8261 : FA35;
    8262 : FA52;
    8263 : F97B;
    8264 : F8FB;
    8265 : F928;
    8266 : F9D0;
    8267 : FAD7;
    8268 : FB7D;
    8269 : FBFE;
    8270 : FC46;
    8271 : FD08;
    8272 : FE7A;
    8273 : 000F;
    8274 : 01B5;
    8275 : 02D7;
    8276 : 02EC;
    8277 : 0281;
    8278 : 0209;
    8279 : 0254;
    8280 : 02EA;
    8281 : 039D;
    8282 : 0393;
    8283 : 0311;
    8284 : 02A0;
    8285 : 0267;
    8286 : 0315;
    8287 : 03FF;
    8288 : 04D9;
    8289 : 0521;
    8290 : 0448;
    8291 : 02B1;
    8292 : 0177;
    8293 : 0117;
    8294 : 0189;
    8295 : 0227;
    8296 : 02AD;
    8297 : 0293;
    8298 : 0231;
    8299 : 0217;
    8300 : 0289;
    8301 : 0341;
    8302 : 03C1;
    8303 : 039B;
    8304 : 02B0;
    8305 : 022B;
    8306 : 0236;
    8307 : 02EE;
    8308 : 0441;
    8309 : 0560;
    8310 : 058C;
    8311 : 04F4;
    8312 : 03F7;
    8313 : 0394;
    8314 : 03DB;
    8315 : 04A7;
    8316 : 05D2;
    8317 : 0647;
    8318 : 05C1;
    8319 : 0504;
    8320 : 047C;
    8321 : 040C;
    8322 : 0414;
    8323 : 03AD;
    8324 : 0305;
    8325 : 0200;
    8326 : 0129;
    8327 : 00BB;
    8328 : 00D9;
    8329 : 0128;
    8330 : 014B;
    8331 : 0117;
    8332 : FFAE;
    8333 : FE8D;
    8334 : FD54;
    8335 : FC6B;
    8336 : FC05;
    8337 : FB8D;
    8338 : FB10;
    8339 : FA31;
    8340 : F9D5;
    8341 : F9AC;
    8342 : F9B7;
    8343 : FA4B;
    8344 : FA5A;
    8345 : FA2E;
    8346 : F9E0;
    8347 : F931;
    8348 : F8C2;
    8349 : F90F;
    8350 : F9CD;
    8351 : FB06;
    8352 : FBF9;
    8353 : FC92;
    8354 : FCC6;
    8355 : FCDE;
    8356 : FD97;
    8357 : FED5;
    8358 : FFE1;
    8359 : 00D4;
    8360 : 018D;
    8361 : 012E;
    8362 : 00F3;
    8363 : 0121;
    8364 : 01C1;
    8365 : 02EA;
    8366 : 03BF;
    8367 : 03F7;
    8368 : 03D5;
    8369 : 037F;
    8370 : 03A9;
    8371 : 043D;
    8372 : 0515;
    8373 : 05AA;
    8374 : 0595;
    8375 : 0533;
    8376 : 0465;
    8377 : 0427;
    8378 : 0400;
    8379 : 045A;
    8380 : 0485;
    8381 : 0488;
    8382 : 0454;
    8383 : 03A8;
    8384 : 039C;
    8385 : 036A;
    8386 : 033D;
    8387 : 02BF;
    8388 : 0205;
    8389 : 0109;
    8390 : 008A;
    8391 : 00E3;
    8392 : 01A3;
    8393 : 0287;
    8394 : 034B;
    8395 : 035B;
    8396 : 02BD;
    8397 : 01F7;
    8398 : 0144;
    8399 : 0125;
    8400 : 01DF;
    8401 : 0350;
    8402 : 048E;
    8403 : 056F;
    8404 : 0612;
    8405 : 0614;
    8406 : 05D9;
    8407 : 0573;
    8408 : 049D;
    8409 : 0374;
    8410 : 0294;
    8411 : 01FA;
    8412 : 019B;
    8413 : 01F2;
    8414 : 0241;
    8415 : 023E;
    8416 : 01D7;
    8417 : 00A8;
    8418 : FF2D;
    8419 : FD91;
    8420 : FC0F;
    8421 : FAE6;
    8422 : FA71;
    8423 : FA26;
    8424 : F9D6;
    8425 : F9B2;
    8426 : F978;
    8427 : F99F;
    8428 : F9D9;
    8429 : F9F6;
    8430 : FA12;
    8431 : F9DA;
    8432 : F9C6;
    8433 : F99C;
    8434 : F96C;
    8435 : F98F;
    8436 : F9FB;
    8437 : FAAA;
    8438 : FB64;
    8439 : FC22;
    8440 : FCF6;
    8441 : FDE5;
    8442 : FEE7;
    8443 : FFE5;
    8444 : 007D;
    8445 : 00E1;
    8446 : 0131;
    8447 : 0173;
    8448 : 020C;
    8449 : 0346;
    8450 : 0497;
    8451 : 05B3;
    8452 : 0693;
    8453 : 06AA;
    8454 : 0659;
    8455 : 05E3;
    8456 : 0572;
    8457 : 055C;
    8458 : 057B;
    8459 : 0591;
    8460 : 055D;
    8461 : 049C;
    8462 : 03C7;
    8463 : 032A;
    8464 : 023E;
    8465 : 01AC;
    8466 : 0159;
    8467 : 00E3;
    8468 : 0054;
    8469 : FFD2;
    8470 : FF78;
    8471 : FF50;
    8472 : FF63;
    8473 : FF41;
    8474 : FF3A;
    8475 : FF03;
    8476 : FF6A;
    8477 : 0067;
    8478 : 01CC;
    8479 : 036D;
    8480 : 047A;
    8481 : 0509;
    8482 : 051D;
    8483 : 053F;
    8484 : 0599;
    8485 : 0617;
    8486 : 0733;
    8487 : 084A;
    8488 : 08DD;
    8489 : 0912;
    8490 : 08B7;
    8491 : 0842;
    8492 : 0787;
    8493 : 0667;
    8494 : 0510;
    8495 : 0343;
    8496 : 017E;
    8497 : FFC0;
    8498 : FE9D;
    8499 : FE19;
    8500 : FDE9;
    8501 : FDB6;
    8502 : FCEB;
    8503 : FBD9;
    8504 : FAB8;
    8505 : F9BB;
    8506 : F907;
    8507 : F910;
    8508 : F933;
    8509 : F90C;
    8510 : F8DD;
    8511 : F8B4;
    8512 : F91D;
    8513 : F9CB;
    8514 : FA8F;
    8515 : FB63;
    8516 : FC19;
    8517 : FC94;
    8518 : FD0D;
    8519 : FD7B;
    8520 : FDD4;
    8521 : FE09;
    8522 : FE1E;
    8523 : FDD5;
    8524 : FD95;
    8525 : FDE5;
    8526 : FEAB;
    8527 : FFB5;
    8528 : 00C0;
    8529 : 017B;
    8530 : 01C4;
    8531 : 018E;
    8532 : 0126;
    8533 : 00E2;
    8534 : 00E8;
    8535 : 0144;
    8536 : 01B7;
    8537 : 01F0;
    8538 : 01D0;
    8539 : 01A2;
    8540 : 0191;
    8541 : 01F2;
    8542 : 02EC;
    8543 : 03E4;
    8544 : 04EC;
    8545 : 0556;
    8546 : 053F;
    8547 : 0506;
    8548 : 03F3;
    8549 : 02D3;
    8550 : 0233;
    8551 : 01D4;
    8552 : 01A8;
    8553 : 0238;
    8554 : 02CF;
    8555 : 038A;
    8556 : 0466;
    8557 : 04FD;
    8558 : 04B9;
    8559 : 03B4;
    8560 : 02C0;
    8561 : 0201;
    8562 : 01D3;
    8563 : 020E;
    8564 : 02C2;
    8565 : 03C0;
    8566 : 0457;
    8567 : 049A;
    8568 : 04C4;
    8569 : 04B2;
    8570 : 04D1;
    8571 : 04FC;
    8572 : 050A;
    8573 : 0494;
    8574 : 03F5;
    8575 : 0382;
    8576 : 0340;
    8577 : 0367;
    8578 : 034C;
    8579 : 0307;
    8580 : 0243;
    8581 : 015D;
    8582 : 00A3;
    8583 : 0025;
    8584 : FFDD;
    8585 : FF5E;
    8586 : FE99;
    8587 : FDCA;
    8588 : FCCA;
    8589 : FC4C;
    8590 : FC1B;
    8591 : FBD1;
    8592 : FBC1;
    8593 : FBBD;
    8594 : FB6F;
    8595 : FB47;
    8596 : FB3C;
    8597 : FB27;
    8598 : FB03;
    8599 : FAA7;
    8600 : FA8C;
    8601 : FADE;
    8602 : FBDD;
    8603 : FCAB;
    8604 : FD7D;
    8605 : FDBD;
    8606 : FD71;
    8607 : FD0F;
    8608 : FC89;
    8609 : FCB0;
    8610 : FD0F;
    8611 : FDAF;
    8612 : FE35;
    8613 : FE44;
    8614 : FED0;
    8615 : FF0C;
    8616 : FF2E;
    8617 : FF1A;
    8618 : FEFC;
    8619 : FF0C;
    8620 : FF03;
    8621 : FF62;
    8622 : FFEC;
    8623 : 008C;
    8624 : 00A4;
    8625 : 005F;
    8626 : 0010;
    8627 : 0042;
    8628 : 0121;
    8629 : 0298;
    8630 : 047C;
    8631 : 061D;
    8632 : 0755;
    8633 : 0783;
    8634 : 06DA;
    8635 : 05EF;
    8636 : 0518;
    8637 : 048F;
    8638 : 047E;
    8639 : 04D1;
    8640 : 058E;
    8641 : 0682;
    8642 : 0769;
    8643 : 07AF;
    8644 : 0796;
    8645 : 071C;
    8646 : 05D4;
    8647 : 0445;
    8648 : 02C7;
    8649 : 012F;
    8650 : 0061;
    8651 : 0027;
    8652 : 008C;
    8653 : 0144;
    8654 : 0185;
    8655 : 019A;
    8656 : 015E;
    8657 : 0103;
    8658 : 009E;
    8659 : 0094;
    8660 : 006A;
    8661 : 002C;
    8662 : FFDD;
    8663 : FF45;
    8664 : FECA;
    8665 : FEDD;
    8666 : FF46;
    8667 : FFA2;
    8668 : FFDE;
    8669 : 0019;
    8670 : 0051;
    8671 : 00B1;
    8672 : 0122;
    8673 : 018F;
    8674 : 016F;
    8675 : 0102;
    8676 : 003D;
    8677 : FF6F;
    8678 : FF4E;
    8679 : FF96;
    8680 : 0049;
    8681 : 00B3;
    8682 : 007D;
    8683 : FFC1;
    8684 : FEBB;
    8685 : FD9C;
    8686 : FD0A;
    8687 : FCA7;
    8688 : FC2A;
    8689 : FB6A;
    8690 : FA94;
    8691 : F98B;
    8692 : F89D;
    8693 : F83D;
    8694 : F83D;
    8695 : F869;
    8696 : F8C3;
    8697 : F900;
    8698 : F90F;
    8699 : F92F;
    8700 : F952;
    8701 : F98C;
    8702 : F9F2;
    8703 : FA95;
    8704 : FB69;
    8705 : FCCB;
    8706 : FE96;
    8707 : 009F;
    8708 : 0294;
    8709 : 03E3;
    8710 : 048A;
    8711 : 04D0;
    8712 : 04DB;
    8713 : 04F7;
    8714 : 056F;
    8715 : 065B;
    8716 : 07BE;
    8717 : 0915;
    8718 : 0A1F;
    8719 : 0A7E;
    8720 : 0A84;
    8721 : 09D8;
    8722 : 08E8;
    8723 : 0771;
    8724 : 05FC;
    8725 : 04A7;
    8726 : 039A;
    8727 : 0313;
    8728 : 02C1;
    8729 : 0326;
    8730 : 0366;
    8731 : 0363;
    8732 : 02D3;
    8733 : 01D1;
    8734 : 00B4;
    8735 : FFA4;
    8736 : FEA4;
    8737 : FE04;
    8738 : FDE4;
    8739 : FE59;
    8740 : FEFE;
    8741 : FF9D;
    8742 : 001C;
    8743 : 0057;
    8744 : 00A2;
    8745 : 00B7;
    8746 : 009F;
    8747 : 00DD;
    8748 : 00CB;
    8749 : 009D;
    8750 : 0042;
    8751 : FFEA;
    8752 : FFD2;
    8753 : FFA7;
    8754 : FFCE;
    8755 : 004E;
    8756 : 00BC;
    8757 : 016A;
    8758 : 0209;
    8759 : 0276;
    8760 : 02C3;
    8761 : 024C;
    8762 : 017C;
    8763 : 0082;
    8764 : FF91;
    8765 : FEF9;
    8766 : FEBD;
    8767 : FF26;
    8768 : FF92;
    8769 : FFC8;
    8770 : FFB7;
    8771 : FF4F;
    8772 : FE3D;
    8773 : FD08;
    8774 : FB77;
    8775 : F9E7;
    8776 : F8E8;
    8777 : F7F9;
    8778 : F75B;
    8779 : F6E3;
    8780 : F6C4;
    8781 : F6C9;
    8782 : F6AE;
    8783 : F6EF;
    8784 : F730;
    8785 : F752;
    8786 : F797;
    8787 : F814;
    8788 : F8C7;
    8789 : F97C;
    8790 : FA6E;
    8791 : FB6D;
    8792 : FCCA;
    8793 : FE35;
    8794 : FFDA;
    8795 : 01E5;
    8796 : 0435;
    8797 : 061D;
    8798 : 078B;
    8799 : 089E;
    8800 : 08D3;
    8801 : 08F0;
    8802 : 0928;
    8803 : 0993;
    8804 : 0A43;
    8805 : 0B23;
    8806 : 0B97;
    8807 : 0BB9;
    8808 : 0B82;
    8809 : 0A81;
    8810 : 0919;
    8811 : 0758;
    8812 : 0583;
    8813 : 03DB;
    8814 : 0289;
    8815 : 0183;
    8816 : 00E1;
    8817 : 005B;
    8818 : FFCA;
    8819 : FF19;
    8820 : FE44;
    8821 : FD6A;
    8822 : FC65;
    8823 : FB5D;
    8824 : FAAD;
    8825 : FA76;
    8826 : FA96;
    8827 : FB3F;
    8828 : FC1E;
    8829 : FCF0;
    8830 : FDD3;
    8831 : FE70;
    8832 : FF08;
    8833 : FFDA;
    8834 : 00A7;
    8835 : 01AA;
    8836 : 0249;
    8837 : 0266;
    8838 : 027F;
    8839 : 02BC;
    8840 : 02EA;
    8841 : 0373;
    8842 : 03D8;
    8843 : 0429;
    8844 : 04A9;
    8845 : 04BF;
    8846 : 04B5;
    8847 : 0455;
    8848 : 03AE;
    8849 : 0278;
    8850 : 00BA;
    8851 : FF02;
    8852 : FD7A;
    8853 : FC90;
    8854 : FC46;
    8855 : FC5A;
    8856 : FC40;
    8857 : FC03;
    8858 : FB0F;
    8859 : F97D;
    8860 : F7D4;
    8861 : F6A8;
    8862 : F598;
    8863 : F4E4;
    8864 : F47F;
    8865 : F48A;
    8866 : F4FB;
    8867 : F550;
    8868 : F60F;
    8869 : F6B2;
    8870 : F76A;
    8871 : F7FF;
    8872 : F858;
    8873 : F8B2;
    8874 : F9A8;
    8875 : FA85;
    8876 : FB90;
    8877 : FCC1;
    8878 : FD91;
    8879 : FE67;
    8880 : FF2B;
    8881 : 0013;
    8882 : 0146;
    8883 : 0327;
    8884 : 0497;
    8885 : 05C7;
    8886 : 06A5;
    8887 : 06A2;
    8888 : 0681;
    8889 : 0688;
    8890 : 0684;
    8891 : 0691;
    8892 : 06AE;
    8893 : 0724;
    8894 : 081A;
    8895 : 08EA;
    8896 : 097D;
    8897 : 093E;
    8898 : 0816;
    8899 : 06A4;
    8900 : 04BD;
    8901 : 035E;
    8902 : 02D6;
    8903 : 0353;
    8904 : 03BE;
    8905 : 03C0;
    8906 : 0349;
    8907 : 0282;
    8908 : 019F;
    8909 : 006D;
    8910 : FF29;
    8911 : FDB1;
    8912 : FC25;
    8913 : FB3B;
    8914 : FAE7;
    8915 : FB39;
    8916 : FC79;
    8917 : FD75;
    8918 : FE06;
    8919 : FDEB;
    8920 : FD8C;
    8921 : FD7F;
    8922 : FDDD;
    8923 : FEAF;
    8924 : FF60;
    8925 : FFCF;
    8926 : FFAE;
    8927 : FFB3;
    8928 : 002B;
    8929 : 0131;
    8930 : 028E;
    8931 : 03D5;
    8932 : 0480;
    8933 : 047E;
    8934 : 0404;
    8935 : 0339;
    8936 : 0290;
    8937 : 01FC;
    8938 : 018F;
    8939 : 00D3;
    8940 : 004E;
    8941 : FF6A;
    8942 : FEEB;
    8943 : FF1C;
    8944 : FF39;
    8945 : FEE3;
    8946 : FDEE;
    8947 : FC39;
    8948 : FA0F;
    8949 : F7C3;
    8950 : F656;
    8951 : F5CA;
    8952 : F5F7;
    8953 : F632;
    8954 : F627;
    8955 : F5E2;
    8956 : F52D;
    8957 : F4B8;
    8958 : F4F8;
    8959 : F576;
    8960 : F5C4;
    8961 : F634;
    8962 : F689;
    8963 : F73E;
    8964 : F880;
    8965 : FA75;
    8966 : FBF5;
    8967 : FD55;
    8968 : FE34;
    8969 : FEE9;
    8970 : 008C;
    8971 : 0288;
    8972 : 0539;
    8973 : 0787;
    8974 : 08C3;
    8975 : 08E8;
    8976 : 08D7;
    8977 : 08B3;
    8978 : 08F1;
    8979 : 09C1;
    8980 : 0A9A;
    8981 : 0B4B;
    8982 : 0BD1;
    8983 : 0C28;
    8984 : 0C4D;
    8985 : 0C28;
    8986 : 0B08;
    8987 : 090D;
    8988 : 06AF;
    8989 : 0463;
    8990 : 02D1;
    8991 : 0270;
    8992 : 0273;
    8993 : 0267;
    8994 : 01F2;
    8995 : 00D2;
    8996 : FF78;
    8997 : FE65;
    8998 : FD6E;
    8999 : FC67;
    9000 : FB81;
    9001 : FAC9;
    9002 : FAA2;
    9003 : FAAF;
    9004 : FBA0;
    9005 : FD18;
    9006 : FE1F;
    9007 : FE65;
    9008 : FE5E;
    9009 : FE0D;
    9010 : FE0E;
    9011 : FF0D;
    9012 : 0000;
    9013 : 013A;
    9014 : 01C1;
    9015 : 018D;
    9016 : 016A;
    9017 : 016C;
    9018 : 0217;
    9019 : 030D;
    9020 : 0437;
    9021 : 04E8;
    9022 : 04ED;
    9023 : 0415;
    9024 : 0320;
    9025 : 0264;
    9026 : 01F7;
    9027 : 01D8;
    9028 : 014F;
    9029 : 008B;
    9030 : 0009;
    9031 : FFD0;
    9032 : FF9D;
    9033 : FFAE;
    9034 : FF0F;
    9035 : FDAB;
    9036 : FB7E;
    9037 : F89C;
    9038 : F674;
    9039 : F5A3;
    9040 : F5E1;
    9041 : F685;
    9042 : F69A;
    9043 : F60B;
    9044 : F524;
    9045 : F3DB;
    9046 : F371;
    9047 : F3E7;
    9048 : F469;
    9049 : F505;
    9050 : F516;
    9051 : F56B;
    9052 : F657;
    9053 : F799;
    9054 : F9C1;
    9055 : FBEB;
    9056 : FDE2;
    9057 : FF0A;
    9058 : 004D;
    9059 : 01F0;
    9060 : 046C;
    9061 : 075F;
    9062 : 096A;
    9063 : 0A6A;
    9064 : 0A59;
    9065 : 0A1A;
    9066 : 0A1A;
    9067 : 0AE3;
    9068 : 0C19;
    9069 : 0D86;
    9070 : 0E5B;
    9071 : 0E7F;
    9072 : 0DED;
    9073 : 0CDE;
    9074 : 0BB1;
    9075 : 09DC;
    9076 : 079A;
    9077 : 0519;
    9078 : 0284;
    9079 : 0086;
    9080 : FF71;
    9081 : FEC7;
    9082 : FE9B;
    9083 : FDFD;
    9084 : FCCE;
    9085 : FB5F;
    9086 : F9DE;
    9087 : F8B0;
    9088 : F812;
    9089 : F7E5;
    9090 : F7CD;
    9091 : F7CA;
    9092 : F83B;
    9093 : F905;
    9094 : F9F7;
    9095 : FB5F;
    9096 : FCC1;
    9097 : FE4D;
    9098 : FF59;
    9099 : 006F;
    9100 : 0174;
    9101 : 0249;
    9102 : 0330;
    9103 : 0382;
    9104 : 0379;
    9105 : 0355;
    9106 : 0390;
    9107 : 03E7;
    9108 : 04CD;
    9109 : 05AA;
    9110 : 0640;
    9111 : 05FA;
    9112 : 0509;
    9113 : 03B7;
    9114 : 0225;
    9115 : 0106;
    9116 : FFCE;
    9117 : FEFF;
    9118 : FE11;
    9119 : FCE4;
    9120 : FC37;
    9121 : FBAB;
    9122 : FB50;
    9123 : FAD6;
    9124 : F97C;
    9125 : F7AA;
    9126 : F5F0;
    9127 : F4BB;
    9128 : F466;
    9129 : F4C4;
    9130 : F51C;
    9131 : F516;
    9132 : F46F;
    9133 : F385;
    9134 : F358;
    9135 : F3A4;
    9136 : F4E1;
    9137 : F5F5;
    9138 : F6B0;
    9139 : F75D;
    9140 : F784;
    9141 : F852;
    9142 : F9BC;
    9143 : FB8E;
    9144 : FD24;
    9145 : FE59;
    9146 : FF2B;
    9147 : 002C;
    9148 : 01F8;
    9149 : 04A1;
    9150 : 0738;
    9151 : 0922;
    9152 : 0A38;
    9153 : 0A18;
    9154 : 09AD;
    9155 : 09D1;
    9156 : 0AA7;
    9157 : 0BC3;
    9158 : 0C6C;
    9159 : 0C63;
    9160 : 0C21;
    9161 : 0BC4;
    9162 : 0B76;
    9163 : 0AF5;
    9164 : 0A02;
    9165 : 0870;
    9166 : 060C;
    9167 : 0342;
    9168 : 00F7;
    9169 : FF94;
    9170 : FF13;
    9171 : FEE0;
    9172 : FE07;
    9173 : FCB1;
    9174 : FB28;
    9175 : F9F0;
    9176 : F954;
    9177 : F95F;
    9178 : F9B1;
    9179 : F9BF;
    9180 : F933;
    9181 : F87D;
    9182 : F853;
    9183 : F904;
    9184 : FAAF;
    9185 : FCDC;
    9186 : FEC5;
    9187 : 0047;
    9188 : 00DD;
    9189 : 010E;
    9190 : 018B;
    9191 : 022E;
    9192 : 02C3;
    9193 : 02D8;
    9194 : 02A3;
    9195 : 0220;
    9196 : 0232;
    9197 : 035C;
    9198 : 04A1;
    9199 : 05C6;
    9200 : 05E0;
    9201 : 04ED;
    9202 : 0354;
    9203 : 01B7;
    9204 : 0110;
    9205 : 00AC;
    9206 : 0058;
    9207 : FF92;
    9208 : FE1E;
    9209 : FCAE;
    9210 : FB3F;
    9211 : FAE6;
    9212 : FAD2;
    9213 : FA7B;
    9214 : F9B7;
    9215 : F813;
    9216 : F660;
    9217 : F55C;
    9218 : F501;
    9219 : F571;
    9220 : F596;
    9221 : F52A;
    9222 : F454;
    9223 : F38E;
    9224 : F351;
    9225 : F403;
    9226 : F56B;
    9227 : F6B7;
    9228 : F7F2;
    9229 : F867;
    9230 : F8CB;
    9231 : F9B4;
    9232 : FB4A;
    9233 : FD0E;
    9234 : FED6;
    9235 : 0033;
    9236 : 013E;
    9237 : 0267;
    9238 : 03E1;
    9239 : 05F4;
    9240 : 07EC;
    9241 : 09A9;
    9242 : 0A9F;
    9243 : 0AE4;
    9244 : 0B07;
    9245 : 0B81;
    9246 : 0C41;
    9247 : 0CEA;
    9248 : 0D1A;
    9249 : 0C65;
    9250 : 0B34;
    9251 : 0A37;
    9252 : 09BD;
    9253 : 09F0;
    9254 : 0A22;
    9255 : 0949;
    9256 : 07B7;
    9257 : 04FB;
    9258 : 0270;
    9259 : 005D;
    9260 : FF14;
    9261 : FE65;
    9262 : FDE8;
    9263 : FD73;
    9264 : FC64;
    9265 : FBAB;
    9266 : FB05;
    9267 : FAB5;
    9268 : FA6C;
    9269 : F9AE;
    9270 : F8A0;
    9271 : F7E4;
    9272 : F7F4;
    9273 : F8ED;
    9274 : FAB3;
    9275 : FC90;
    9276 : FDFE;
    9277 : FEB5;
    9278 : FEDA;
    9279 : FEF9;
    9280 : FFB7;
    9281 : 00A8;
    9282 : 01C0;
    9283 : 02B7;
    9284 : 02EE;
    9285 : 0300;
    9286 : 03CE;
    9287 : 047B;
    9288 : 05B2;
    9289 : 066D;
    9290 : 05C9;
    9291 : 04AA;
    9292 : 0393;
    9293 : 0294;
    9294 : 0241;
    9295 : 0248;
    9296 : 01B6;
    9297 : 00B5;
    9298 : FEDA;
    9299 : FD37;
    9300 : FC12;
    9301 : FB66;
    9302 : FB18;
    9303 : FAC9;
    9304 : FA24;
    9305 : F8F4;
    9306 : F771;
    9307 : F609;
    9308 : F524;
    9309 : F47A;
    9310 : F3E3;
    9311 : F352;
    9312 : F335;
    9313 : F381;
    9314 : F44F;
    9315 : F5B2;
    9316 : F68A;
    9317 : F735;
    9318 : F765;
    9319 : F74A;
    9320 : F7A2;
    9321 : F875;
    9322 : FA5B;
    9323 : FC84;
    9324 : FEBF;
    9325 : 008D;
    9326 : 01C8;
    9327 : 0311;
    9328 : 0485;
    9329 : 062E;
    9330 : 0843;
    9331 : 0A3B;
    9332 : 0B18;
    9333 : 0BA1;
    9334 : 0BDA;
    9335 : 0BFA;
    9336 : 0CAB;
    9337 : 0D32;
    9338 : 0D27;
    9339 : 0CE7;
    9340 : 0C9D;
    9341 : 0C49;
    9342 : 0C15;
    9343 : 0C0A;
    9344 : 0B85;
    9345 : 0A31;
    9346 : 0793;
    9347 : 0497;
    9348 : 0210;
    9349 : 004E;
    9350 : FF58;
    9351 : FEC7;
    9352 : FE19;
    9353 : FD6B;
    9354 : FC8B;
    9355 : FBD1;
    9356 : FAEC;
    9357 : FA43;
    9358 : F9BE;
    9359 : F8BB;
    9360 : F7F6;
    9361 : F7C6;
    9362 : F863;
    9363 : F9E4;
    9364 : FBCD;
    9365 : FD8F;
    9366 : FEA5;
    9367 : FED5;
    9368 : FEAB;
    9369 : FEE7;
    9370 : FFE8;
    9371 : 0172;
    9372 : 0306;
    9373 : 0437;
    9374 : 0469;
    9375 : 041F;
    9376 : 03E0;
    9377 : 0411;
    9378 : 0497;
    9379 : 04FD;
    9380 : 0559;
    9381 : 04E9;
    9382 : 044F;
    9383 : 03BA;
    9384 : 02DC;
    9385 : 022E;
    9386 : 016F;
    9387 : 000E;
    9388 : FE9C;
    9389 : FD33;
    9390 : FC6D;
    9391 : FC47;
    9392 : FC19;
    9393 : FBD0;
    9394 : FAA7;
    9395 : F8F0;
    9396 : F6CC;
    9397 : F50B;
    9398 : F43E;
    9399 : F43F;
    9400 : F498;
    9401 : F4C3;
    9402 : F46D;
    9403 : F412;
    9404 : F3E8;
    9405 : F480;
    9406 : F564;
    9407 : F61E;
    9408 : F6FE;
    9409 : F7A6;
    9410 : F839;
    9411 : F939;
    9412 : FB1F;
    9413 : FD52;
    9414 : FF87;
    9415 : 012C;
    9416 : 0266;
    9417 : 0360;
    9418 : 04C3;
    9419 : 0694;
    9420 : 08AB;
    9421 : 0B01;
    9422 : 0CA2;
    9423 : 0D75;
    9424 : 0D86;
    9425 : 0D68;
    9426 : 0D68;
    9427 : 0D86;
    9428 : 0DCB;
    9429 : 0DBF;
    9430 : 0D23;
    9431 : 0C8D;
    9432 : 0BE9;
    9433 : 0B41;
    9434 : 0ACB;
    9435 : 09A6;
    9436 : 07C0;
    9437 : 052E;
    9438 : 026A;
    9439 : FFC4;
    9440 : FDDF;
    9441 : FD10;
    9442 : FCC6;
    9443 : FC28;
    9444 : FB48;
    9445 : FA2A;
    9446 : F8DA;
    9447 : F869;
    9448 : F812;
    9449 : F820;
    9450 : F84F;
    9451 : F7C9;
    9452 : F795;
    9453 : F833;
    9454 : F93A;
    9455 : FB63;
    9456 : FDA5;
    9457 : FF4A;
    9458 : 0041;
    9459 : 008B;
    9460 : 00DD;
    9461 : 01C1;
    9462 : 034D;
    9463 : 0466;
    9464 : 0515;
    9465 : 04EA;
    9466 : 0476;
    9467 : 0454;
    9468 : 0497;
    9469 : 0519;
    9470 : 05A2;
    9471 : 05E1;
    9472 : 0525;
    9473 : 0421;
    9474 : 02C4;
    9475 : 01D9;
    9476 : 013D;
    9477 : 0079;
    9478 : FF63;
    9479 : FDCA;
    9480 : FBD8;
    9481 : FA7F;
    9482 : F9E3;
    9483 : F98D;
    9484 : F95E;
    9485 : F886;
    9486 : F6EE;
    9487 : F57A;
    9488 : F432;
    9489 : F3A3;
    9490 : F3B3;
    9491 : F45C;
    9492 : F477;
    9493 : F43A;
    9494 : F385;
    9495 : F2D0;
    9496 : F318;
    9497 : F458;
    9498 : F646;
    9499 : F7A0;
    9500 : F92C;
    9501 : FA31;
    9502 : FB34;
    9503 : FCB5;
    9504 : FE56;
    9505 : 0051;
    9506 : 0203;
    9507 : 034C;
    9508 : 0400;
    9509 : 050D;
    9510 : 06ED;
    9511 : 0933;
    9512 : 0BC5;
    9513 : 0D90;
    9514 : 0E58;
    9515 : 0E72;
    9516 : 0E1C;
    9517 : 0E03;
    9518 : 0E52;
    9519 : 0E89;
    9520 : 0E2C;
    9521 : 0D00;
    9522 : 0B5B;
    9523 : 09AC;
    9524 : 0871;
    9525 : 0821;
    9526 : 07DE;
    9527 : 06BE;
    9528 : 04B5;
    9529 : 01AB;
    9530 : FE98;
    9531 : FC73;
    9532 : FB0D;
    9533 : FA3E;
    9534 : F9D2;
    9535 : F8E3;
    9536 : F7CB;
    9537 : F732;
    9538 : F711;
    9539 : F802;
    9540 : F8CD;
    9541 : F8EB;
    9542 : F8C3;
    9543 : F806;
    9544 : F7E8;
    9545 : F881;
    9546 : FA80;
    9547 : FCD6;
    9548 : FEE3;
    9549 : 0016;
    9550 : 0067;
    9551 : 00F1;
    9552 : 0229;
    9553 : 040B;
    9554 : 05C0;
    9555 : 06C7;
    9556 : 06A5;
    9557 : 05F0;
    9558 : 04F8;
    9559 : 0490;
    9560 : 04F0;
    9561 : 05C0;
    9562 : 0618;
    9563 : 0582;
    9564 : 048B;
    9565 : 0321;
    9566 : 021F;
    9567 : 013E;
    9568 : 005B;
    9569 : FF06;
    9570 : FD0C;
    9571 : FADB;
    9572 : F8D6;
    9573 : F811;
    9574 : F83D;
    9575 : F8B4;
    9576 : F89D;
    9577 : F7AD;
    9578 : F5FF;
    9579 : F43F;
    9580 : F346;
    9581 : F342;
    9582 : F423;
    9583 : F52F;
    9584 : F5D4;
    9585 : F5B0;
    9586 : F559;
    9587 : F5A4;
    9588 : F707;
    9589 : F896;
    9590 : FA2D;
    9591 : FBF2;
    9592 : FCE1;
    9593 : FE03;
    9594 : FF9D;
    9595 : 017A;
    9596 : 03A2;
    9597 : 0514;
    9598 : 05EC;
    9599 : 0621;
    9600 : 066F;
    9601 : 0776;
    9602 : 09B4;
    9603 : 0CB2;
    9604 : 0EF6;
    9605 : 1014;
    9606 : 0F9C;
    9607 : 0E5B;
    9608 : 0D58;
    9609 : 0CBD;
    9610 : 0C65;
    9611 : 0C8F;
    9612 : 0C34;
    9613 : 0B56;
    9614 : 0A3B;
    9615 : 0917;
    9616 : 0883;
    9617 : 07D8;
    9618 : 06A4;
    9619 : 049C;
    9620 : 0207;
    9621 : FF1B;
    9622 : FCD2;
    9623 : FBBF;
    9624 : FBA2;
    9625 : FB60;
    9626 : FA7D;
    9627 : F937;
    9628 : F7D1;
    9629 : F713;
    9630 : F75C;
    9631 : F857;
    9632 : F99F;
    9633 : FA10;
    9634 : F9FF;
    9635 : F9D5;
    9636 : F9CE;
    9637 : FB28;
    9638 : FCF1;
    9639 : FEF9;
    9640 : 00EA;
    9641 : 0207;
    9642 : 02AC;
    9643 : 03BF;
    9644 : 0508;
    9645 : 0640;
    9646 : 0705;
    9647 : 06B8;
    9648 : 05D0;
    9649 : 04EB;
    9650 : 043F;
    9651 : 0480;
    9652 : 0531;
    9653 : 05A7;
    9654 : 054C;
    9655 : 042D;
    9656 : 02A8;
    9657 : 0136;
    9658 : 0016;
    9659 : FF64;
    9660 : FEB8;
    9661 : FDA0;
    9662 : FC52;
    9663 : FA84;
    9664 : F96B;
    9665 : F8FA;
    9666 : F8E2;
    9667 : F93C;
    9668 : F8F8;
    9669 : F815;
    9670 : F707;
    9671 : F65F;
    9672 : F63A;
    9673 : F68A;
    9674 : F721;
    9675 : F785;
    9676 : F7E8;
    9677 : F7E4;
    9678 : F7CE;
    9679 : F87B;
    9680 : F9E7;
    9681 : FB1C;
    9682 : FC8D;
    9683 : FDB7;
    9684 : FE39;
    9685 : FEEC;
    9686 : 0015;
    9687 : 01A0;
    9688 : 0361;
    9689 : 0508;
    9690 : 05C7;
    9691 : 06D6;
    9692 : 078C;
    9693 : 0895;
    9694 : 0A6D;
    9695 : 0BED;
    9696 : 0D4B;
    9697 : 0D58;
    9698 : 0CEC;
    9699 : 0C28;
    9700 : 0BB9;
    9701 : 0BDB;
    9702 : 0C11;
    9703 : 0C3C;
    9704 : 0B85;
    9705 : 0A8B;
    9706 : 092E;
    9707 : 07A6;
    9708 : 06A2;
    9709 : 056F;
    9710 : 044C;
    9711 : 02B5;
    9712 : 00E3;
    9713 : FF6F;
    9714 : FE43;
    9715 : FDD4;
    9716 : FD2C;
    9717 : FC55;
    9718 : FB71;
    9719 : FA27;
    9720 : F971;
    9721 : F94F;
    9722 : F9E0;
    9723 : FB1F;
    9724 : FC43;
    9725 : FCE2;
    9726 : FD01;
    9727 : FD02;
    9728 : FD20;
    9729 : FDBE;
    9730 : FEBA;
    9731 : 0008;
    9732 : 014A;
    9733 : 023A;
    9734 : 02FF;
    9735 : 036B;
    9736 : 0442;
    9737 : 04CA;
    9738 : 04C8;
    9739 : 047A;
    9740 : 044B;
    9741 : 03E3;
    9742 : 03C9;
    9743 : 041E;
    9744 : 042B;
    9745 : 0407;
    9746 : 036B;
    9747 : 023F;
    9748 : 0107;
    9749 : 0024;
    9750 : FF7E;
    9751 : FF6B;
    9752 : FF87;
    9753 : FF32;
    9754 : FEAF;
    9755 : FD99;
    9756 : FC4E;
    9757 : FB09;
    9758 : F9EB;
    9759 : F9BF;
    9760 : F9C5;
    9761 : F9FE;
    9762 : FA1E;
    9763 : F9F0;
    9764 : F9CE;
    9765 : F9C5;
    9766 : FA01;
    9767 : FA18;
    9768 : FA2F;
    9769 : F9EC;
    9770 : FA0F;
    9771 : FA87;
    9772 : FB3D;
    9773 : FC6C;
    9774 : FDC0;
    9775 : FF1E;
    9776 : FFEF;
    9777 : 0082;
    9778 : 014B;
    9779 : 022D;
    9780 : 0346;
    9781 : 04D2;
    9782 : 05E3;
    9783 : 06AA;
    9784 : 0711;
    9785 : 077C;
    9786 : 082C;
    9787 : 091E;
    9788 : 0A50;
    9789 : 0B2C;
    9790 : 0BAF;
    9791 : 0C13;
    9792 : 0C5A;
    9793 : 0C57;
    9794 : 0C38;
    9795 : 0BCC;
    9796 : 0B2E;
    9797 : 0A79;
    9798 : 0988;
    9799 : 0879;
    9800 : 079D;
    9801 : 0707;
    9802 : 0638;
    9803 : 053C;
    9804 : 03F9;
    9805 : 027F;
    9806 : 00CB;
    9807 : FF1D;
    9808 : FDAB;
    9809 : FC71;
    9810 : FBBB;
    9811 : FB15;
    9812 : FA88;
    9813 : FA2C;
    9814 : FA01;
    9815 : F9AB;
    9816 : FA0D;
    9817 : FA6C;
    9818 : FACF;
    9819 : FB24;
    9820 : FB43;
    9821 : FB9E;
    9822 : FC3B;
    9823 : FD44;
    9824 : FEB2;
    9825 : 0017;
    9826 : 014A;
    9827 : 022A;
    9828 : 02D9;
    9829 : 03F7;
    9830 : 04DB;
    9831 : 05B8;
    9832 : 0658;
    9833 : 0699;
    9834 : 0629;
    9835 : 05E8;
    9836 : 0588;
    9837 : 054A;
    9838 : 0566;
    9839 : 054B;
    9840 : 04E6;
    9841 : 040F;
    9842 : 0337;
    9843 : 0251;
    9844 : 01DE;
    9845 : 0111;
    9846 : FFB4;
    9847 : FE3C;
    9848 : FCC5;
    9849 : FB38;
    9850 : FA0C;
    9851 : F99E;
    9852 : F9C9;
    9853 : F9E3;
    9854 : F9DC;
    9855 : F967;
    9856 : F882;
    9857 : F7BA;
    9858 : F71E;
    9859 : F72E;
    9860 : F758;
    9861 : F7D7;
    9862 : F884;
    9863 : F8CE;
    9864 : F9F2;
    9865 : FB1C;
    9866 : FC35;
    9867 : FDE4;
    9868 : FF1E;
    9869 : 0026;
    9870 : 00B6;
    9871 : 0159;
    9872 : 023E;
    9873 : 03EC;
    9874 : 05F1;
    9875 : 075B;
    9876 : 085D;
    9877 : 08DE;
    9878 : 0984;
    9879 : 0A3A;
    9880 : 0B2B;
    9881 : 0C2E;
    9882 : 0C80;
    9883 : 0C77;
    9884 : 0C0D;
    9885 : 0B64;
    9886 : 0ACF;
    9887 : 0A81;
    9888 : 0A34;
    9889 : 0A01;
    9890 : 09B8;
    9891 : 08CC;
    9892 : 07ED;
    9893 : 06C7;
    9894 : 059A;
    9895 : 040C;
    9896 : 023F;
    9897 : 00D6;
    9898 : FF6E;
    9899 : FE6F;
    9900 : FDCB;
    9901 : FD16;
    9902 : FC61;
    9903 : FBBA;
    9904 : FAF8;
    9905 : FA51;
    9906 : F94B;
    9907 : F889;
    9908 : F7F9;
    9909 : F7EB;
    9910 : F8A7;
    9911 : F971;
    9912 : FA83;
    9913 : FB34;
    9914 : FBBF;
    9915 : FC0F;
    9916 : FCF7;
    9917 : FE0D;
    9918 : FF8B;
    9919 : 010D;
    9920 : 01F6;
    9921 : 02AA;
    9922 : 033D;
    9923 : 03E0;
    9924 : 04AB;
    9925 : 0556;
    9926 : 05AC;
    9927 : 05C5;
    9928 : 0562;
    9929 : 0547;
    9930 : 0548;
    9931 : 0573;
    9932 : 0523;
    9933 : 0445;
    9934 : 0321;
    9935 : 023D;
    9936 : 014B;
    9937 : 0112;
    9938 : 0091;
    9939 : FF82;
    9940 : FE7E;
    9941 : FCE8;
    9942 : FBDA;
    9943 : FAA7;
    9944 : F9F2;
    9945 : F93D;
    9946 : F8CC;
    9947 : F8B6;
    9948 : F825;
    9949 : F7EE;
    9950 : F7A0;
    9951 : F743;
    9952 : F6D1;
    9953 : F69A;
    9954 : F6AC;
    9955 : F79A;
    9956 : F8EC;
    9957 : FA0C;
    9958 : FB43;
    9959 : FC46;
    9960 : FD1F;
    9961 : FE18;
    9962 : FEFF;
    9963 : FF95;
    9964 : 005C;
    9965 : 0174;
    9966 : 0328;
    9967 : 0511;
    9968 : 0731;
    9969 : 08E0;
    9970 : 0981;
    9971 : 0985;
    9972 : 0913;
    9973 : 0956;
    9974 : 09EE;
    9975 : 0A90;
    9976 : 0B2E;
    9977 : 0B6A;
    9978 : 0B09;
    9979 : 0A67;
    9980 : 0A68;
    9981 : 0A1C;
    9982 : 09BA;
    9983 : 08F3;
    9984 : 075D;
    9985 : 05BC;
    9986 : 0443;
    9987 : 036D;
    9988 : 0294;
    9989 : 01A5;
    9990 : 00B6;
    9991 : FF3E;
    9992 : FDEE;
    9993 : FCF2;
    9994 : FC34;
    9995 : FB92;
    9996 : FA9B;
    9997 : F987;
    9998 : F86F;
    9999 : F7DE;
    10000 : F7B9;
    10001 : F7BA;
    10002 : F829;
    10003 : F906;
    10004 : F9B2;
    10005 : FA99;
    10006 : FB9D;
    10007 : FC1F;
    10008 : FC83;
    10009 : FCC0;
    10010 : FCE7;
    10011 : FD7B;
    10012 : FE82;
    10013 : FFB1;
    10014 : 012B;
    10015 : 025B;
    10016 : 0330;
    10017 : 03B3;
    10018 : 03F2;
    10019 : 0433;
    10020 : 0474;
    10021 : 043D;
    10022 : 03CF;
    10023 : 0350;
    10024 : 02E3;
    10025 : 02D2;
    10026 : 0291;
    10027 : 026E;
    10028 : 01F4;
    10029 : 012A;
    10030 : 0061;
    10031 : FF5D;
    10032 : FE99;
    10033 : FDBA;
    10034 : FCDE;
    10035 : FC02;
    10036 : FB1E;
    10037 : FA22;
    10038 : F967;
    10039 : F913;
    10040 : F8D6;
    10041 : F8DA;
    10042 : F8F9;
    10043 : F918;
    10044 : F8E5;
    10045 : F8A2;
    10046 : F816;
    10047 : F7C2;
    10048 : F7CC;
    10049 : F858;
    10050 : F96E;
    10051 : FA82;
    10052 : FB5B;
    10053 : FC0E;
    10054 : FCB3;
    10055 : FDAE;
    10056 : FEBD;
    10057 : FF8A;
    10058 : 0043;
    10059 : 0107;
    10060 : 01DC;
    10061 : 0327;
    10062 : 0492;
    10063 : 05EA;
    10064 : 0731;
    10065 : 07EA;
    10066 : 0802;
    10067 : 0810;
    10068 : 0870;
    10069 : 08B5;
    10070 : 08D4;
    10071 : 08A7;
    10072 : 0827;
    10073 : 07FB;
    10074 : 0807;
    10075 : 081E;
    10076 : 0895;
    10077 : 08C2;
    10078 : 07D8;
    10079 : 067E;
    10080 : 04F3;
    10081 : 037C;
    10082 : 0251;
    10083 : 0155;
    10084 : 005C;
    10085 : FF54;
    10086 : FE81;
    10087 : FDF0;
    10088 : FD64;
    10089 : FD1D;
    10090 : FC6D;
    10091 : FAE5;
    10092 : F992;
    10093 : F838;
    10094 : F753;
    10095 : F748;
    10096 : F79C;
    10097 : F846;
    10098 : F8ED;
    10099 : F93E;
    10100 : F9C8;
    10101 : FA42;
    10102 : FA5E;
    10103 : FA71;
    10104 : FAF9;
    10105 : FB95;
    10106 : FC44;
    10107 : FD59;
    10108 : FE8B;
    10109 : FF86;
    10110 : 000A;
    10111 : 0095;
    10112 : 0107;
    10113 : 0168;
    10114 : 01D4;
    10115 : 0225;
    10116 : 0221;
    10117 : 0266;
    10118 : 028B;
    10119 : 02A8;
    10120 : 025F;
    10121 : 01A7;
    10122 : 0112;
    10123 : 0042;
    10124 : FF9F;
    10125 : FF6D;
    10126 : FF69;
    10127 : FED8;
    10128 : FDFF;
    10129 : FD23;
    10130 : FC2A;
    10131 : FB08;
    10132 : FA49;
    10133 : F9C8;
    10134 : F95F;
    10135 : F953;
    10136 : F941;
    10137 : F8FA;
    10138 : F8CA;
    10139 : F89B;
    10140 : F82D;
    10141 : F7AF;
    10142 : F7D1;
    10143 : F886;
    10144 : F93D;
    10145 : FA5B;
    10146 : FB33;
    10147 : FBBD;
    10148 : FC61;
    10149 : FD2D;
    10150 : FDBD;
    10151 : FE83;
    10152 : FF6C;
    10153 : 000F;
    10154 : 0130;
    10155 : 02A8;
    10156 : 0405;
    10157 : 0590;
    10158 : 06A5;
    10159 : 070A;
    10160 : 071F;
    10161 : 06E3;
    10162 : 06B6;
    10163 : 06C4;
    10164 : 072A;
    10165 : 0771;
    10166 : 0756;
    10167 : 06E3;
    10168 : 0653;
    10169 : 0653;
    10170 : 064B;
    10171 : 0636;
    10172 : 0590;
    10173 : 0454;
    10174 : 0335;
    10175 : 01F6;
    10176 : 00EC;
    10177 : 0075;
    10178 : FFED;
    10179 : FF40;
    10180 : FE64;
    10181 : FD48;
    10182 : FCC6;
    10183 : FCD6;
    10184 : FCFB;
    10185 : FCF3;
    10186 : FC00;
    10187 : FABD;
    10188 : F94E;
    10189 : F865;
    10190 : F887;
    10191 : F908;
    10192 : F9B9;
    10193 : FA7D;
    10194 : FAEC;
    10195 : FB31;
    10196 : FBD8;
    10197 : FC28;
    10198 : FCDF;
    10199 : FD57;
    10200 : FCF5;
    10201 : FC57;
    10202 : FC55;
    10203 : FD33;
    10204 : FEE0;
    10205 : 00E6;
    10206 : 024D;
    10207 : 031A;
    10208 : 0329;
    10209 : 0292;
    10210 : 0225;
    10211 : 0233;
    10212 : 0264;
    10213 : 025C;
    10214 : 01E2;
    10215 : 0144;
    10216 : 00E3;
    10217 : 0102;
    10218 : 018D;
    10219 : 01EB;
    10220 : 01AB;
    10221 : 00C4;
    10222 : FF1B;
    10223 : FDBE;
    10224 : FCAA;
    10225 : FC75;
    10226 : FCD8;
    10227 : FD09;
    10228 : FCF1;
    10229 : FC23;
    10230 : FB83;
    10231 : FAF6;
    10232 : FAE3;
    10233 : FB23;
    10234 : FB6F;
    10235 : FB58;
    10236 : FB2B;
    10237 : FABE;
    10238 : FAAC;
    10239 : FB27;
    10240 : FBF6;
    10241 : FD13;
    10242 : FDB6;
    10243 : FDF3;
    10244 : FE0F;
    10245 : FE81;
    10246 : FF51;
    10247 : 0078;
    10248 : 01C3;
    10249 : 02A4;
    10250 : 02E6;
    10251 : 02B9;
    10252 : 02A0;
    10253 : 039A;
    10254 : 04DD;
    10255 : 05EA;
    10256 : 06A7;
    10257 : 067F;
    10258 : 05C5;
    10259 : 0553;
    10260 : 0589;
    10261 : 0644;
    10262 : 0703;
    10263 : 06FA;
    10264 : 0662;
    10265 : 0542;
    10266 : 0450;
    10267 : 040E;
    10268 : 040D;
    10269 : 0427;
    10270 : 0361;
    10271 : 01DD;
    10272 : 00B0;
    10273 : FFE5;
    10274 : FFEC;
    10275 : 0062;
    10276 : 0059;
    10277 : FF85;
    10278 : FE27;
    10279 : FCDB;
    10280 : FC1D;
    10281 : FC59;
    10282 : FD0E;
    10283 : FD59;
    10284 : FD06;
    10285 : FC3B;
    10286 : FBC2;
    10287 : FC15;
    10288 : FD36;
    10289 : FDC5;
    10290 : FDE0;
    10291 : FDC5;
    10292 : FD58;
    10293 : FD85;
    10294 : FE6B;
    10295 : FF9B;
    10296 : 007E;
    10297 : 00CB;
    10298 : 004E;
    10299 : 000D;
    10300 : 00AB;
    10301 : 01F2;
    10302 : 0361;
    10303 : 0401;
    10304 : 03B6;
    10305 : 02C4;
    10306 : 0201;
    10307 : 01BC;
    10308 : 01E5;
    10309 : 0263;
    10310 : 0266;
    10311 : 01CA;
    10312 : 013E;
    10313 : 00F8;
    10314 : 010C;
    10315 : 0109;
    10316 : 0081;
    10317 : FFA0;
    10318 : FE42;
    10319 : FD0F;
    10320 : FC92;
    10321 : FC87;
    10322 : FCE6;
    10323 : FD2E;
    10324 : FCE9;
    10325 : FC85;
    10326 : FC03;
    10327 : FC01;
    10328 : FBF5;
    10329 : FC65;
    10330 : FD0D;
    10331 : FCFF;
    10332 : FD5D;
    10333 : FD90;
    10334 : FDC1;
    10335 : FE2B;
    10336 : FEE7;
    10337 : FF9E;
    10338 : 00AF;
    10339 : 012B;
    10340 : 011E;
    10341 : 011C;
    10342 : 00F3;
    10343 : 0141;
    10344 : 0217;
    10345 : 02EC;
    10346 : 034B;
    10347 : 0365;
    10348 : 0352;
    10349 : 0348;
    10350 : 03B0;
    10351 : 0474;
    10352 : 0501;
    10353 : 04BC;
    10354 : 03D6;
    10355 : 02AF;
    10356 : 021C;
    10357 : 0281;
    10358 : 03DE;
    10359 : 04D5;
    10360 : 0500;
    10361 : 0404;
    10362 : 02AE;
    10363 : 01D9;
    10364 : 01D1;
    10365 : 02B9;
    10366 : 02EF;
    10367 : 02A3;
    10368 : 01B2;
    10369 : 0092;
    10370 : 006D;
    10371 : 0161;
    10372 : 0262;
    10373 : 02A9;
    10374 : 01BE;
    10375 : FFA7;
    10376 : FE25;
    10377 : FDFA;
    10378 : FEF7;
    10379 : 0078;
    10380 : 0143;
    10381 : 0054;
    10382 : FEB5;
    10383 : FCFC;
    10384 : FC7D;
    10385 : FD38;
    10386 : FE76;
    10387 : FEF8;
    10388 : FE5A;
    10389 : FDA4;
    10390 : FD74;
    10391 : FE46;
    10392 : FFC1;
    10393 : 00E0;
    10394 : 00DB;
    10395 : FFBD;
    10396 : FE6E;
    10397 : FE0B;
    10398 : FEED;
    10399 : 00A4;
    10400 : 01E2;
    10401 : 0252;
    10402 : 018E;
    10403 : 004A;
    10404 : FFCD;
    10405 : 0001;
    10406 : 0053;
    10407 : 0107;
    10408 : 012A;
    10409 : 00AC;
    10410 : FFE8;
    10411 : FF29;
    10412 : FEA6;
    10413 : FE87;
    10414 : FEA0;
    10415 : FDFF;
    10416 : FDA3;
    10417 : FD3D;
    10418 : FCDD;
    10419 : FD09;
    10420 : FD8A;
    10421 : FE1F;
    10422 : FE4A;
    10423 : FD90;
    10424 : FCB6;
    10425 : FBF9;
    10426 : FBB7;
    10427 : FCB8;
    10428 : FE48;
    10429 : FFD5;
    10430 : 0077;
    10431 : 0059;
    10432 : FF28;
    10433 : FE32;
    10434 : FE20;
    10435 : FE91;
    10436 : FFDE;
    10437 : 009D;
    10438 : 00EF;
    10439 : 0115;
    10440 : 0133;
    10441 : 01B0;
    10442 : 0255;
    10443 : 02CA;
    10444 : 0235;
    10445 : 0113;
    10446 : FFEE;
    10447 : FFAE;
    10448 : 0094;
    10449 : 021D;
    10450 : 038C;
    10451 : 03E5;
    10452 : 02B3;
    10453 : 0151;
    10454 : 0075;
    10455 : 00F6;
    10456 : 027A;
    10457 : 03D3;
    10458 : 048D;
    10459 : 03A9;
    10460 : 02A7;
    10461 : 0201;
    10462 : 0225;
    10463 : 0291;
    10464 : 031C;
    10465 : 02E0;
    10466 : 0257;
    10467 : 01EF;
    10468 : 01C0;
    10469 : 026C;
    10470 : 027A;
    10471 : 023B;
    10472 : 0104;
    10473 : FF25;
    10474 : FD7F;
    10475 : FCE9;
    10476 : FDC2;
    10477 : FEDA;
    10478 : FFE8;
    10479 : FFB9;
    10480 : FE9C;
    10481 : FD26;
    10482 : FBCF;
    10483 : FB7B;
    10484 : FBE1;
    10485 : FC72;
    10486 : FD07;
    10487 : FD8D;
    10488 : FDFB;
    10489 : FE4A;
    10490 : FE96;
    10491 : FEF2;
    10492 : FEB9;
    10493 : FE26;
    10494 : FD4F;
    10495 : FCD0;
    10496 : FD51;
    10497 : FE87;
    10498 : FFFB;
    10499 : 013A;
    10500 : 019C;
    10501 : 00DE;
    10502 : FFAB;
    10503 : FE82;
    10504 : FDFF;
    10505 : FE4B;
    10506 : FEFF;
    10507 : FFB9;
    10508 : FFF0;
    10509 : FF6B;
    10510 : FEA7;
    10511 : FE11;
    10512 : FDE3;
    10513 : FDDF;
    10514 : FDDC;
    10515 : FDCF;
    10516 : FD8F;
    10517 : FD96;
    10518 : FDE4;
    10519 : FE9D;
    10520 : FF77;
    10521 : FF84;
    10522 : FEDB;
    10523 : FDDC;
    10524 : FD47;
    10525 : FDA2;
    10526 : FEAF;
    10527 : 0016;
    10528 : 0128;
    10529 : 0128;
    10530 : 0061;
    10531 : FF80;
    10532 : FEBE;
    10533 : FE9A;
    10534 : FEFC;
    10535 : FF76;
    10536 : FF92;
    10537 : FF82;
    10538 : FF70;
    10539 : FFAE;
    10540 : FFF8;
    10541 : 0012;
    10542 : FFDA;
    10543 : FF0E;
    10544 : FE2C;
    10545 : FD95;
    10546 : FE66;
    10547 : FF97;
    10548 : 013D;
    10549 : 022B;
    10550 : 021A;
    10551 : 01B8;
    10552 : 0081;
    10553 : 002A;
    10554 : 0079;
    10555 : 012D;
    10556 : 021A;
    10557 : 024A;
    10558 : 0278;
    10559 : 0275;
    10560 : 02A9;
    10561 : 02D0;
    10562 : 02E0;
    10563 : 030B;
    10564 : 02B8;
    10565 : 0232;
    10566 : 021C;
    10567 : 0263;
    10568 : 02C4;
    10569 : 0302;
    10570 : 0263;
    10571 : 0160;
    10572 : 0022;
    10573 : FEFA;
    10574 : FE8F;
    10575 : FED6;
    10576 : FF84;
    10577 : 0044;
    10578 : 0074;
    10579 : 000C;
    10580 : FF35;
    10581 : FE18;
    10582 : FD4E;
    10583 : FCEB;
    10584 : FCEE;
    10585 : FCFE;
    10586 : FD38;
    10587 : FDCC;
    10588 : FE85;
    10589 : FF06;
    10590 : FF6C;
    10591 : FF35;
    10592 : FE51;
    10593 : FD7E;
    10594 : FCA2;
    10595 : FCC0;
    10596 : FD6B;
    10597 : FE8B;
    10598 : FFDA;
    10599 : 0095;
    10600 : 00AA;
    10601 : 0004;
    10602 : FF49;
    10603 : FED7;
    10604 : FEEF;
    10605 : FF28;
    10606 : FF4E;
    10607 : FF8A;
    10608 : FF81;
    10609 : FFC3;
    10610 : FFD8;
    10611 : FFF7;
    10612 : 003B;
    10613 : 0006;
    10614 : FFF3;
    10615 : FFF5;
    10616 : 0002;
    10617 : 009B;
    10618 : 0145;
    10619 : 0171;
    10620 : 012B;
    10621 : 00D2;
    10622 : 0052;
    10623 : FFFC;
    10624 : 0028;
    10625 : 00C4;
    10626 : 0164;
    10627 : 01D1;
    10628 : 01D6;
    10629 : 0139;
    10630 : 0082;
    10631 : FFD9;
    10632 : FF04;
    10633 : FE45;
    10634 : FDC3;
    10635 : FDAB;
    10636 : FDE2;
    10637 : FE63;
    10638 : FEC7;
    10639 : FF95;
    10640 : FFD8;
    10641 : FF8D;
    10642 : FEE3;
    10643 : FE4C;
    10644 : FE3A;
    10645 : FE5C;
    10646 : FF0F;
    10647 : FFE3;
    10648 : 00ED;
    10649 : 0147;
    10650 : 0181;
    10651 : 01BA;
    10652 : 01D5;
    10653 : 01F7;
    10654 : 01CB;
    10655 : 01CD;
    10656 : 0208;
    10657 : 0257;
    10658 : 02D1;
    10659 : 033D;
    10660 : 035C;
    10661 : 0349;
    10662 : 02FE;
    10663 : 02C1;
    10664 : 02EB;
    10665 : 034B;
    10666 : 035C;
    10667 : 036C;
    10668 : 0361;
    10669 : 02B9;
    10670 : 01FB;
    10671 : 015D;
    10672 : 00DE;
    10673 : 0057;
    10674 : FFE2;
    10675 : FFCC;
    10676 : FFC9;
    10677 : 0029;
    10678 : 009F;
    10679 : 0079;
    10680 : FFF9;
    10681 : FEDC;
    10682 : FD86;
    10683 : FCB9;
    10684 : FC6C;
    10685 : FCE8;
    10686 : FDC5;
    10687 : FE63;
    10688 : FF16;
    10689 : FF49;
    10690 : FF78;
    10691 : FF6E;
    10692 : FF14;
    10693 : FE7C;
    10694 : FE03;
    10695 : FDAA;
    10696 : FD55;
    10697 : FDF1;
    10698 : FEFA;
    10699 : 005F;
    10700 : 0141;
    10701 : 0144;
    10702 : 010C;
    10703 : 006F;
    10704 : 0001;
    10705 : 002A;
    10706 : 006F;
    10707 : 00E4;
    10708 : 013D;
    10709 : 0141;
    10710 : 0161;
    10711 : 015D;
    10712 : 0160;
    10713 : 019D;
    10714 : 0198;
    10715 : 0163;
    10716 : 0137;
    10717 : 012F;
    10718 : 010E;
    10719 : 0111;
    10720 : 0162;
    10721 : 0154;
    10722 : 00E7;
    10723 : 0040;
    10724 : FFB7;
    10725 : FF52;
    10726 : FF3C;
    10727 : FFC9;
    10728 : 0037;
    10729 : 0088;
    10730 : 0067;
    10731 : FFA9;
    10732 : FF1B;
    10733 : FE49;
    10734 : FE0C;
    10735 : FE2C;
    10736 : FE58;
    10737 : FEF1;
    10738 : FF15;
    10739 : FF28;
    10740 : FF4A;
    10741 : FFAE;
    10742 : 000B;
    10743 : 0041;
    10744 : FFF2;
    10745 : FFC2;
    10746 : FF21;
    10747 : FEDD;
    10748 : FF73;
    10749 : 0057;
    10750 : 01A2;
    10751 : 01E6;
    10752 : 01B0;
    10753 : 014E;
    10754 : 00CE;
    10755 : 00F8;
    10756 : 01CE;
    10757 : 02D5;
    10758 : 037E;
    10759 : 0356;
    10760 : 02A4;
    10761 : 023B;
    10762 : 0220;
    10763 : 02BC;
    10764 : 0373;
    10765 : 03FA;
    10766 : 0414;
    10767 : 03D8;
    10768 : 03A4;
    10769 : 03B6;
    10770 : 0426;
    10771 : 041D;
    10772 : 034A;
    10773 : 01E5;
    10774 : 0082;
    10775 : FFDD;
    10776 : 005A;
    10777 : 019B;
    10778 : 02B4;
    10779 : 033E;
    10780 : 029B;
    10781 : 00BE;
    10782 : FEE7;
    10783 : FD92;
    10784 : FCD3;
    10785 : FCB3;
    10786 : FCCE;
    10787 : FCCC;
    10788 : FD21;
    10789 : FDA1;
    10790 : FE39;
    10791 : FEB8;
    10792 : FEA4;
    10793 : FDF6;
    10794 : FCD2;
    10795 : FB9C;
    10796 : FB13;
    10797 : FBFE;
    10798 : FD6A;
    10799 : FF1E;
    10800 : 00AF;
    10801 : 0155;
    10802 : 017F;
    10803 : 0128;
    10804 : 00C9;
    10805 : 00B4;
    10806 : 00CD;
    10807 : 00E6;
    10808 : 0133;
    10809 : 013C;
    10810 : 0181;
    10811 : 01F3;
    10812 : 01F3;
    10813 : 0215;
    10814 : 01E1;
    10815 : 019B;
    10816 : 0154;
    10817 : 00E9;
    10818 : 008A;
    10819 : 008B;
    10820 : 0069;
    10821 : 00A1;
    10822 : 0059;
    10823 : FFC0;
    10824 : FF1C;
    10825 : FE87;
    10826 : FE7A;
    10827 : FEF4;
    10828 : FFA5;
    10829 : 0011;
    10830 : 0029;
    10831 : FF58;
    10832 : FE57;
    10833 : FD78;
    10834 : FD58;
    10835 : FDCD;
    10836 : FE3B;
    10837 : FE95;
    10838 : FED7;
    10839 : FF0B;
    10840 : FF47;
    10841 : FF9F;
    10842 : FF95;
    10843 : FFB1;
    10844 : FF5E;
    10845 : FE81;
    10846 : FE21;
    10847 : FE5B;
    10848 : FF4C;
    10849 : 0070;
    10850 : 0145;
    10851 : 014D;
    10852 : 006F;
    10853 : FF7B;
    10854 : FEC7;
    10855 : FEF0;
    10856 : FFBD;
    10857 : 00E2;
    10858 : 0198;
    10859 : 0225;
    10860 : 0236;
    10861 : 0236;
    10862 : 0266;
    10863 : 028A;
    10864 : 02A5;
    10865 : 027A;
    10866 : 025E;
    10867 : 0297;
    10868 : 034F;
    10869 : 0446;
    10870 : 053E;
    10871 : 055B;
    10872 : 04D8;
    10873 : 03EA;
    10874 : 027C;
    10875 : 014C;
    10876 : 0133;
    10877 : 01B0;
    10878 : 0250;
    10879 : 02F6;
    10880 : 02F3;
    10881 : 0265;
    10882 : 017D;
    10883 : 004D;
    10884 : FF53;
    10885 : FE5A;
    10886 : FDAE;
    10887 : FD65;
    10888 : FD6C;
    10889 : FDC5;
    10890 : FE0C;
    10891 : FE62;
    10892 : FE4D;
    10893 : FDD5;
    10894 : FD0C;
    10895 : FBFD;
    10896 : FB62;
    10897 : FB48;
    10898 : FBAA;
    10899 : FC97;
    10900 : FD34;
    10901 : FD8C;
    10902 : FDAF;
    10903 : FD49;
    10904 : FD36;
    10905 : FD64;
    10906 : FDF7;
    10907 : FEA1;
    10908 : FFB3;
    10909 : 001D;
    10910 : 0037;
    10911 : 0076;
    10912 : 002B;
    10913 : 000B;
    10914 : FFB7;
    10915 : FFA5;
    10916 : FFE4;
    10917 : 0036;
    10918 : 00D2;
    10919 : 0193;
    10920 : 0236;
    10921 : 0274;
    10922 : 0211;
    10923 : 0147;
    10924 : 0083;
    10925 : FFD2;
    10926 : FFE3;
    10927 : 006D;
    10928 : 013E;
    10929 : 024F;
    10930 : 028C;
    10931 : 023A;
    10932 : 01B4;
    10933 : 00B6;
    10934 : FFA2;
    10935 : FEE0;
    10936 : FE3E;
    10937 : FE16;
    10938 : FE23;
    10939 : FE74;
    10940 : FEEC;
    10941 : FF2C;
    10942 : FF31;
    10943 : FE78;
    10944 : FDDB;
    10945 : FD25;
    10946 : FCD7;
    10947 : FD1F;
    10948 : FDE0;
    10949 : FED0;
    10950 : FF81;
    10951 : 000E;
    10952 : FFEA;
    10953 : FF9A;
    10954 : FF86;
    10955 : FF85;
    10956 : FFC6;
    10957 : 005D;
    10958 : 012D;
    10959 : 01CE;
    10960 : 029B;
    10961 : 0310;
    10962 : 0346;
    10963 : 0386;
    10964 : 0326;
    10965 : 0314;
    10966 : 0349;
    10967 : 03CB;
    10968 : 049E;
    10969 : 057E;
    10970 : 0638;
    10971 : 0688;
    10972 : 0629;
    10973 : 0549;
    10974 : 0480;
    10975 : 03C9;
    10976 : 0399;
    10977 : 033B;
    10978 : 0358;
    10979 : 0379;
    10980 : 0378;
    10981 : 0314;
    10982 : 0277;
    10983 : 01E0;
    10984 : 00F3;
    10985 : FFFC;
    10986 : FF51;
    10987 : FF01;
    10988 : FF03;
    10989 : FF0D;
    10990 : FEF4;
    10991 : FEC3;
    10992 : FE19;
    10993 : FD1C;
    10994 : FC34;
    10995 : FBAC;
    10996 : FBA6;
    10997 : FBA7;
    10998 : FBE0;
    10999 : FC72;
    11000 : FC7D;
    11001 : FCEB;
    11002 : FC9E;
    11003 : FC25;
    11004 : FBC6;
    11005 : FB96;
    11006 : FBE3;
    11007 : FCAD;
    11008 : FDDF;
    11009 : FF15;
    11010 : 000F;
    11011 : 0010;
    11012 : FFE0;
    11013 : FF58;
    11014 : FEDB;
    11015 : FEF2;
    11016 : FF5B;
    11017 : 0006;
    11018 : 00C1;
    11019 : 0179;
    11020 : 021C;
    11021 : 02A5;
    11022 : 02E6;
    11023 : 02E0;
    11024 : 0216;
    11025 : 017C;
    11026 : 0140;
    11027 : 0132;
    11028 : 0209;
    11029 : 0302;
    11030 : 03C6;
    11031 : 040F;
    11032 : 038F;
    11033 : 0278;
    11034 : 01BE;
    11035 : 014A;
    11036 : 00F9;
    11037 : 00F8;
    11038 : 00A2;
    11039 : 0035;
    11040 : FFBB;
    11041 : FF46;
    11042 : FEA9;
    11043 : FE5F;
    11044 : FDF2;
    11045 : FD41;
    11046 : FCAC;
    11047 : FC7D;
    11048 : FCD1;
    11049 : FD6C;
    11050 : FE07;
    11051 : FEA9;
    11052 : FEBD;
    11053 : FDE5;
    11054 : FD3A;
    11055 : FCE4;
    11056 : FD54;
    11057 : FE66;
    11058 : FF84;
    11059 : 0089;
    11060 : 0139;
    11061 : 0167;
    11062 : 0194;
    11063 : 01B6;
    11064 : 0201;
    11065 : 0295;
    11066 : 034F;
    11067 : 03E6;
    11068 : 0468;
    11069 : 0545;
    11070 : 0601;
    11071 : 06C1;
    11072 : 0761;
    11073 : 071F;
    11074 : 06E2;
    11075 : 062A;
    11076 : 0587;
    11077 : 055E;
    11078 : 0565;
    11079 : 05D4;
    11080 : 05B6;
    11081 : 051B;
    11082 : 03E3;
    11083 : 02B8;
    11084 : 0184;
    11085 : 00A7;
    11086 : 00BF;
    11087 : 0094;
    11088 : 006C;
    11089 : FFD5;
    11090 : FEB9;
    11091 : FDE9;
    11092 : FD27;
    11093 : FC6E;
    11094 : FBFB;
    11095 : FB86;
    11096 : FAC3;
    11097 : FA6C;
    11098 : FA32;
    11099 : FA60;
    11100 : FACB;
    11101 : FAF4;
    11102 : FAB4;
    11103 : FA2E;
    11104 : F989;
    11105 : F8D6;
    11106 : F944;
    11107 : FA57;
    11108 : FBAB;
    11109 : FD2C;
    11110 : FE17;
    11111 : FE92;
    11112 : FEF4;
    11113 : FF5D;
    11114 : FFCB;
    11115 : FFEF;
    11116 : 008E;
    11117 : 00F0;
    11118 : 014E;
    11119 : 020E;
    11120 : 028F;
    11121 : 0326;
    11122 : 0383;
    11123 : 03BB;
    11124 : 03A7;
    11125 : 0384;
    11126 : 036D;
    11127 : 0340;
    11128 : 0397;
    11129 : 03E7;
    11130 : 043E;
    11131 : 04A8;
    11132 : 0493;
    11133 : 0435;
    11134 : 03BF;
    11135 : 034F;
    11136 : 02E0;
    11137 : 0281;
    11138 : 0263;
    11139 : 0229;
    11140 : 01BF;
    11141 : 00EF;
    11142 : FFE4;
    11143 : FF1C;
    11144 : FE88;
    11145 : FE17;
    11146 : FDEB;
    11147 : FDDC;
    11148 : FD86;
    11149 : FD1E;
    11150 : FD15;
    11151 : FD2A;
    11152 : FD65;
    11153 : FD9E;
    11154 : FD75;
    11155 : FD5E;
    11156 : FD2C;
    11157 : FCF1;
    11158 : FD72;
    11159 : FE56;
    11160 : FF75;
    11161 : 0028;
    11162 : 0069;
    11163 : 006E;
    11164 : 007C;
    11165 : 013E;
    11166 : 0209;
    11167 : 02DC;
    11168 : 03D1;
    11169 : 048C;
    11170 : 04E6;
    11171 : 0569;
    11172 : 05F2;
    11173 : 06DB;
    11174 : 079D;
    11175 : 0807;
    11176 : 0805;
    11177 : 07AA;
    11178 : 0736;
    11179 : 06F3;
    11180 : 0701;
    11181 : 06E6;
    11182 : 06C9;
    11183 : 060A;
    11184 : 04B1;
    11185 : 033B;
    11186 : 025D;
    11187 : 0182;
    11188 : 010C;
    11189 : 00A3;
    11190 : FFEA;
    11191 : FF22;
    11192 : FDFB;
    11193 : FCFD;
    11194 : FCAB;
    11195 : FC72;
    11196 : FC35;
    11197 : FBDC;
    11198 : FAD4;
    11199 : F9E2;
    11200 : F953;
    11201 : F916;
    11202 : F980;
    11203 : F9B8;
    11204 : F9C1;
    11205 : F95E;
    11206 : F8F4;
    11207 : F908;
    11208 : F999;
    11209 : FAA1;
    11210 : FBC5;
    11211 : FCB5;
    11212 : FD07;
    11213 : FD41;
    11214 : FD56;
    11215 : FE30;
    11216 : FFBA;
    11217 : 010B;
    11218 : 01EF;
    11219 : 022D;
    11220 : 0234;
    11221 : 0283;
    11222 : 02DE;
    11223 : 037B;
    11224 : 0455;
    11225 : 043D;
    11226 : 03BC;
    11227 : 0352;
    11228 : 0316;
    11229 : 034E;
    11230 : 03E7;
    11231 : 044E;
    11232 : 041B;
    11233 : 03AC;
    11234 : 02CA;
    11235 : 0230;
    11236 : 01DF;
    11237 : 0214;
    11238 : 0243;
    11239 : 01CD;
    11240 : 0102;
    11241 : 0046;
    11242 : FF8C;
    11243 : FF01;
    11244 : FF36;
    11245 : FF26;
    11246 : FEDC;
    11247 : FE62;
    11248 : FDC9;
    11249 : FD56;
    11250 : FD12;
    11251 : FD5D;
    11252 : FD85;
    11253 : FD7A;
    11254 : FD66;
    11255 : FD8B;
    11256 : FDC2;
    11257 : FE35;
    11258 : FF29;
    11259 : FFBB;
    11260 : 005F;
    11261 : 0065;
    11262 : FFB8;
    11263 : FFA9;
    11264 : FFC6;
    11265 : 002C;
    11266 : 00C1;
    11267 : 0187;
    11268 : 0227;
    11269 : 027A;
    11270 : 02DA;
    11271 : 02E5;
    11272 : 033E;
    11273 : 0397;
    11274 : 03EE;
    11275 : 0416;
    11276 : 0416;
    11277 : 042D;
    11278 : 0492;
    11279 : 0538;
    11280 : 05CF;
    11281 : 0615;
    11282 : 05D5;
    11283 : 0548;
    11284 : 044C;
    11285 : 03CB;
    11286 : 0370;
    11287 : 0342;
    11288 : 0315;
    11289 : 0296;
    11290 : 01F7;
    11291 : 011D;
    11292 : 0062;
    11293 : FFB8;
    11294 : FF45;
    11295 : FEC0;
    11296 : FE0D;
    11297 : FD5D;
    11298 : FD19;
    11299 : FCF7;
    11300 : FD07;
    11301 : FD3C;
    11302 : FCE7;
    11303 : FC4F;
    11304 : FB60;
    11305 : FA95;
    11306 : FA42;
    11307 : FA4C;
    11308 : FAA3;
    11309 : FB04;
    11310 : FB2D;
    11311 : FB55;
    11312 : FB5D;
    11313 : FB81;
    11314 : FC20;
    11315 : FC9B;
    11316 : FD62;
    11317 : FDCB;
    11318 : FE2D;
    11319 : FF12;
    11320 : FFF0;
    11321 : 0119;
    11322 : 020E;
    11323 : 026E;
    11324 : 02AA;
    11325 : 02A5;
    11326 : 02A3;
    11327 : 0343;
    11328 : 03CA;
    11329 : 0437;
    11330 : 0404;
    11331 : 03C3;
    11332 : 0358;
    11333 : 030A;
    11334 : 0341;
    11335 : 0372;
    11336 : 0391;
    11337 : 03B4;
    11338 : 036F;
    11339 : 0307;
    11340 : 02F8;
    11341 : 02AF;
    11342 : 0282;
    11343 : 01F6;
    11344 : 0101;
    11345 : FFED;
    11346 : FF74;
    11347 : FF5D;
    11348 : FF89;
    11349 : 0005;
    11350 : 000B;
    11351 : FF9D;
    11352 : FEBE;
    11353 : FE01;
    11354 : FD5D;
    11355 : FD55;
    11356 : FD61;
    11357 : FD6B;
    11358 : FDB1;
    11359 : FE0D;
    11360 : FE94;
    11361 : FF37;
    11362 : 000C;
    11363 : 0092;
    11364 : 00C6;
    11365 : 007D;
    11366 : 0015;
    11367 : 0039;
    11368 : 00C6;
    11369 : 0159;
    11370 : 01E8;
    11371 : 024F;
    11372 : 0266;
    11373 : 0270;
    11374 : 0272;
    11375 : 02C4;
    11376 : 0324;
    11377 : 037A;
    11378 : 037B;
    11379 : 030B;
    11380 : 02E7;
    11381 : 02CE;
    11382 : 02C0;
    11383 : 030B;
    11384 : 038D;
    11385 : 03CA;
    11386 : 037D;
    11387 : 0330;
    11388 : 02CD;
    11389 : 0253;
    11390 : 01E6;
    11391 : 0159;
    11392 : 00D8;
    11393 : 0028;
    11394 : FF83;
    11395 : FF44;
    11396 : FF65;
    11397 : FFE1;
    11398 : FFE5;
    11399 : FFB0;
    11400 : FF61;
    11401 : FE5E;
    11402 : FD92;
    11403 : FD0C;
    11404 : FD03;
    11405 : FD5B;
    11406 : FD8E;
    11407 : FD8B;
    11408 : FDA9;
    11409 : FD96;
    11410 : FD64;
    11411 : FD46;
    11412 : FD12;
    11413 : FC9B;
    11414 : FBE4;
    11415 : FB71;
    11416 : FB12;
    11417 : FB8B;
    11418 : FC51;
    11419 : FD22;
    11420 : FDD9;
    11421 : FE1F;
    11422 : FDFE;
    11423 : FE14;
    11424 : FE35;
    11425 : FEC5;
    11426 : FFD1;
    11427 : 0070;
    11428 : 00C9;
    11429 : 00FC;
    11430 : 013E;
    11431 : 01B5;
    11432 : 0288;
    11433 : 033A;
    11434 : 0390;
    11435 : 03A6;
    11436 : 0329;
    11437 : 025E;
    11438 : 0242;
    11439 : 02A6;
    11440 : 02E0;
    11441 : 02E8;
    11442 : 02AD;
    11443 : 0229;
    11444 : 01E3;
    11445 : 022A;
    11446 : 02B4;
    11447 : 0317;
    11448 : 02DB;
    11449 : 01E4;
    11450 : 005F;
    11451 : FF1F;
    11452 : FE88;
    11453 : FE81;
    11454 : FEA7;
    11455 : FECB;
    11456 : FEBB;
    11457 : FE60;
    11458 : FDDF;
    11459 : FDD1;
    11460 : FDB3;
    11461 : FD69;
    11462 : FD01;
    11463 : FC58;
    11464 : FBD9;
    11465 : FBCF;
    11466 : FCC1;
    11467 : FDE5;
    11468 : FEEE;
    11469 : FF9C;
    11470 : FF59;
    11471 : FEBD;
    11472 : FE7D;
    11473 : FE65;
    11474 : FE9D;
    11475 : FF18;
    11476 : FFBB;
    11477 : FFDE;
    11478 : 001D;
    11479 : 0094;
    11480 : 012F;
    11481 : 01E8;
    11482 : 0205;
    11483 : 01D0;
    11484 : 0169;
    11485 : 0115;
    11486 : 011A;
    11487 : 0139;
    11488 : 01AE;
    11489 : 0271;
    11490 : 02C6;
    11491 : 02FC;
    11492 : 031A;
    11493 : 02E6;
    11494 : 02C7;
    11495 : 02A6;
    11496 : 024B;
    11497 : 0203;
    11498 : 01BF;
    11499 : 015D;
    11500 : 010D;
    11501 : 00BC;
    11502 : 0094;
    11503 : 00B3;
    11504 : 008E;
    11505 : 0032;
    11506 : FF8A;
    11507 : FEBE;
    11508 : FDEE;
    11509 : FD75;
    11510 : FD21;
    11511 : FD43;
    11512 : FD7F;
    11513 : FD76;
    11514 : FD76;
    11515 : FD6A;
    11516 : FD47;
    11517 : FD43;
    11518 : FD1E;
    11519 : FCB0;
    11520 : FC10;
    11521 : FBA7;
    11522 : FB81;
    11523 : FBC3;
    11524 : FCDC;
    11525 : FE1B;
    11526 : FEF1;
    11527 : FF94;
    11528 : FF97;
    11529 : FF88;
    11530 : FFB3;
    11531 : FFE8;
    11532 : 0032;
    11533 : 0078;
    11534 : 00C8;
    11535 : 010E;
    11536 : 0158;
    11537 : 0228;
    11538 : 0313;
    11539 : 0390;
    11540 : 03A9;
    11541 : 0363;
    11542 : 02BC;
    11543 : 0230;
    11544 : 01FF;
    11545 : 01E7;
    11546 : 023B;
    11547 : 0253;
    11548 : 0243;
    11549 : 0217;
    11550 : 0204;
    11551 : 0215;
    11552 : 0211;
    11553 : 023D;
    11554 : 020A;
    11555 : 0183;
    11556 : 00D4;
    11557 : 00CB;
    11558 : 006A;
    11559 : 0032;
    11560 : 0031;
    11561 : FFE7;
    11562 : FFB3;
    11563 : FF75;
    11564 : FF34;
    11565 : FEE4;
    11566 : FEBD;
    11567 : FE64;
    11568 : FDE3;
    11569 : FDB0;
    11570 : FD78;
    11571 : FD4A;
    11572 : FD9C;
    11573 : FDCF;
    11574 : FE2D;
    11575 : FEA7;
    11576 : FEA0;
    11577 : FE98;
    11578 : FEA5;
    11579 : FE83;
    11580 : FE94;
    11581 : FEEB;
    11582 : FF06;
    11583 : FF4D;
    11584 : FFC3;
    11585 : 005C;
    11586 : 00C4;
    11587 : 0124;
    11588 : 016C;
    11589 : 0182;
    11590 : 0183;
    11591 : 0194;
    11592 : 01AB;
    11593 : 021E;
    11594 : 027B;
    11595 : 02EE;
    11596 : 0364;
    11597 : 03BD;
    11598 : 03FF;
    11599 : 0436;
    11600 : 0428;
    11601 : 03F9;
    11602 : 03CB;
    11603 : 035B;
    11604 : 0314;
    11605 : 02E5;
    11606 : 02DF;
    11607 : 02A4;
    11608 : 025F;
    11609 : 01E7;
    11610 : 015B;
    11611 : 0127;
    11612 : 00AB;
    11613 : 002C;
    11614 : FFB8;
    11615 : FF40;
    11616 : FEA8;
    11617 : FE21;
    11618 : FE25;
    11619 : FE09;
    11620 : FE46;
    11621 : FE55;
    11622 : FDF4;
    11623 : FDA6;
    11624 : FD4F;
    11625 : FCD9;
    11626 : FC7D;
    11627 : FC5F;
    11628 : FC78;
    11629 : FC80;
    11630 : FCAC;
    11631 : FD17;
    11632 : FDBE;
    11633 : FE69;
    11634 : FEDC;
    11635 : FF6B;
    11636 : FF75;
    11637 : FF63;
    11638 : FF24;
    11639 : FEEF;
    11640 : FF3C;
    11641 : FFE7;
    11642 : 00DE;
    11643 : 01D6;
    11644 : 0285;
    11645 : 02B8;
    11646 : 02C7;
    11647 : 0305;
    11648 : 02EC;
    11649 : 0284;
    11650 : 0241;
    11651 : 01D4;
    11652 : 0185;
    11653 : 01A5;
    11654 : 01C5;
    11655 : 01CC;
    11656 : 021B;
    11657 : 021A;
    11658 : 01C1;
    11659 : 011D;
    11660 : 0078;
    11661 : FFEF;
    11662 : FF8F;
    11663 : FF63;
    11664 : FF4B;
    11665 : FF2E;
    11666 : FEE0;
    11667 : FE8E;
    11668 : FE31;
    11669 : FE47;
    11670 : FE37;
    11671 : FE13;
    11672 : FDF0;
    11673 : FD8A;
    11674 : FD5A;
    11675 : FD5E;
    11676 : FD3F;
    11677 : FD79;
    11678 : FDBA;
    11679 : FDFB;
    11680 : FDFD;
    11681 : FE1D;
    11682 : FE76;
    11683 : FEB8;
    11684 : FF12;
    11685 : FF59;
    11686 : FF88;
    11687 : FF88;
    11688 : FF6D;
    11689 : FF9E;
    11690 : FFCD;
    11691 : 0055;
    11692 : 00D8;
    11693 : 0160;
    11694 : 019C;
    11695 : 0178;
    11696 : 0176;
    11697 : 0174;
    11698 : 0195;
    11699 : 01BD;
    11700 : 01D1;
    11701 : 01EF;
    11702 : 021B;
    11703 : 0250;
    11704 : 02A9;
    11705 : 0308;
    11706 : 02EB;
    11707 : 02A9;
    11708 : 0251;
    11709 : 01F1;
    11710 : 01A7;
    11711 : 018C;
    11712 : 01B8;
    11713 : 01F3;
    11714 : 021C;
    11715 : 0222;
    11716 : 01C2;
    11717 : 010F;
    11718 : 0079;
    11719 : 0019;
    11720 : FFC0;
    11721 : FF68;
    11722 : FF2D;
    11723 : FF0B;
    11724 : FF0C;
    11725 : FEF0;
    11726 : FEBC;
    11727 : FEC0;
    11728 : FE90;
    11729 : FE33;
    11730 : FDD0;
    11731 : FD63;
    11732 : FCF6;
    11733 : FCD5;
    11734 : FCB1;
    11735 : FC6B;
    11736 : FC6B;
    11737 : FCAB;
    11738 : FC5B;
    11739 : FC56;
    11740 : FC93;
    11741 : FCF3;
    11742 : FD5A;
    11743 : FDB0;
    11744 : FDFB;
    11745 : FE43;
    11746 : FE8F;
    11747 : FE9B;
    11748 : FEFA;
    11749 : FF5C;
    11750 : 002B;
    11751 : 00C9;
    11752 : 0132;
    11753 : 01A0;
    11754 : 01EA;
    11755 : 0233;
    11756 : 026E;
    11757 : 026A;
    11758 : 020A;
    11759 : 01F5;
    11760 : 0214;
    11761 : 0210;
    11762 : 0250;
    11763 : 02A7;
    11764 : 02A1;
    11765 : 0278;
    11766 : 01F6;
    11767 : 0157;
    11768 : 00E8;
    11769 : 0047;
    11770 : FFC3;
    11771 : FFB3;
    11772 : FFA3;
    11773 : FFAE;
    11774 : FF92;
    11775 : FF6A;
    11776 : FEF2;
    11777 : FE6F;
    11778 : FE02;
    11779 : FDC4;
    11780 : FD95;
    11781 : FD8A;
    11782 : FDB5;
    11783 : FDC3;
    11784 : FE06;
    11785 : FE4B;
    11786 : FE7F;
    11787 : FE58;
    11788 : FE5F;
    11789 : FE54;
    11790 : FE20;
    11791 : FE3E;
    11792 : FEC0;
    11793 : FF9A;
    11794 : 0047;
    11795 : 00B5;
    11796 : 00F3;
    11797 : 00B8;
    11798 : 0099;
    11799 : 00BD;
    11800 : 00E2;
    11801 : 0115;
    11802 : 0148;
    11803 : 0154;
    11804 : 01B7;
    11805 : 01EA;
    11806 : 0208;
    11807 : 028D;
    11808 : 0279;
    11809 : 0246;
    11810 : 0207;
    11811 : 01BC;
    11812 : 0166;
    11813 : 01D3;
    11814 : 020C;
    11815 : 01F4;
    11816 : 01A6;
    11817 : 010F;
    11818 : 00DE;
    11819 : 00ED;
    11820 : 00CA;
    11821 : 00E0;
    11822 : 00E2;
    11823 : 004A;
    11824 : 0006;
    11825 : FF8A;
    11826 : FEE1;
    11827 : FEA3;
    11828 : FE67;
    11829 : FDD6;
    11830 : FDBA;
    11831 : FDC3;
    11832 : FDD3;
    11833 : FE11;
    11834 : FE6E;
    11835 : FE6A;
    11836 : FE0B;
    11837 : FD92;
    11838 : FCD7;
    11839 : FCBA;
    11840 : FCED;
    11841 : FD34;
    11842 : FDA8;
    11843 : FDE5;
    11844 : FE3E;
    11845 : FE68;
    11846 : FE43;
    11847 : FE5B;
    11848 : FE3B;
    11849 : FE34;
    11850 : FE45;
    11851 : FE60;
    11852 : FEEC;
    11853 : FF8C;
    11854 : 0004;
    11855 : 0088;
    11856 : 00BE;
    11857 : 00AA;
    11858 : 005E;
    11859 : 000A;
    11860 : 000C;
    11861 : 0046;
    11862 : 00C4;
    11863 : 0122;
    11864 : 01CA;
    11865 : 01FC;
    11866 : 01BF;
    11867 : 01CD;
    11868 : 01A2;
    11869 : 015C;
    11870 : 0130;
    11871 : 00F9;
    11872 : 00C3;
    11873 : 0109;
    11874 : 00ED;
    11875 : 00F7;
    11876 : 0137;
    11877 : 0101;
    11878 : 0083;
    11879 : 0050;
    11880 : FFD7;
    11881 : FF86;
    11882 : FF76;
    11883 : FF48;
    11884 : FF90;
    11885 : FF76;
    11886 : FF33;
    11887 : FF02;
    11888 : FECE;
    11889 : FEF2;
    11890 : FF04;
    11891 : FF04;
    11892 : FF57;
    11893 : FF3D;
    11894 : FF0A;
    11895 : FEF6;
    11896 : FEE8;
    11897 : FF09;
    11898 : FF29;
    11899 : FF37;
    11900 : FF12;
    11901 : FF63;
    11902 : FF87;
    11903 : FFD0;
    11904 : 0043;
    11905 : 00A3;
    11906 : 00CC;
    11907 : 007B;
    11908 : FFD1;
    11909 : FF68;
    11910 : FF83;
    11911 : FFD0;
    11912 : 0050;
    11913 : 00C1;
    11914 : 00C1;
    11915 : 0093;
    11916 : 00A6;
    11917 : 0072;
    11918 : 0068;
    11919 : 00A9;
    11920 : 006A;
    11921 : 0031;
    11922 : 001B;
    11923 : FFF5;
    11924 : 0057;
    11925 : 008C;
    11926 : 00E6;
    11927 : 00FE;
    11928 : 008A;
    11929 : FFF3;
    11930 : FFB4;
    11931 : FFDE;
    11932 : 0034;
    11933 : 00A6;
    11934 : 00A8;
    11935 : 004F;
    11936 : FFD5;
    11937 : FF59;
    11938 : FF6C;
    11939 : FFCB;
    11940 : FFF6;
    11941 : 000C;
    11942 : FFC2;
    11943 : FF8C;
    11944 : FFBC;
    11945 : 0022;
    11946 : 0070;
    11947 : 00D0;
    11948 : 007E;
    11949 : FFF2;
    11950 : FF80;
    11951 : FF4A;
    11952 : FF60;
    11953 : FFB2;
    11954 : 0028;
    11955 : 0012;
    11956 : FF8B;
    11957 : FEC1;
    11958 : FE5A;
    11959 : FE63;
    11960 : FE83;
    11961 : FE9A;
    11962 : FEC2;
    11963 : FEB2;
    11964 : FE86;
    11965 : FEC1;
    11966 : FF2B;
    11967 : FFBE;
    11968 : 0025;
    11969 : FFFA;
    11970 : FFA1;
    11971 : FF12;
    11972 : FF1D;
    11973 : FFCB;
    11974 : 003F;
    11975 : 0108;
    11976 : 015E;
    11977 : 00EE;
    11978 : 00B1;
    11979 : 0078;
    11980 : 00B0;
    11981 : 010D;
    11982 : 014E;
    11983 : 0194;
    11984 : 0180;
    11985 : 014E;
    11986 : 00E7;
    11987 : 00F7;
    11988 : 0163;
    11989 : 0178;
    11990 : 0139;
    11991 : 00E2;
    11992 : 0042;
    11993 : 0002;
    11994 : 002A;
    11995 : 00C5;
    11996 : 0109;
    11997 : 00D8;
    11998 : 0070;
    11999 : FF2F;
    12000 : FE8B;
    12001 : FE64;
    12002 : FEC8;
    12003 : FF1D;
    12004 : FF6B;
    12005 : FF4E;
    12006 : FEEB;
    12007 : FECF;
    12008 : FEAB;
    12009 : FEF6;
    12010 : FF62;
    12011 : FFD1;
    12012 : FF7F;
    12013 : FEB0;
    12014 : FE5F;
    12015 : FE8C;
    12016 : FF37;
    12017 : 0015;
    12018 : 0058;
    12019 : 001C;
    12020 : FFA1;
    12021 : FF0C;
    12022 : FF0A;
    12023 : FF7A;
    12024 : 0035;
    12025 : 009E;
    12026 : 0067;
    12027 : FFF9;
    12028 : FF53;
    12029 : FF21;
    12030 : FF98;
    12031 : 0046;
    12032 : 00C1;
    12033 : 0078;
    12034 : FFCF;
    12035 : FF61;
    12036 : FF5C;
    12037 : FFB9;
    12038 : 0056;
    12039 : 00E7;
    12040 : 00B1;
    12041 : 0033;
    12042 : FFB1;
    12043 : FFA0;
    12044 : 0084;
    12045 : 00E2;
    12046 : 0118;
    12047 : 0083;
    12048 : FFA2;
    12049 : FEFF;
    12050 : FEB3;
    12051 : FF1D;
    12052 : FFFB;
    12053 : 0081;
    12054 : 007D;
    12055 : 0038;
    12056 : FF7C;
    12057 : FF5B;
    12058 : FF73;
    12059 : FF91;
    12060 : FF96;
    12061 : FF28;
    12062 : FE69;
    12063 : FDCD;
    12064 : FDA4;
    12065 : FE26;
    12066 : FEB2;
    12067 : FF28;
    12068 : FF34;
    12069 : FE94;
    12070 : FDF7;
    12071 : FD84;
    12072 : FDE6;
    12073 : FE38;
    12074 : FE99;
    12075 : FEA5;
    12076 : FDFC;
    12077 : FDC0;
    12078 : FDC4;
    12079 : FE29;
    12080 : FEB1;
    12081 : FF13;
    12082 : FF08;
    12083 : FE99;
    12084 : FE10;
    12085 : FDDB;
    12086 : FE34;
    12087 : FEF4;
    12088 : FFD1;
    12089 : FFD1;
    12090 : FF8C;
    12091 : FF2A;
    12092 : FED7;
    12093 : FF18;
    12094 : FF8A;
    12095 : 0002;
    12096 : 0015;
    12097 : FFB3;
    12098 : FF20;
    12099 : FEC3;
    12100 : FF0F;
    12101 : FFB4;
    12102 : 000B;
    12103 : 003E;
    12104 : 0011;
    12105 : FFA3;
    12106 : FF5D;
    12107 : FF74;
    12108 : FFEC;
    12109 : 0000;
    12110 : FFDD;
    12111 : FF37;
    12112 : FE5F;
    12113 : FDE3;
    12114 : FDF4;
    12115 : FE8D;
    12116 : FF1C;
    12117 : FF1E;
    12118 : FEE0;
    12119 : FE99;
    12120 : FE2D;
    12121 : FE06;
    12122 : FE6D;
    12123 : FEE3;
    12124 : FED5;
    12125 : FE96;
    12126 : FE32;
    12127 : FE33;
    12128 : FE91;
    12129 : FF0D;
    12130 : FF77;
    12131 : FF9F;
    12132 : FF50;
    12133 : FEDB;
    12134 : FE9A;
    12135 : FE70;
    12136 : FEE2;
    12137 : FF46;
    12138 : FF8A;
    12139 : FF6C;
    12140 : FEFD;
    12141 : FEB8;
    12142 : FEC9;
    12143 : FEF9;
    12144 : FF84;
    12145 : FFBB;
    12146 : FF6A;
    12147 : FED2;
    12148 : FEBA;
    12149 : FF04;
    12150 : FF84;
    12151 : FFFE;
    12152 : 0031;
    12153 : 0002;
    12154 : FFF8;
    12155 : FFE2;
    12156 : FFF2;
    12157 : 008B;
    12158 : 00E7;
    12159 : 00F9;
    12160 : 0097;
    12161 : FFF8;
    12162 : FF80;
    12163 : FF92;
    12164 : FFC2;
    12165 : 0064;
    12166 : 00E4;
    12167 : 00F9;
    12168 : 00C8;
    12169 : 0098;
    12170 : 006A;
    12171 : 0049;
    12172 : 0028;
    12173 : FFB0;
    12174 : FF44;
    12175 : FECB;
    12176 : FE93;
    12177 : FEC6;
    12178 : FF3C;
    12179 : FFF3;
    12180 : FFC4;
    12181 : FFA3;
    12182 : FF1C;
    12183 : FE49;
    12184 : FDFA;
    12185 : FDC5;
    12186 : FDC0;
    12187 : FDCD;
    12188 : FDD5;
    12189 : FDCA;
    12190 : FDEA;
    12191 : FE00;
    12192 : FE82;
    12193 : FEBC;
    12194 : FEAD;
    12195 : FEA3;
    12196 : FE64;
    12197 : FE38;
    12198 : FE6E;
    12199 : FEF3;
    12200 : FF7A;
    12201 : 0018;
    12202 : 002F;
    12203 : 0026;
    12204 : 0010;
    12205 : FFEC;
    12206 : 002E;
    12207 : 0098;
    12208 : 00E4;
    12209 : 00C3;
    12210 : 0080;
    12211 : 0055;
    12212 : 0008;
    12213 : FFE8;
    12214 : 0054;
    12215 : 007E;
    12216 : 003D;
    12217 : 0026;
    12218 : FFD6;
    12219 : FFE8;
    12220 : FFDD;
    12221 : FFD6;
    12222 : FFF6;
    12223 : FFCC;
    12224 : FF87;
    12225 : FF29;
    12226 : FF3F;
    12227 : FF91;
    12228 : FFC8;
    12229 : 000B;
    12230 : FFD5;
    12231 : FF66;
    12232 : FF16;
    12233 : FEBB;
    12234 : FEAD;
    12235 : FEF5;
    12236 : FF66;
    12237 : FF7D;
    12238 : FFA8;
    12239 : FFD1;
    12240 : 0009;
    12241 : 001B;
    12242 : 0012;
    12243 : 0017;
    12244 : FFFB;
    12245 : 0019;
    12246 : 001F;
    12247 : 0057;
    12248 : 00A8;
    12249 : 012F;
    12250 : 0182;
    12251 : 019B;
    12252 : 0167;
    12253 : 0129;
    12254 : 00CE;
    12255 : 00E4;
    12256 : 011B;
    12257 : 0149;
    12258 : 01A2;
    12259 : 01A9;
    12260 : 01AF;
    12261 : 019D;
    12262 : 019E;
    12263 : 015E;
    12264 : 0185;
    12265 : 01CC;
    12266 : 01DE;
    12267 : 01F8;
    12268 : 01DD;
    12269 : 01FB;
    12270 : 01F1;
    12271 : 01F8;
    12272 : 01DB;
    12273 : 017E;
    12274 : 00F7;
    12275 : 008E;
    12276 : 0055;
    12277 : 002C;
    12278 : 0059;
    12279 : 005E;
    12280 : 0067;
    12281 : 002C;
    12282 : FFF0;
    12283 : FFBB;
    12284 : FFBE;
    12285 : FFE4;
    12286 : FFDD;
    12287 : FFA5;
    12288 : FF74;
    12289 : FF69;
    12290 : FF8E;
    12291 : FF9A;
    12292 : FFA4;
    12293 : FF9D;
    12294 : FF84;
    12295 : FF71;
    12296 : FF07;
    12297 : FF1E;
    12298 : FF2C;
    12299 : FF53;
    12300 : FF4E;
    12301 : FF39;
    12302 : FF03;
    12303 : FEE8;
    12304 : FF05;
    12305 : FF4D;
    12306 : FFD0;
    12307 : 0018;
    12308 : 0060;
    12309 : 004B;
    12310 : 0060;
    12311 : 0031;
    12312 : FFD4;
    12313 : FFC6;
    12314 : FFD1;
    12315 : FFFC;
    12316 : 0036;
    12317 : 0063;
    12318 : 00B9;
    12319 : 0119;
    12320 : 0131;
    12321 : 0105;
    12322 : 008E;
    12323 : 002A;
    12324 : FFD7;
    12325 : FFBD;
    12326 : FFF6;
    12327 : 0025;
    12328 : 0084;
    12329 : 0108;
    12330 : 010F;
    12331 : 012C;
    12332 : 0110;
    12333 : 00CB;
    12334 : 0092;
    12335 : 0076;
    12336 : 0053;
    12337 : 0041;
    12338 : 005B;
    12339 : 00A0;
    12340 : 00C9;
    12341 : 00D0;
    12342 : 00E8;
    12343 : 00A7;
    12344 : 0079;
    12345 : 004F;
    12346 : 0021;
    12347 : 0001;
    12348 : 0048;
    12349 : 0076;
    12350 : 008E;
    12351 : 00AE;
    12352 : 00CA;
    12353 : 00D6;
    12354 : 00EB;
    12355 : 0112;
    12356 : 011F;
    12357 : 0126;
    12358 : 0166;
    12359 : 0191;
    12360 : 01A3;
    12361 : 01EF;
    12362 : 01FA;
    12363 : 01FD;
    12364 : 01FC;
    12365 : 0228;
    12366 : 0236;
    12367 : 0243;
    12368 : 028C;
    12369 : 02AC;
    12370 : 02C7;
    12371 : 02D2;
    12372 : 029F;
    12373 : 029D;
    12374 : 024F;
    12375 : 025B;
    12376 : 024E;
    12377 : 0246;
    12378 : 026C;
    12379 : 0262;
    12380 : 0252;
    12381 : 0252;
    12382 : 0255;
    12383 : 01DF;
    12384 : 017D;
    12385 : 0121;
    12386 : 00B7;
    12387 : 0073;
    12388 : 0058;
    12389 : 004E;
    12390 : 0063;
    12391 : 004E;
    12392 : FFFE;
    12393 : FFC3;
    12394 : FF66;
    12395 : FF44;
    12396 : FF66;
    12397 : FF52;
    12398 : FF3E;
    12399 : FF66;
    12400 : FF79;
    12401 : FFA1;
    12402 : FFD2;
    12403 : 0026;
    12404 : 0014;
    12405 : 0019;
    12406 : 0028;
    12407 : 0007;
    12408 : 0011;
    12409 : 0050;
    12410 : 0080;
    12411 : 005F;
    12412 : 005B;
    12413 : 002E;
    12414 : 002A;
    12415 : FFFD;
    12416 : 002A;
    12417 : 00A0;
    12418 : 00C7;
    12419 : 00F2;
    12420 : 0120;
    12421 : 011E;
    12422 : 0112;
    12423 : 011C;
    12424 : 00E9;
    12425 : 00CB;
    12426 : 00C7;
    12427 : 00BB;
    12428 : 00B0;
    12429 : 011A;
    12430 : 0194;
    12431 : 01A1;
    12432 : 01AB;
    12433 : 0148;
    12434 : 00BE;
    12435 : 004A;
    12436 : 0009;
    12437 : FFEF;
    12438 : FFF2;
    12439 : 003D;
    12440 : 0057;
    12441 : 0082;
    12442 : 00B3;
    12443 : 00B7;
    12444 : 00A0;
    12445 : 007C;
    12446 : 0038;
    12447 : FFE5;
    12448 : FFF2;
    12449 : 0008;
    12450 : 008D;
    12451 : 010C;
    12452 : 0129;
    12453 : 016D;
    12454 : 017F;
    12455 : 0167;
    12456 : 010D;
    12457 : 0111;
    12458 : 0112;
    12459 : 0135;
    12460 : 0176;
    12461 : 01C8;
    12462 : 01FD;
    12463 : 0213;
    12464 : 0252;
    12465 : 0259;
    12466 : 0271;
    12467 : 0294;
    12468 : 02C0;
    12469 : 02B3;
    12470 : 02A8;
    12471 : 0295;
    12472 : 02A9;
    12473 : 0279;
    12474 : 027D;
    12475 : 0286;
    12476 : 021B;
    12477 : 01F1;
    12478 : 0228;
    12479 : 01EC;
    12480 : 0201;
    12481 : 021E;
    12482 : 01EE;
    12483 : 01D3;
    12484 : 0170;
    12485 : 0116;
    12486 : 0093;
    12487 : 007C;
    12488 : 0057;
    12489 : 007C;
    12490 : 0071;
    12491 : 0074;
    12492 : 006D;
    12493 : 004F;
    12494 : 0041;
    12495 : FFF6;
    12496 : FFB7;
    12497 : FF65;
    12498 : FF65;
    12499 : FF5E;
    12500 : FF7F;
    12501 : FFCA;
    12502 : 000E;
    12503 : 0000;
    12504 : 000A;
    12505 : 0014;
    12506 : 0003;
    12507 : 0012;
    12508 : 0059;
    12509 : 0095;
    12510 : 00D5;
    12511 : 00DB;
    12512 : 00D5;
    12513 : 00F2;
    12514 : 00D6;
    12515 : 00C4;
    12516 : 00B1;
    12517 : 00AE;
    12518 : 0083;
    12519 : 0079;
    12520 : 0085;
    12521 : 0061;
    12522 : 008B;
    12523 : 0063;
    12524 : FFFC;
    12525 : FFD6;
    12526 : FFB0;
    12527 : FF6D;
    12528 : FF2B;
    12529 : FF00;
    12530 : FEEB;
    12531 : FEF1;
    12532 : FEA6;
    12533 : FE83;
    12534 : FE2C;
    12535 : FDE3;
    12536 : FDAC;
    12537 : FDAF;
    12538 : FDAE;
    12539 : FD92;
    12540 : FDE5;
    12541 : FD9E;
    12542 : FDB6;
    12543 : FE16;
    12544 : FE31;
    12545 : FE34;
    12546 : FE09;
    12547 : FE4B;
    12548 : FEA6;
    12549 : FEB3;
    12550 : FEEF;
    12551 : FF54;
    12552 : FF7F;
    12553 : FF86;
    12554 : FF99;
    12555 : FFA1;
    12556 : FFD5;
    12557 : 000E;
    12558 : 0004;
    12559 : 0032;
    12560 : 0020;
    12561 : 0048;
    12562 : 005E;
    12563 : 0056;
    12564 : 004C;
    12565 : 0053;
    12566 : 0058;
    12567 : 0031;
    12568 : 004E;
    12569 : 0088;
    12570 : 0078;
    12571 : 0071;
    12572 : 005A;
    12573 : 0055;
    12574 : 005F;
    12575 : 0047;
    12576 : 003E;
    12577 : 000D;
    12578 : 0009;
    12579 : FFE4;
    12580 : 0002;
    12581 : FFFC;
    12582 : FFF8;
    12583 : 0018;
    12584 : 000A;
    12585 : FFE6;
    12586 : FF9F;
    12587 : FFA5;
    12588 : FFE8;
    12589 : 0003;
    12590 : 0022;
    12591 : 0013;
    12592 : FFEC;
    12593 : FFEA;
    12594 : FFFE;
    12595 : FFEC;
    12596 : 0038;
    12597 : 004D;
    12598 : 0019;
    12599 : 0007;
    12600 : FFEB;
    12601 : FFC0;
    12602 : FF9B;
    12603 : FFDA;
    12604 : FFEB;
    12605 : 0003;
    12606 : 0011;
    12607 : 002D;
    12608 : 005C;
    12609 : 0035;
    12610 : 0042;
    12611 : 004C;
    12612 : 0032;
    12613 : FFF4;
    12614 : FFCB;
    12615 : FFE7;
    12616 : FFF0;
    12617 : 000E;
    12618 : 0051;
    12619 : 002E;
    12620 : 0032;
    12621 : 002F;
    12622 : 0019;
    12623 : FFF3;
    12624 : FFE7;
    12625 : FFE5;
    12626 : FFD6;
    12627 : FFC4;
    12628 : FFC5;
    12629 : 0032;
    12630 : 004E;
    12631 : 007E;
    12632 : 008D;
    12633 : 005E;
    12634 : 0011;
    12635 : FFB5;
    12636 : FF6F;
    12637 : FF1C;
    12638 : FF38;
    12639 : FF00;
    12640 : FECD;
    12641 : FE7C;
    12642 : FE2D;
    12643 : FE29;
    12644 : FE04;
    12645 : FDBE;
    12646 : FDAD;
    12647 : FD83;
    12648 : FD2D;
    12649 : FCE7;
    12650 : FCA6;
    12651 : FCB0;
    12652 : FCA4;
    12653 : FCAC;
    12654 : FCA5;
    12655 : FD0F;
    12656 : FD52;
    12657 : FD76;
    12658 : FD91;
    12659 : FD93;
    12660 : FDAF;
    12661 : FDCD;
    12662 : FDFC;
    12663 : FDF7;
    12664 : FE32;
    12665 : FE9A;
    12666 : FEDA;
    12667 : FF43;
    12668 : FFD7;
    12669 : 0049;
    12670 : 0085;
    12671 : 00BF;
    12672 : 00D2;
    12673 : 00AC;
    12674 : 00CF;
    12675 : 00FC;
    12676 : 0120;
    12677 : 0162;
    12678 : 0177;
    12679 : 01AD;
    12680 : 01EB;
    12681 : 023A;
    12682 : 0295;
    12683 : 0287;
    12684 : 0260;
    12685 : 0251;
    12686 : 0205;
    12687 : 01B9;
    12688 : 01B5;
    12689 : 01DB;
    12690 : 01D9;
    12691 : 01C6;
    12692 : 01C2;
    12693 : 0188;
    12694 : 0179;
    12695 : 015C;
    12696 : 010C;
    12697 : 00CD;
    12698 : 00A7;
    12699 : 0078;
    12700 : 0061;
    12701 : 002D;
    12702 : 0025;
    12703 : 0086;
    12704 : 0099;
    12705 : 0095;
    12706 : 00A1;
    12707 : 00A6;
    12708 : 0075;
    12709 : 006C;
    12710 : 0036;
    12711 : 002B;
    12712 : 0049;
    12713 : 0019;
    12714 : 000B;
    12715 : 0035;
    12716 : 0053;
    12717 : 006F;
    12718 : 0081;
    12719 : 00C1;
    12720 : 009D;
    12721 : 00A0;
    12722 : 00AC;
    12723 : 00AA;
    12724 : 00C6;
    12725 : 00E8;
    12726 : 0119;
    12727 : 0132;
    12728 : 015D;
    12729 : 0133;
    12730 : 0147;
    12731 : 00FC;
    12732 : 00FF;
    12733 : 00F6;
    12734 : 00CB;
    12735 : 00B9;
    12736 : 0084;
    12737 : 00A0;
    12738 : 00A0;
    12739 : 00BA;
    12740 : 00A9;
    12741 : 00B1;
    12742 : 0033;
    12743 : FFF1;
    12744 : FFA8;
    12745 : FFC3;
    12746 : FFDB;
    12747 : FFA7;
    12748 : FFBB;
    12749 : FF79;
    12750 : FF5D;
    12751 : FF57;
    12752 : FF46;
    12753 : FF1D;
    12754 : FF14;
    12755 : FEBA;
    12756 : FE77;
    12757 : FE4D;
    12758 : FE3B;
    12759 : FE61;
    12760 : FE83;
    12761 : FE9A;
    12762 : FE81;
    12763 : FE4F;
    12764 : FE26;
    12765 : FDF5;
    12766 : FE0E;
    12767 : FE2C;
    12768 : FE3D;
    12769 : FE56;
    12770 : FE77;
    12771 : FE71;
    12772 : FE8B;
    12773 : FEF5;
    12774 : FF32;
    12775 : FF7B;
    12776 : FF71;
    12777 : FF65;
    12778 : FFA6;
    12779 : FFE8;
    12780 : 0086;
    12781 : 0104;
    12782 : 0132;
    12783 : 0176;
    12784 : 018B;
    12785 : 0190;
    12786 : 0206;
    12787 : 0259;
    12788 : 0275;
    12789 : 02C8;
    12790 : 02EA;
    12791 : 02B8;
    12792 : 02A2;
    12793 : 02D1;
    12794 : 02CE;
    12795 : 0323;
    12796 : 0330;
    12797 : 02EF;
    12798 : 02E4;
    12799 : 02DF;
    12800 : 02C1;
    12801 : 02C4;
    12802 : 0282;
    12803 : 0223;
    12804 : 01B0;
    12805 : 0139;
    12806 : 0130;
    12807 : 00FB;
    12808 : 010C;
    12809 : 0134;
    12810 : 0116;
    12811 : 00D0;
    12812 : 0094;
    12813 : 004B;
    12814 : 0004;
    12815 : FFCA;
    12816 : FF7F;
    12817 : FF62;
    12818 : FF6C;
    12819 : FF56;
    12820 : FF5E;
    12821 : FF92;
    12822 : FFD6;
    12823 : FFD1;
    12824 : FFDB;
    12825 : FFAD;
    12826 : FF95;
    12827 : FFC3;
    12828 : FFB6;
    12829 : FFBD;
    12830 : 0002;
    12831 : 0045;
    12832 : 0040;
    12833 : 0063;
    12834 : 0061;
    12835 : 0066;
    12836 : 007F;
    12837 : 0075;
    12838 : 004E;
    12839 : 003F;
    12840 : 0041;
    12841 : 0023;
    12842 : 0074;
    12843 : 00DD;
    12844 : 00B1;
    12845 : 00C9;
    12846 : 00CA;
    12847 : 008E;
    12848 : 0076;
    12849 : 0053;
    12850 : 004E;
    12851 : 0050;
    12852 : 005B;
    12853 : FFF2;
    12854 : FFE5;
    12855 : FFEA;
    12856 : FFD9;
    12857 : FFED;
    12858 : FFF9;
    12859 : 001F;
    12860 : FFBB;
    12861 : FF89;
    12862 : FF84;
    12863 : FF84;
    12864 : FF96;
    12865 : FFA7;
    12866 : FF9F;
    12867 : FF6D;
    12868 : FF79;
    12869 : FFA9;
    12870 : FFBF;
    12871 : FFFF;
    12872 : FFE1;
    12873 : FF8E;
    12874 : FF27;
    12875 : FEA3;
    12876 : FE99;
    12877 : FED0;
    12878 : FF09;
    12879 : FEDF;
    12880 : FF0B;
    12881 : FEBD;
    12882 : FE75;
    12883 : FE81;
    12884 : FE3C;
    12885 : FE56;
    12886 : FEA0;
    12887 : FE63;
    12888 : FE56;
    12889 : FE84;
    12890 : FEF7;
    12891 : FF98;
    12892 : FFFE;
    12893 : 001D;
    12894 : 0005;
    12895 : FFC2;
    12896 : FF72;
    12897 : FFA5;
    12898 : FFE2;
    12899 : 004E;
    12900 : 0099;
    12901 : 00C9;
    12902 : 00E7;
    12903 : 00FE;
    12904 : 0147;
    12905 : 016D;
    12906 : 01EC;
    12907 : 0218;
    12908 : 0202;
    12909 : 01D7;
    12910 : 01A9;
    12911 : 01CA;
    12912 : 0244;
    12913 : 0267;
    12914 : 0280;
    12915 : 0276;
    12916 : 0238;
    12917 : 021F;
    12918 : 01CA;
    12919 : 01CE;
    12920 : 01DB;
    12921 : 01D8;
    12922 : 01BC;
    12923 : 0161;
    12924 : 0148;
    12925 : 0176;
    12926 : 0181;
    12927 : 01A0;
    12928 : 01AB;
    12929 : 0159;
    12930 : 00D0;
    12931 : 005C;
    12932 : 002F;
    12933 : FFFE;
    12934 : 0036;
    12935 : 0027;
    12936 : FFFC;
    12937 : FFD9;
    12938 : FF82;
    12939 : FF83;
    12940 : FFBA;
    12941 : FFCB;
    12942 : FFB6;
    12943 : FF84;
    12944 : FF02;
    12945 : FEB5;
    12946 : FE9D;
    12947 : FEA8;
    12948 : FED3;
    12949 : FEFD;
    12950 : FF1F;
    12951 : FEF8;
    12952 : FEFD;
    12953 : FF05;
    12954 : FF32;
    12955 : FF90;
    12956 : FF86;
    12957 : FF98;
    12958 : FF6D;
    12959 : FF52;
    12960 : FF91;
    12961 : FFE1;
    12962 : 005D;
    12963 : 00E0;
    12964 : 0126;
    12965 : 00F0;
    12966 : 00E6;
    12967 : 00CD;
    12968 : 012E;
    12969 : 019B;
    12970 : 01D5;
    12971 : 0216;
    12972 : 0250;
    12973 : 0246;
    12974 : 0202;
    12975 : 024C;
    12976 : 028E;
    12977 : 02B3;
    12978 : 028E;
    12979 : 0210;
    12980 : 01B6;
    12981 : 0178;
    12982 : 016A;
    12983 : 0172;
    12984 : 01A2;
    12985 : 01BC;
    12986 : 0178;
    12987 : 012D;
    12988 : 0106;
    12989 : 00A4;
    12990 : 00A8;
    12991 : 004D;
    12992 : FFED;
    12993 : FF70;
    12994 : FED5;
    12995 : FEB1;
    12996 : FE8C;
    12997 : FEA2;
    12998 : FEA5;
    12999 : FEA7;
    13000 : FE31;
    13001 : FDE2;
    13002 : FDA3;
    13003 : FD6F;
    13004 : FD81;
    13005 : FDB7;
    13006 : FDAC;
    13007 : FDAB;
    13008 : FDAE;
    13009 : FDDE;
    13010 : FE22;
    13011 : FE69;
    13012 : FEF6;
    13013 : FF37;
    13014 : FF45;
    13015 : FF3F;
    13016 : FF70;
    13017 : FFCB;
    13018 : 0021;
    13019 : 009D;
    13020 : 00E6;
    13021 : 00DF;
    13022 : 010F;
    13023 : 011A;
    13024 : 012F;
    13025 : 0144;
    13026 : 018D;
    13027 : 0199;
    13028 : 0114;
    13029 : 011C;
    13030 : 00F2;
    13031 : 011C;
    13032 : 0160;
    13033 : 01A5;
    13034 : 01F9;
    13035 : 0216;
    13036 : 01E2;
    13037 : 019B;
    13038 : 0147;
    13039 : 0139;
    13040 : 0110;
    13041 : 00DC;
    13042 : 00F0;
    13043 : 00A3;
    13044 : 0075;
    13045 : 0038;
    13046 : 002C;
    13047 : 0037;
    13048 : 0020;
    13049 : FFDC;
    13050 : FF44;
    13051 : FEDD;
    13052 : FEA4;
    13053 : FE70;
    13054 : FE6F;
    13055 : FE93;
    13056 : FE9D;
    13057 : FE64;
    13058 : FE38;
    13059 : FE05;
    13060 : FE11;
    13061 : FE0F;
    13062 : FE2E;
    13063 : FE0B;
    13064 : FE1A;
    13065 : FDFF;
    13066 : FDEF;
    13067 : FE62;
    13068 : FE75;
    13069 : FEC0;
    13070 : FEE2;
    13071 : FED5;
    13072 : FED6;
    13073 : FEA3;
    13074 : FEB7;
    13075 : FEF8;
    13076 : FF44;
    13077 : FFA3;
    13078 : FFBF;
    13079 : FFD5;
    13080 : 0005;
    13081 : 0050;
    13082 : 009A;
    13083 : 00F7;
    13084 : 012C;
    13085 : 0108;
    13086 : 0107;
    13087 : 00EE;
    13088 : 00F7;
    13089 : 011E;
    13090 : 0160;
    13091 : 0181;
    13092 : 017A;
    13093 : 0179;
    13094 : 013F;
    13095 : 0131;
    13096 : 0125;
    13097 : 0114;
    13098 : 00CF;
    13099 : 0096;
    13100 : 0034;
    13101 : FFDB;
    13102 : FFF6;
    13103 : FFD7;
    13104 : FFEA;
    13105 : FFC5;
    13106 : FF74;
    13107 : FF41;
    13108 : FED3;
    13109 : FE59;
    13110 : FE52;
    13111 : FE22;
    13112 : FDD8;
    13113 : FDA5;
    13114 : FD68;
    13115 : FD54;
    13116 : FD14;
    13117 : FCF7;
    13118 : FCD7;
    13119 : FCD3;
    13120 : FC89;
    13121 : FC60;
    13122 : FC36;
    13123 : FC15;
    13124 : FC38;
    13125 : FC5E;
    13126 : FC84;
    13127 : FCB7;
    13128 : FCEE;
    13129 : FCF3;
    13130 : FD10;
    13131 : FD7D;
    13132 : FD99;
    13133 : FDED;
    13134 : FE33;
    13135 : FE1F;
    13136 : FE54;
    13137 : FE85;
    13138 : FEC6;
    13139 : FF48;
    13140 : FFD5;
    13141 : FFFD;
    13142 : 006B;
    13143 : 00A1;
    13144 : 00A5;
    13145 : 00A4;
    13146 : 00FF;
    13147 : 0111;
    13148 : 0115;
    13149 : 00FF;
    13150 : 00F8;
    13151 : 0136;
    13152 : 0142;
    13153 : 018D;
    13154 : 01DC;
    13155 : 01E8;
    13156 : 01AE;
    13157 : 01A8;
    13158 : 0141;
    13159 : 0125;
    13160 : 011E;
    13161 : 00E9;
    13162 : 00F7;
    13163 : 00E7;
    13164 : 010B;
    13165 : 00F8;
    13166 : 00DA;
    13167 : 00EA;
    13168 : 00B8;
    13169 : 0061;
    13170 : FFF3;
    13171 : FFA9;
    13172 : FF57;
    13173 : FF4A;
    13174 : FF35;
    13175 : FF75;
    13176 : FF71;
    13177 : FF33;
    13178 : FF32;
    13179 : FF2A;
    13180 : FEED;
    13181 : FE93;
    13182 : FE8B;
    13183 : FE79;
    13184 : FE7C;
    13185 : FE92;
    13186 : FECD;
    13187 : FED0;
    13188 : FEF3;
    13189 : FEF4;
    13190 : FEC4;
    13191 : FEEA;
    13192 : FEC8;
    13193 : FEAB;
    13194 : FEB3;
    13195 : FECB;
    13196 : FEE6;
    13197 : FF19;
    13198 : FF45;
    13199 : FF61;
    13200 : FFBC;
    13201 : FFB1;
    13202 : FFD8;
    13203 : FFE0;
    13204 : FFF5;
    13205 : 0000;
    13206 : 0009;
    13207 : FFE1;
    13208 : FFFF;
    13209 : 0027;
    13210 : 001A;
    13211 : 0066;
    13212 : 0094;
    13213 : 0077;
    13214 : 006E;
    13215 : 0028;
    13216 : 000F;
    13217 : FFEB;
    13218 : FFBA;
    13219 : FFA1;
    13220 : FF7C;
    13221 : FFBC;
    13222 : FFAD;
    13223 : FF95;
    13224 : FF7D;
    13225 : FF48;
    13226 : FEE5;
    13227 : FE97;
    13228 : FE1F;
    13229 : FDE7;
    13230 : FDD2;
    13231 : FDA0;
    13232 : FDA0;
    13233 : FD71;
    13234 : FDC1;
    13235 : FD86;
    13236 : FD89;
    13237 : FD8A;
    13238 : FD4D;
    13239 : FD20;
    13240 : FD06;
    13241 : FCE2;
    13242 : FCF2;
    13243 : FD27;
    13244 : FD54;
    13245 : FD92;
    13246 : FD95;
    13247 : FD95;
    13248 : FDA6;
    13249 : FDE5;
    13250 : FDB9;
    13251 : FE01;
    13252 : FDD3;
    13253 : FDF2;
    13254 : FE36;
    13255 : FE6B;
    13256 : FEB1;
    13257 : FECC;
    13258 : FF02;
    13259 : FF3E;
    13260 : FF55;
    13261 : FF22;
    13262 : FFBE;
    13263 : FFEC;
    13264 : 003A;
    13265 : 008A;
    13266 : 00A7;
    13267 : 00BE;
    13268 : 00B1;
    13269 : 00C7;
    13270 : 00A5;
    13271 : 00EE;
    13272 : 0109;
    13273 : 00FD;
    13274 : 011A;
    13275 : 011C;
    13276 : 00FD;
    13277 : 0133;
    13278 : 0149;
    13279 : 0183;
    13280 : 01A2;
    13281 : 01BD;
    13282 : 01C2;
    13283 : 01C2;
    13284 : 01F8;
    13285 : 020A;
    13286 : 0208;
    13287 : 0191;
    13288 : 0147;
    13289 : 0112;
    13290 : 00F3;
    13291 : 00FA;
    13292 : 00DF;
    13293 : 00A3;
    13294 : 009B;
    13295 : 0081;
    13296 : 0029;
    13297 : FFD4;
    13298 : FFC2;
    13299 : FF7D;
    13300 : FF40;
    13301 : FEEF;
    13302 : FEA0;
    13303 : FE96;
    13304 : FE54;
    13305 : FE5E;
    13306 : FE80;
    13307 : FE3F;
    13308 : FE29;
    13309 : FDF7;
    13310 : FDA3;
    13311 : FDB2;
    13312 : FDA6;
    13313 : FDB7;
    13314 : FDCC;
    13315 : FDE5;
    13316 : FE13;
    13317 : FE2A;
    13318 : FE21;
    13319 : FE66;
    13320 : FEA2;
    13321 : FEDC;
    13322 : FEF1;
    13323 : FEEF;
    13324 : FF2B;
    13325 : FF6C;
    13326 : FFD7;
    13327 : 000D;
    13328 : 005E;
    13329 : 005F;
    13330 : 00A3;
    13331 : 00EE;
    13332 : 00E7;
    13333 : 011B;
    13334 : 0111;
    13335 : 0115;
    13336 : 0105;
    13337 : 00DD;
    13338 : 00B5;
    13339 : 00C8;
    13340 : 00D9;
    13341 : 00B9;
    13342 : 00AE;
    13343 : 009C;
    13344 : 0078;
    13345 : 0095;
    13346 : 006C;
    13347 : 0058;
    13348 : 0017;
    13349 : 0008;
    13350 : FF99;
    13351 : FF77;
    13352 : FF56;
    13353 : FF1E;
    13354 : FF43;
    13355 : FF16;
    13356 : FF00;
    13357 : FEB9;
    13358 : FE76;
    13359 : FE1F;
    13360 : FDFE;
    13361 : FDED;
    13362 : FE04;
    13363 : FE2C;
    13364 : FE35;
    13365 : FE00;
    13366 : FE1A;
    13367 : FE0A;
    13368 : FE07;
    13369 : FE4B;
    13370 : FE2E;
    13371 : FE43;
    13372 : FE80;
    13373 : FE60;
    13374 : FEAF;
    13375 : FEF5;
    13376 : FF49;
    13377 : FF74;
    13378 : FF94;
    13379 : FF92;
    13380 : FF7C;
    13381 : FFA6;
    13382 : FFAF;
    13383 : FFE7;
    13384 : 0036;
    13385 : 0069;
    13386 : 008D;
    13387 : 00D2;
    13388 : 0102;
    13389 : 0167;
    13390 : 01B4;
    13391 : 01C5;
    13392 : 018C;
    13393 : 0188;
    13394 : 0199;
    13395 : 014B;
    13396 : 016E;
    13397 : 01A9;
    13398 : 01BD;
    13399 : 01A3;
    13400 : 018D;
    13401 : 0199;
    13402 : 01B1;
    13403 : 01D8;
    13404 : 01E0;
    13405 : 0231;
    13406 : 022A;
    13407 : 020C;
    13408 : 01F9;
    13409 : 01DE;
    13410 : 0195;
    13411 : 0187;
    13412 : 013F;
    13413 : 0105;
    13414 : 00ED;
    13415 : 0062;
    13416 : 0040;
    13417 : 0018;
    13418 : FFEE;
    13419 : FFDD;
    13420 : FFA1;
    13421 : FF69;
    13422 : FF1B;
    13423 : FF0F;
    13424 : FEF6;
    13425 : FEF1;
    13426 : FEEF;
    13427 : FEB1;
    13428 : FE99;
    13429 : FE52;
    13430 : FE30;
    13431 : FE37;
    13432 : FE1B;
    13433 : FE23;
    13434 : FE0C;
    13435 : FDE5;
    13436 : FDE7;
    13437 : FDD7;
    13438 : FE1E;
    13439 : FE63;
    13440 : FE72;
    13441 : FE91;
    13442 : FE6B;
    13443 : FEC4;
    13444 : FEB9;
    13445 : FEFB;
    13446 : FF41;
    13447 : FF9C;
    13448 : FFCD;
    13449 : FFC9;
    13450 : FFE1;
    13451 : 000F;
    13452 : 006C;
    13453 : 0087;
    13454 : 00D3;
    13455 : 00FF;
    13456 : 0107;
    13457 : 0123;
    13458 : 011C;
    13459 : 0150;
    13460 : 014E;
    13461 : 015A;
    13462 : 013E;
    13463 : 0123;
    13464 : 0119;
    13465 : 010B;
    13466 : 0137;
    13467 : 0117;
    13468 : 0103;
    13469 : 00EE;
    13470 : 00C1;
    13471 : 00BC;
    13472 : 0084;
    13473 : 0071;
    13474 : 0095;
    13475 : 0018;
    13476 : FFB5;
    13477 : FF90;
    13478 : FF32;
    13479 : FEFC;
    13480 : FEB8;
    13481 : FE69;
    13482 : FE6C;
    13483 : FE3A;
    13484 : FE31;
    13485 : FE25;
    13486 : FDD4;
    13487 : FDC6;
    13488 : FD92;
    13489 : FD73;
    13490 : FD73;
    13491 : FD80;
    13492 : FD81;
    13493 : FDA8;
    13494 : FE0B;
    13495 : FE51;
    13496 : FEB7;
    13497 : FEDF;
    13498 : FEE9;
    13499 : FF04;
    13500 : FED1;
    13501 : FED3;
    13502 : FEE6;
    13503 : FF07;
    13504 : FF4E;
    13505 : FF7A;
    13506 : FFF4;
    13507 : 0046;
    13508 : 00D4;
    13509 : 0111;
    13510 : 0144;
    13511 : 0180;
    13512 : 0185;
    13513 : 019E;
    13514 : 01F4;
    13515 : 0230;
    13516 : 0274;
    13517 : 0306;
    13518 : 0317;
    13519 : 0345;
    13520 : 0372;
    13521 : 0388;
    13522 : 036F;
    13523 : 0337;
    13524 : 0321;
    13525 : 02F7;
    13526 : 02BA;
    13527 : 02BD;
    13528 : 02E2;
    13529 : 02E5;
    13530 : 02E6;
    13531 : 02DE;
    13532 : 02A9;
    13533 : 027F;
    13534 : 0225;
    13535 : 01D2;
    13536 : 018D;
    13537 : 0136;
    13538 : 00DC;
    13539 : 009E;
    13540 : 00A2;
    13541 : 003B;
    13542 : 0022;
    13543 : FFDD;
    13544 : FF95;
    13545 : FF1F;
    13546 : FEDE;
    13547 : FEAF;
    13548 : FE65;
    13549 : FE2B;
    13550 : FDFD;
    13551 : FDE8;
    13552 : FDB9;
    13553 : FDD8;
    13554 : FDA1;
    13555 : FDC9;
    13556 : FDC0;
    13557 : FD91;
    13558 : FDAB;
    13559 : FDA7;
    13560 : FDFA;
    13561 : FE32;
    13562 : FE4A;
    13563 : FE95;
    13564 : FEFC;
    13565 : FF10;
    13566 : FF3F;
    13567 : FF75;
    13568 : FF5B;
    13569 : FF9F;
    13570 : FFCA;
    13571 : 0010;
    13572 : 0076;
    13573 : 00B0;
    13574 : 00DB;
    13575 : 0117;
    13576 : 017C;
    13577 : 01CD;
    13578 : 0204;
    13579 : 0205;
    13580 : 0245;
    13581 : 0200;
    13582 : 0208;
    13583 : 0202;
    13584 : 0208;
    13585 : 0221;
    13586 : 0218;
    13587 : 01F3;
    13588 : 020C;
    13589 : 0238;
    13590 : 01D1;
    13591 : 01C1;
    13592 : 0166;
    13593 : 017D;
    13594 : 014C;
    13595 : 010D;
    13596 : 00B2;
    13597 : 00BA;
    13598 : 00AB;
    13599 : 005F;
    13600 : 006B;
    13601 : 000C;
    13602 : FFF3;
    13603 : FFA2;
    13604 : FF77;
    13605 : FF27;
    13606 : FF08;
    13607 : FEC9;
    13608 : FE73;
    13609 : FE55;
    13610 : FE41;
    13611 : FE6E;
    13612 : FE60;
    13613 : FE6A;
    13614 : FE54;
    13615 : FE2C;
    13616 : FE12;
    13617 : FE28;
    13618 : FE2F;
    13619 : FE48;
    13620 : FE69;
    13621 : FE75;
    13622 : FE7E;
    13623 : FECB;
    13624 : FF19;
    13625 : FF1A;
    13626 : FF78;
    13627 : FF85;
    13628 : FFA9;
    13629 : FFB2;
    13630 : FFE7;
    13631 : 0025;
    13632 : 004B;
    13633 : 00D1;
    13634 : 0113;
    13635 : 0151;
    13636 : 01A2;
    13637 : 01CB;
    13638 : 020A;
    13639 : 0256;
    13640 : 0280;
    13641 : 02BC;
    13642 : 02E0;
    13643 : 0319;
    13644 : 034F;
    13645 : 039D;
    13646 : 03E9;
    13647 : 03FE;
    13648 : 0431;
    13649 : 03F8;
    13650 : 03F7;
    13651 : 0413;
    13652 : 0415;
    13653 : 03E1;
    13654 : 03E8;
    13655 : 03D4;
    13656 : 0348;
    13657 : 032C;
    13658 : 0309;
    13659 : 02DE;
    13660 : 02BA;
    13661 : 0294;
    13662 : 0205;
    13663 : 019A;
    13664 : 011F;
    13665 : 00AD;
    13666 : 0080;
    13667 : 006B;
    13668 : 0003;
    13669 : FFBC;
    13670 : FF9B;
    13671 : FF33;
    13672 : FF05;
    13673 : FECD;
    13674 : FED3;
    13675 : FE94;
    13676 : FE72;
    13677 : FE07;
    13678 : FDEA;
    13679 : FDEA;
    13680 : FDE0;
    13681 : FDD9;
    13682 : FE11;
    13683 : FE51;
    13684 : FE56;
    13685 : FE7E;
    13686 : FE8C;
    13687 : FEFC;
    13688 : FF35;
    13689 : FF6D;
    13690 : FF95;
    13691 : FFD6;
    13692 : 000F;
    13693 : 003E;
    13694 : 00B0;
    13695 : 011B;
    13696 : 0171;
    13697 : 01C2;
    13698 : 01AC;
    13699 : 01CB;
    13700 : 0211;
    13701 : 023F;
    13702 : 026F;
    13703 : 0292;
    13704 : 02C3;
    13705 : 02BA;
    13706 : 02DC;
    13707 : 02D2;
    13708 : 0307;
    13709 : 0331;
    13710 : 031B;
    13711 : 0312;
    13712 : 02B3;
    13713 : 02A9;
    13714 : 0257;
    13715 : 0250;
    13716 : 024C;
    13717 : 0251;
    13718 : 0231;
    13719 : 01EE;
    13720 : 01BD;
    13721 : 0163;
    13722 : 010B;
    13723 : 00E0;
    13724 : 00B8;
    13725 : 0063;
    13726 : FFFE;
    13727 : FFAC;
    13728 : FF5B;
    13729 : FF6D;
    13730 : FF7F;
    13731 : FF70;
    13732 : FF10;
    13733 : FECD;
    13734 : FEA7;
    13735 : FE52;
    13736 : FE35;
    13737 : FE2E;
    13738 : FE27;
    13739 : FE23;
    13740 : FE51;
    13741 : FE88;
    13742 : FE9F;
    13743 : FEE3;
    13744 : FF1A;
    13745 : FF1E;
    13746 : FF55;
    13747 : FF5F;
    13748 : FF44;
    13749 : FF8B;
    13750 : FFD4;
    13751 : 002C;
    13752 : 005B;
    13753 : 0080;
    13754 : 00FF;
    13755 : 0154;
    13756 : 0194;
    13757 : 01E8;
    13758 : 0217;
    13759 : 0275;
    13760 : 0298;
    13761 : 02DD;
    13762 : 02EA;
    13763 : 035A;
    13764 : 03A7;
    13765 : 03EB;
    13766 : 03DF;
    13767 : 03D5;
    13768 : 03EE;
    13769 : 0385;
    13770 : 037A;
    13771 : 0342;
    13772 : 0352;
    13773 : 0381;
    13774 : 038E;
    13775 : 038F;
    13776 : 0399;
    13777 : 037D;
    13778 : 0359;
    13779 : 0315;
    13780 : 02DE;
    13781 : 0268;
    13782 : 01D2;
    13783 : 014C;
    13784 : 00CA;
    13785 : 0085;
    13786 : 0043;
    13787 : 001E;
    13788 : FFEC;
    13789 : FFCC;
    13790 : FF90;
    13791 : FF25;
    13792 : FEAD;
    13793 : FE53;
    13794 : FE1C;
    13795 : FDEE;
    13796 : FDA0;
    13797 : FD96;
    13798 : FD8A;
    13799 : FDC7;
    13800 : FDEA;
    13801 : FDB4;
    13802 : FD8F;
    13803 : FD67;
    13804 : FD43;
    13805 : FCFC;
    13806 : FD0A;
    13807 : FD46;
    13808 : FD8C;
    13809 : FDB5;
    13810 : FE0A;
    13811 : FE2D;
    13812 : FE8C;
    13813 : FEF8;
    13814 : FF08;
    13815 : FF57;
    13816 : FF64;
    13817 : FF49;
    13818 : FF69;
    13819 : FF8B;
    13820 : FFDB;
    13821 : 0063;
    13822 : 00C5;
    13823 : 011C;
    13824 : 0193;
    13825 : 01CD;
    13826 : 01B4;
    13827 : 01EA;
    13828 : 0208;
    13829 : 01E0;
    13830 : 0208;
    13831 : 0211;
    13832 : 0213;
    13833 : 0235;
    13834 : 0247;
    13835 : 0259;
    13836 : 0230;
    13837 : 020C;
    13838 : 01D2;
    13839 : 019E;
    13840 : 010D;
    13841 : 00E9;
    13842 : 00D6;
    13843 : 0083;
    13844 : 005A;
    13845 : 0007;
    13846 : FFB4;
    13847 : FF97;
    13848 : FF69;
    13849 : FF09;
    13850 : FECA;
    13851 : FE57;
    13852 : FDF0;
    13853 : FD62;
    13854 : FCEB;
    13855 : FCC0;
    13856 : FCC9;
    13857 : FCC1;
    13858 : FC5E;
    13859 : FC75;
    13860 : FC1C;
    13861 : FC0F;
    13862 : FC0F;
    13863 : FC45;
    13864 : FC5B;
    13865 : FC7C;
    13866 : FCAF;
    13867 : FCC1;
    13868 : FD49;
    13869 : FD6D;
    13870 : FDD6;
    13871 : FE1B;
    13872 : FE64;
    13873 : FEA1;
    13874 : FEEF;
    13875 : FF44;
    13876 : FF98;
    13877 : 0028;
    13878 : 00A6;
    13879 : 0126;
    13880 : 01EC;
    13881 : 024A;
    13882 : 0281;
    13883 : 02DE;
    13884 : 02F9;
    13885 : 030D;
    13886 : 033C;
    13887 : 036A;
    13888 : 034E;
    13889 : 036E;
    13890 : 03A0;
    13891 : 03CD;
    13892 : 03C0;
    13893 : 03D3;
    13894 : 03C8;
    13895 : 039C;
    13896 : 035A;
    13897 : 032C;
    13898 : 0318;
    13899 : 02E8;
    13900 : 02BB;
    13901 : 0272;
    13902 : 0223;
    13903 : 01D9;
    13904 : 01AB;
    13905 : 0155;
    13906 : 00FC;
    13907 : 0091;
    13908 : 000F;
    13909 : FFA4;
    13910 : FF6B;
    13911 : FF04;
    13912 : FEB9;
    13913 : FE5B;
    13914 : FDF2;
    13915 : FDD7;
    13916 : FD81;
    13917 : FD04;
    13918 : FC95;
    13919 : FC78;
    13920 : FC3A;
    13921 : FC24;
    13922 : FBD2;
    13923 : FB9F;
    13924 : FBDC;
    13925 : FC09;
    13926 : FC29;
    13927 : FC2A;
    13928 : FC5E;
    13929 : FC9E;
    13930 : FCBA;
    13931 : FD0B;
    13932 : FD42;
    13933 : FD95;
    13934 : FDF1;
    13935 : FE2F;
    13936 : FE86;
    13937 : FEDF;
    13938 : FF2A;
    13939 : FF53;
    13940 : FF95;
    13941 : 0002;
    13942 : 008C;
    13943 : 00B1;
    13944 : 0118;
    13945 : 0199;
    13946 : 0237;
    13947 : 0273;
    13948 : 0281;
    13949 : 02DF;
    13950 : 02D6;
    13951 : 0302;
    13952 : 032F;
    13953 : 0323;
    13954 : 034F;
    13955 : 0384;
    13956 : 036D;
    13957 : 0373;
    13958 : 035A;
    13959 : 0311;
    13960 : 02ED;
    13961 : 0282;
    13962 : 020B;
    13963 : 01A6;
    13964 : 015A;
    13965 : 0127;
    13966 : 010B;
    13967 : 00B9;
    13968 : 008B;
    13969 : 0073;
    13970 : 002C;
    13971 : FFB6;
    13972 : FF3B;
    13973 : FED9;
    13974 : FE50;
    13975 : FE17;
    13976 : FDB5;
    13977 : FD99;
    13978 : FD9C;
    13979 : FD87;
    13980 : FD78;
    13981 : FD67;
    13982 : FD7B;
    13983 : FD2C;
    13984 : FCFE;
    13985 : FD0D;
    13986 : FCE7;
    13987 : FCCC;
    13988 : FD35;
    13989 : FD92;
    13990 : FDFE;
    13991 : FE73;
    13992 : FEBF;
    13993 : FF15;
    13994 : FF20;
    13995 : FF0B;
    13996 : FF06;
    13997 : FF6A;
    13998 : FF7F;
    13999 : FFB6;
    14000 : 0050;
    14001 : 00D7;
    14002 : 015B;
    14003 : 01EB;
    14004 : 0246;
    14005 : 0293;
    14006 : 02B4;
    14007 : 0302;
    14008 : 02FE;
    14009 : 02E8;
    14010 : 0327;
    14011 : 0375;
    14012 : 03AB;
    14013 : 03D2;
    14014 : 0427;
    14015 : 0458;
    14016 : 045D;
    14017 : 044B;
    14018 : 0411;
    14019 : 03CD;
    14020 : 03C1;
    14021 : 035F;
    14022 : 038C;
    14023 : 0383;
    14024 : 0389;
    14025 : 039C;
    14026 : 0353;
    14027 : 02EF;
    14028 : 0285;
    14029 : 023E;
    14030 : 0169;
    14031 : 00A5;
    14032 : 001B;
    14033 : FFD7;
    14034 : FF93;
    14035 : FF5B;
    14036 : FF08;
    14037 : FEC1;
    14038 : FEBD;
    14039 : FE73;
    14040 : FDD1;
    14041 : FD7F;
    14042 : FD06;
    14043 : FC9C;
    14044 : FC49;
    14045 : FC43;
    14046 : FC56;
    14047 : FC5A;
    14048 : FC96;
    14049 : FC7B;
    14050 : FC7C;
    14051 : FC90;
    14052 : FC6F;
    14053 : FC8C;
    14054 : FCA2;
    14055 : FC8C;
    14056 : FCD4;
    14057 : FD74;
    14058 : FDFE;
    14059 : FE84;
    14060 : FF0D;
    14061 : FF65;
    14062 : FFCA;
    14063 : FFDD;
    14064 : 0001;
    14065 : 0059;
    14066 : 00C8;
    14067 : 0134;
    14068 : 0176;
    14069 : 01DD;
    14070 : 0233;
    14071 : 02B3;
    14072 : 0317;
    14073 : 0305;
    14074 : 032C;
    14075 : 0338;
    14076 : 02D7;
    14077 : 02FE;
    14078 : 0330;
    14079 : 0342;
    14080 : 03A0;
    14081 : 038B;
    14082 : 03B0;
    14083 : 0399;
    14084 : 036E;
    14085 : 0312;
    14086 : 0287;
    14087 : 0227;
    14088 : 017D;
    14089 : 011C;
    14090 : 00C2;
    14091 : 006F;
    14092 : 007F;
    14093 : 0042;
    14094 : FFE4;
    14095 : 0001;
    14096 : FF5E;
    14097 : FEE2;
    14098 : FE55;
    14099 : FDA3;
    14100 : FD7A;
    14101 : FD36;
    14102 : FD3C;
    14103 : FD1E;
    14104 : FD11;
    14105 : FD38;
    14106 : FD05;
    14107 : FCDE;
    14108 : FCE4;
    14109 : FCB4;
    14110 : FC5B;
    14111 : FC4C;
    14112 : FC47;
    14113 : FC46;
    14114 : FCAD;
    14115 : FD5C;
    14116 : FDBA;
    14117 : FE03;
    14118 : FE37;
    14119 : FE72;
    14120 : FE99;
    14121 : FEAA;
    14122 : FED1;
    14123 : FF5B;
    14124 : FFC2;
    14125 : 0036;
    14126 : 00A5;
    14127 : 0177;
    14128 : 0207;
    14129 : 0231;
    14130 : 0279;
    14131 : 0287;
    14132 : 0299;
    14133 : 027B;
    14134 : 02C0;
    14135 : 02FF;
    14136 : 0334;
    14137 : 03C8;
    14138 : 0412;
    14139 : 0441;
    14140 : 046A;
    14141 : 0434;
    14142 : 03EC;
    14143 : 03AC;
    14144 : 0333;
    14145 : 02CE;
    14146 : 028C;
    14147 : 025D;
    14148 : 024D;
    14149 : 0263;
    14150 : 021A;
    14151 : 01CC;
    14152 : 0175;
    14153 : 0105;
    14154 : 006A;
    14155 : FFF3;
    14156 : FF4B;
    14157 : FEF6;
    14158 : FE8F;
    14159 : FE0F;
    14160 : FE0E;
    14161 : FDBE;
    14162 : FD69;
    14163 : FD2F;
    14164 : FCAB;
    14165 : FC2C;
    14166 : FBD3;
    14167 : FB44;
    14168 : FACE;
    14169 : FAD9;
    14170 : FAC8;
    14171 : FB0A;
    14172 : FB69;
    14173 : FBBA;
    14174 : FBB9;
    14175 : FC0F;
    14176 : FC16;
    14177 : FBCD;
    14178 : FBD1;
    14179 : FC02;
    14180 : FC42;
    14181 : FC4D;
    14182 : FC9B;
    14183 : FD31;
    14184 : FDBC;
    14185 : FE20;
    14186 : FEA1;
    14187 : FF09;
    14188 : FF47;
    14189 : FF79;
    14190 : FFB4;
    14191 : 0013;
    14192 : 008E;
    14193 : 00FE;
    14194 : 0170;
    14195 : 01E7;
    14196 : 025D;
    14197 : 0296;
    14198 : 02CC;
    14199 : 02A2;
    14200 : 0281;
    14201 : 0251;
    14202 : 0254;
    14203 : 0274;
    14204 : 0247;
    14205 : 028D;
    14206 : 025D;
    14207 : 026A;
    14208 : 0277;
    14209 : 021F;
    14210 : 01AF;
    14211 : 0144;
    14212 : 00F9;
    14213 : 0076;
    14214 : 0003;
    14215 : FFBC;
    14216 : FF5A;
    14217 : FF32;
    14218 : FEEC;
    14219 : FE45;
    14220 : FE12;
    14221 : FDDC;
    14222 : FD34;
    14223 : FCD3;
    14224 : FCA4;
    14225 : FC22;
    14226 : FC1A;
    14227 : FC40;
    14228 : FC1B;
    14229 : FC27;
    14230 : FC08;
    14231 : FBD9;
    14232 : FBD2;
    14233 : FB9F;
    14234 : FB5A;
    14235 : FB5E;
    14236 : FB9C;
    14237 : FBC8;
    14238 : FBDE;
    14239 : FC59;
    14240 : FCE4;
    14241 : FD44;
    14242 : FD7F;
    14243 : FDC0;
    14244 : FDF9;
    14245 : FE12;
    14246 : FE95;
    14247 : FEC9;
    14248 : FF0C;
    14249 : FF9C;
    14250 : 0012;
    14251 : 009D;
    14252 : 0136;
    14253 : 01C5;
    14254 : 0213;
    14255 : 0280;
    14256 : 02B1;
    14257 : 02AA;
    14258 : 02C5;
    14259 : 031D;
    14260 : 032A;
    14261 : 038A;
    14262 : 03D9;
    14263 : 03E9;
    14264 : 0416;
    14265 : 03D9;
    14266 : 039F;
    14267 : 0340;
    14268 : 030E;
    14269 : 02A7;
    14270 : 0248;
    14271 : 025A;
    14272 : 0230;
    14273 : 01EE;
    14274 : 01BD;
    14275 : 0194;
    14276 : 0173;
    14277 : 00F0;
    14278 : 009C;
    14279 : FFE6;
    14280 : FF2E;
    14281 : FF0D;
    14282 : FE83;
    14283 : FE2F;
    14284 : FE00;
    14285 : FDBB;
    14286 : FD6A;
    14287 : FD46;
    14288 : FCD4;
    14289 : FC99;
    14290 : FC5C;
    14291 : FC24;
    14292 : FBC6;
    14293 : FB77;
    14294 : FB8E;
    14295 : FB72;
    14296 : FB97;
    14297 : FBEF;
    14298 : FC31;
    14299 : FC46;
    14300 : FC6E;
    14301 : FC95;
    14302 : FC9B;
    14303 : FCEE;
    14304 : FD30;
    14305 : FD65;
    14306 : FDF4;
    14307 : FE52;
    14308 : FE64;
    14309 : FEF0;
    14310 : FF8C;
    14311 : FFEB;
    14312 : 0024;
    14313 : 0071;
    14314 : 008F;
    14315 : 00CF;
    14316 : 016F;
    14317 : 01E6;
    14318 : 025C;
    14319 : 02EE;
    14320 : 0317;
    14321 : 0353;
    14322 : 0388;
    14323 : 03BB;
    14324 : 03A0;
    14325 : 038E;
    14326 : 0412;
    14327 : 03E4;
    14328 : 03D2;
    14329 : 0413;
    14330 : 0409;
    14331 : 0439;
    14332 : 0434;
    14333 : 03D9;
    14334 : 036B;
    14335 : 0305;
    14336 : 028E;
    14337 : 0214;
    14338 : 01EF;
    14339 : 01A9;
    14340 : 0155;
    14341 : 0116;
    14342 : 00B8;
    14343 : 0062;
    14344 : FFEC;
    14345 : FFB0;
    14346 : FF2C;
    14347 : FECA;
    14348 : FE6E;
    14349 : FE26;
    14350 : FDF3;
    14351 : FDE1;
    14352 : FDB5;
    14353 : FDAB;
    14354 : FDA1;
    14355 : FD4C;
    14356 : FCC6;
    14357 : FC66;
    14358 : FC62;
    14359 : FC27;
    14360 : FC29;
    14361 : FC85;
    14362 : FCA6;
    14363 : FCDD;
    14364 : FD37;
    14365 : FD62;
    14366 : FDF7;
    14367 : FE88;
    14368 : FEA6;
    14369 : FEDD;
    14370 : FEED;
    14371 : FF05;
    14372 : FF44;
    14373 : FF95;
    14374 : 0008;
    14375 : 007A;
    14376 : 00BB;
    14377 : 012B;
    14378 : 016E;
    14379 : 019C;
    14380 : 022E;
    14381 : 0282;
    14382 : 0274;
    14383 : 02F6;
    14384 : 0332;
    14385 : 0326;
    14386 : 03A3;
    14387 : 041E;
    14388 : 044A;
    14389 : 047A;
    14390 : 046A;
    14391 : 03EE;
    14392 : 03FF;
    14393 : 03C6;
    14394 : 0376;
    14395 : 0380;
    14396 : 0375;
    14397 : 0328;
    14398 : 02EB;
    14399 : 0302;
    14400 : 028C;
    14401 : 0233;
    14402 : 0234;
    14403 : 01BB;
    14404 : 00F4;
    14405 : 006F;
    14406 : FFF2;
    14407 : FF8B;
    14408 : FF56;
    14409 : FF6A;
    14410 : FF23;
    14411 : FEBA;
    14412 : FE79;
    14413 : FE0D;
    14414 : FDB3;
    14415 : FDA1;
    14416 : FD3B;
    14417 : FCD3;
    14418 : FCDB;
    14419 : FC4A;
    14420 : FC1B;
    14421 : FC33;
    14422 : FC46;
    14423 : FC53;
    14424 : FC80;
    14425 : FC9F;
    14426 : FC6B;
    14427 : FC8E;
    14428 : FCB4;
    14429 : FCCD;
    14430 : FD5E;
    14431 : FE05;
    14432 : FE47;
    14433 : FE97;
    14434 : FEE1;
    14435 : FF57;
    14436 : FF7B;
    14437 : FFC7;
    14438 : 003F;
    14439 : 0034;
    14440 : 009E;
    14441 : 0126;
    14442 : 0172;
    14443 : 01E6;
    14444 : 0291;
    14445 : 02A2;
    14446 : 02B3;
    14447 : 02F6;
    14448 : 0325;
    14449 : 02FB;
    14450 : 02F2;
    14451 : 0310;
    14452 : 02E7;
    14453 : 0338;
    14454 : 0308;
    14455 : 02E6;
    14456 : 0338;
    14457 : 034C;
    14458 : 031D;
    14459 : 031B;
    14460 : 0316;
    14461 : 02C4;
    14462 : 025A;
    14463 : 01E1;
    14464 : 01AC;
    14465 : 015C;
    14466 : 0106;
    14467 : 00BC;
    14468 : 0038;
    14469 : FFE2;
    14470 : FF6B;
    14471 : FEF7;
    14472 : FED3;
    14473 : FEC0;
    14474 : FE57;
    14475 : FE2E;
    14476 : FE14;
    14477 : FDEF;
    14478 : FDD8;
    14479 : FDB4;
    14480 : FDA7;
    14481 : FD5C;
    14482 : FD52;
    14483 : FD20;
    14484 : FCD0;
    14485 : FCCD;
    14486 : FCFE;
    14487 : FD15;
    14488 : FD92;
    14489 : FDDA;
    14490 : FE08;
    14491 : FE4E;
    14492 : FF0E;
END;
