WIDTH=16;
DEPTH=9555;
ADDRESS_RADIX=DEC;
DATA_RADIX=HEX;
CONTENT BEGIN
    0 : FFF6;
    1 : FFEE;
    2 : FFE7;
    3 : FFE9;
    4 : FFE6;
    5 : FFEC;
    6 : FFFB;
    7 : FFED;
    8 : FFEA;
    9 : FFF8;
    10 : FFEF;
    11 : FFE7;
    12 : FFF9;
    13 : FFEC;
    14 : FFF5;
    15 : FFFA;
    16 : FFF8;
    17 : FFEE;
    18 : FFFE;
    19 : FFF7;
    20 : FFFE;
    21 : 0007;
    22 : FFFC;
    23 : FFFE;
    24 : FFF8;
    25 : FFF7;
    26 : FFF4;
    27 : FFEC;
    28 : FFEE;
    29 : FFF3;
    30 : FFEC;
    31 : FFF2;
    32 : FFE9;
    33 : FFE5;
    34 : FFF7;
    35 : FFF9;
    36 : FFFD;
    37 : FFFE;
    38 : 0004;
    39 : FFF8;
    40 : 0010;
    41 : 0013;
    42 : 000D;
    43 : 0008;
    44 : 000E;
    45 : 0010;
    46 : 0003;
    47 : FFFC;
    48 : 0003;
    49 : 0006;
    50 : FFF2;
    51 : 000E;
    52 : 0001;
    53 : 0000;
    54 : 000D;
    55 : FFFC;
    56 : 000D;
    57 : FFF7;
    58 : FFFC;
    59 : FFF7;
    60 : FFFB;
    61 : FFFA;
    62 : 000E;
    63 : 0007;
    64 : 0011;
    65 : 000F;
    66 : FFFF;
    67 : 0008;
    68 : 0007;
    69 : 0000;
    70 : 0012;
    71 : 0001;
    72 : FFFD;
    73 : 0003;
    74 : 0007;
    75 : 0007;
    76 : 000A;
    77 : 000B;
    78 : 0006;
    79 : 0003;
    80 : FFF9;
    81 : 0008;
    82 : FFFA;
    83 : 0000;
    84 : 000B;
    85 : FFF8;
    86 : 0005;
    87 : 0006;
    88 : 0002;
    89 : FFFC;
    90 : FFFC;
    91 : FFF9;
    92 : FFF5;
    93 : FFF2;
    94 : FFF7;
    95 : FFE8;
    96 : FFE1;
    97 : FFF0;
    98 : 0001;
    99 : FFEF;
    100 : FFF9;
    101 : FFF9;
    102 : FFFB;
    103 : 0002;
    104 : FFFA;
    105 : FFF9;
    106 : FFFE;
    107 : FFF3;
    108 : FFFE;
    109 : FFF7;
    110 : FFFC;
    111 : 0001;
    112 : 0005;
    113 : 0000;
    114 : 0003;
    115 : FFF2;
    116 : FFF9;
    117 : FFFE;
    118 : 0001;
    119 : FFFB;
    120 : 0001;
    121 : 0002;
    122 : FFF6;
    123 : 0003;
    124 : FFEF;
    125 : FFFA;
    126 : FFF9;
    127 : FFF7;
    128 : FFF7;
    129 : FFFA;
    130 : FFF8;
    131 : FFF1;
    132 : FFF8;
    133 : FFF0;
    134 : FFF6;
    135 : FFF9;
    136 : 0003;
    137 : FFFD;
    138 : FFED;
    139 : FFEE;
    140 : FFF5;
    141 : FFF2;
    142 : FFF5;
    143 : FFFF;
    144 : 0002;
    145 : FFFC;
    146 : FFF2;
    147 : FFED;
    148 : FFFC;
    149 : 000B;
    150 : FFFF;
    151 : 000C;
    152 : 0003;
    153 : 0000;
    154 : FFFA;
    155 : FFFF;
    156 : FFF3;
    157 : FFE7;
    158 : FFEA;
    159 : FFE8;
    160 : FFF6;
    161 : FFF5;
    162 : FFE9;
    163 : FFEC;
    164 : 0006;
    165 : FFF2;
    166 : 0001;
    167 : FFF5;
    168 : FFF1;
    169 : FFF5;
    170 : FFE7;
    171 : FFEB;
    172 : FFF5;
    173 : FFDD;
    174 : FFED;
    175 : FFF4;
    176 : FFE9;
    177 : FFE7;
    178 : FFF5;
    179 : 0002;
    180 : 0005;
    181 : 0000;
    182 : 0004;
    183 : 0002;
    184 : 0006;
    185 : 0007;
    186 : FFFC;
    187 : 0011;
    188 : 0003;
    189 : 0002;
    190 : FFFD;
    191 : FFE4;
    192 : FFF6;
    193 : FFF6;
    194 : FFF3;
    195 : FFFF;
    196 : FFF3;
    197 : FFEE;
    198 : FFEC;
    199 : FFF0;
    200 : FFFB;
    201 : FFE8;
    202 : 0000;
    203 : FFF7;
    204 : FFFE;
    205 : FFF4;
    206 : FFF2;
    207 : FFED;
    208 : FFF0;
    209 : FFE0;
    210 : FFF1;
    211 : FFF4;
    212 : FFF3;
    213 : FFF9;
    214 : FFF6;
    215 : FFF9;
    216 : 0009;
    217 : FFFF;
    218 : 0006;
    219 : FFFF;
    220 : FFF6;
    221 : 0002;
    222 : 0002;
    223 : FFF8;
    224 : 0003;
    225 : FFED;
    226 : 0005;
    227 : FFFF;
    228 : FFF2;
    229 : FFF4;
    230 : FFEF;
    231 : FFEC;
    232 : FFFC;
    233 : FFF3;
    234 : FFF4;
    235 : FFEA;
    236 : FFEB;
    237 : FFED;
    238 : FFE7;
    239 : FFDE;
    240 : FFE8;
    241 : FFF1;
    242 : FFF7;
    243 : FFED;
    244 : FFEE;
    245 : FFEB;
    246 : FFE5;
    247 : FFEC;
    248 : FFE6;
    249 : FFF4;
    250 : FFF7;
    251 : FFF3;
    252 : FFF3;
    253 : FFE8;
    254 : FFD8;
    255 : FFE4;
    256 : FFE7;
    257 : FFE6;
    258 : FFEC;
    259 : FFF2;
    260 : FFED;
    261 : FFFB;
    262 : FFF8;
    263 : FFF8;
    264 : 0006;
    265 : FFFB;
    266 : FFF9;
    267 : FFF8;
    268 : FFFD;
    269 : 0000;
    270 : 0002;
    271 : 0007;
    272 : FFF7;
    273 : FFF6;
    274 : FFFD;
    275 : FFFF;
    276 : 0003;
    277 : 0007;
    278 : FFF7;
    279 : 0009;
    280 : FFF0;
    281 : FFFE;
    282 : FFF5;
    283 : FFF3;
    284 : 0003;
    285 : 0003;
    286 : 0000;
    287 : FFFC;
    288 : 0000;
    289 : 0014;
    290 : 0005;
    291 : 0008;
    292 : 000F;
    293 : 0006;
    294 : 0010;
    295 : 0006;
    296 : 0005;
    297 : 0010;
    298 : 0011;
    299 : 000F;
    300 : 0009;
    301 : 0009;
    302 : FFFE;
    303 : 000A;
    304 : 0013;
    305 : 000A;
    306 : 0004;
    307 : 0015;
    308 : 0018;
    309 : 000C;
    310 : 0014;
    311 : 001A;
    312 : 0005;
    313 : 000D;
    314 : 0006;
    315 : 0009;
    316 : 0004;
    317 : 0009;
    318 : 000B;
    319 : 0014;
    320 : 000F;
    321 : 0005;
    322 : 0007;
    323 : FFF2;
    324 : FFFB;
    325 : FFFB;
    326 : FFEF;
    327 : FFFF;
    328 : FFF4;
    329 : FFFD;
    330 : FFFA;
    331 : 0002;
    332 : 0007;
    333 : FFFD;
    334 : 0006;
    335 : 0003;
    336 : 000A;
    337 : 0003;
    338 : 000A;
    339 : FFFD;
    340 : 0002;
    341 : 000C;
    342 : 0005;
    343 : 0001;
    344 : 0005;
    345 : FFFE;
    346 : FFFE;
    347 : 000D;
    348 : 000F;
    349 : 000A;
    350 : 000A;
    351 : 000A;
    352 : FFFA;
    353 : 0012;
    354 : 0015;
    355 : 000D;
    356 : 0007;
    357 : FFF9;
    358 : 0006;
    359 : 0000;
    360 : FFF8;
    361 : FFFB;
    362 : FFF6;
    363 : FFF1;
    364 : 0003;
    365 : 0001;
    366 : FFF6;
    367 : 0006;
    368 : FFF9;
    369 : FFFF;
    370 : FFFB;
    371 : FFFC;
    372 : FFFA;
    373 : FFFC;
    374 : FFF8;
    375 : FFFD;
    376 : 0005;
    377 : FFF9;
    378 : FFFB;
    379 : FFF7;
    380 : FFF8;
    381 : FFF2;
    382 : FFF7;
    383 : FFE8;
    384 : FFF8;
    385 : FFFC;
    386 : 0005;
    387 : 0002;
    388 : 0003;
    389 : FFFC;
    390 : FFFF;
    391 : FFFD;
    392 : 0008;
    393 : 0000;
    394 : FFFB;
    395 : FFFD;
    396 : FFFA;
    397 : 000A;
    398 : 0003;
    399 : 000A;
    400 : 0004;
    401 : 000E;
    402 : 0002;
    403 : FFFA;
    404 : 0000;
    405 : 0007;
    406 : FFFB;
    407 : FFF3;
    408 : FFF9;
    409 : FFF5;
    410 : FFFA;
    411 : FFED;
    412 : FFF7;
    413 : FFF7;
    414 : FFFB;
    415 : 0001;
    416 : FFF2;
    417 : FFF8;
    418 : 0006;
    419 : FFFC;
    420 : FFFD;
    421 : FFFE;
    422 : 0008;
    423 : 0002;
    424 : 0008;
    425 : FFFE;
    426 : FFFC;
    427 : FFF9;
    428 : FFFD;
    429 : FFF6;
    430 : FFF1;
    431 : FFF3;
    432 : FFEE;
    433 : FFF8;
    434 : FFEC;
    435 : 0001;
    436 : 0006;
    437 : FFFF;
    438 : FFFE;
    439 : FFFF;
    440 : FFFE;
    441 : FFFC;
    442 : FFF6;
    443 : FFF5;
    444 : FFF4;
    445 : 0000;
    446 : FFFB;
    447 : FFFA;
    448 : 0007;
    449 : FFF6;
    450 : 0008;
    451 : FFFA;
    452 : FFF6;
    453 : 0001;
    454 : 0008;
    455 : FFFF;
    456 : 0019;
    457 : 000C;
    458 : 0009;
    459 : 0012;
    460 : 0010;
    461 : 0008;
    462 : 0012;
    463 : 000B;
    464 : 0001;
    465 : FFFE;
    466 : FFFE;
    467 : FFFA;
    468 : FFF6;
    469 : FFE5;
    470 : FFF4;
    471 : FFF4;
    472 : FFE5;
    473 : FFF7;
    474 : FFF1;
    475 : FFE1;
    476 : FFF1;
    477 : FFE7;
    478 : FFF3;
    479 : FFF4;
    480 : FFF0;
    481 : FFEA;
    482 : FFFD;
    483 : FFF6;
    484 : FFFB;
    485 : FFFE;
    486 : FFF0;
    487 : FFF2;
    488 : FFF6;
    489 : FFFA;
    490 : FFE7;
    491 : FFE8;
    492 : FFEA;
    493 : FFE9;
    494 : FFE5;
    495 : FFEB;
    496 : 0006;
    497 : FFFD;
    498 : 000E;
    499 : 000F;
    500 : 000A;
    501 : 0014;
    502 : 001A;
    503 : 0003;
    504 : FFFE;
    505 : FFF8;
    506 : 0001;
    507 : FFF7;
    508 : FFFA;
    509 : FFF6;
    510 : FFF9;
    511 : FFFE;
    512 : FFFF;
    513 : 0005;
    514 : FFF3;
    515 : 0005;
    516 : 000A;
    517 : 0001;
    518 : FFFD;
    519 : 0006;
    520 : FFFF;
    521 : FFFC;
    522 : FFEE;
    523 : FFED;
    524 : FFEA;
    525 : FFEF;
    526 : FFFC;
    527 : FFF3;
    528 : FFF7;
    529 : 0001;
    530 : FFFC;
    531 : 0002;
    532 : FFFD;
    533 : FFFE;
    534 : FFFE;
    535 : 0006;
    536 : FFFA;
    537 : 0004;
    538 : FFFA;
    539 : FFF5;
    540 : FFFD;
    541 : FFF8;
    542 : FFFA;
    543 : FFF2;
    544 : FFF0;
    545 : FFF7;
    546 : FFF9;
    547 : 000A;
    548 : FFFA;
    549 : 0005;
    550 : 000B;
    551 : 000A;
    552 : 0014;
    553 : 0007;
    554 : 000F;
    555 : 0003;
    556 : 000D;
    557 : 000D;
    558 : 0008;
    559 : 000A;
    560 : 0006;
    561 : 0006;
    562 : 0003;
    563 : FFFF;
    564 : FFFE;
    565 : FFF9;
    566 : FFF6;
    567 : FFE4;
    568 : FFE7;
    569 : FFEC;
    570 : FFE8;
    571 : FFE5;
    572 : FFF1;
    573 : FFEC;
    574 : 0004;
    575 : 0000;
    576 : FFF1;
    577 : 000C;
    578 : 0003;
    579 : FFFD;
    580 : FFFE;
    581 : FFF4;
    582 : FFFC;
    583 : FFF1;
    584 : FFEC;
    585 : FFEE;
    586 : FFF4;
    587 : FFF3;
    588 : FFED;
    589 : FFF9;
    590 : FFEE;
    591 : FFF5;
    592 : FFF5;
    593 : FFEF;
    594 : FFF7;
    595 : FFF1;
    596 : FFEC;
    597 : FFEE;
    598 : FFEB;
    599 : FFE4;
    600 : FFEA;
    601 : FFE7;
    602 : FFF4;
    603 : FFE4;
    604 : FFE5;
    605 : FFEC;
    606 : FFED;
    607 : FFE5;
    608 : FFDE;
    609 : FFD7;
    610 : FFD9;
    611 : FFC5;
    612 : FFDE;
    613 : FFD2;
    614 : FFDA;
    615 : FFDE;
    616 : FFDA;
    617 : FFDC;
    618 : FFD6;
    619 : FFD6;
    620 : FFE4;
    621 : FFE3;
    622 : FFDA;
    623 : FFE9;
    624 : FFDF;
    625 : FFEB;
    626 : FFF2;
    627 : FFE8;
    628 : FFED;
    629 : FFE2;
    630 : FFEA;
    631 : FFE9;
    632 : FFED;
    633 : FFF5;
    634 : FFE7;
    635 : FFEA;
    636 : FFEA;
    637 : FFE2;
    638 : FFE2;
    639 : FFF2;
    640 : FFF2;
    641 : FFF5;
    642 : FFE8;
    643 : FFE9;
    644 : FFE8;
    645 : FFF3;
    646 : FFE6;
    647 : FFE1;
    648 : FFDC;
    649 : FFD2;
    650 : FFDB;
    651 : FFD5;
    652 : FFE0;
    653 : FFE5;
    654 : FFE1;
    655 : FFE5;
    656 : FFE8;
    657 : FFEA;
    658 : FFEC;
    659 : FFFC;
    660 : 0002;
    661 : FFF9;
    662 : FFFA;
    663 : FFFF;
    664 : FFFD;
    665 : 0002;
    666 : 0009;
    667 : FFF7;
    668 : 000A;
    669 : 0000;
    670 : 000B;
    671 : 0007;
    672 : 0010;
    673 : 000C;
    674 : 0014;
    675 : 000A;
    676 : 0008;
    677 : 0018;
    678 : 0010;
    679 : 0010;
    680 : 0005;
    681 : 000A;
    682 : 000E;
    683 : 0002;
    684 : FFF5;
    685 : FFFB;
    686 : 0003;
    687 : FFFB;
    688 : FFF0;
    689 : FFFA;
    690 : FFEA;
    691 : FFE5;
    692 : 0001;
    693 : 0002;
    694 : 0005;
    695 : FFF5;
    696 : FFF6;
    697 : FFFF;
    698 : 0009;
    699 : 0001;
    700 : 0004;
    701 : 000A;
    702 : 0018;
    703 : 000F;
    704 : 0006;
    705 : 0005;
    706 : 0017;
    707 : 0000;
    708 : 0007;
    709 : 000C;
    710 : FFF5;
    711 : 0003;
    712 : FFFC;
    713 : FFFE;
    714 : FFFC;
    715 : FFFA;
    716 : 000C;
    717 : 0002;
    718 : 0003;
    719 : 000D;
    720 : 0006;
    721 : 000A;
    722 : 0019;
    723 : 0015;
    724 : 000E;
    725 : 0001;
    726 : 0010;
    727 : 0017;
    728 : 000F;
    729 : 0007;
    730 : 0009;
    731 : 0009;
    732 : 000D;
    733 : 000E;
    734 : 000C;
    735 : 0012;
    736 : 0013;
    737 : 0013;
    738 : 0006;
    739 : 000A;
    740 : 000B;
    741 : 0003;
    742 : 0008;
    743 : 0008;
    744 : 0001;
    745 : 000D;
    746 : 001B;
    747 : 0005;
    748 : 0000;
    749 : 000A;
    750 : 000C;
    751 : 0007;
    752 : 000D;
    753 : 0006;
    754 : 0006;
    755 : FFF8;
    756 : 0002;
    757 : 0005;
    758 : FFFF;
    759 : FFF2;
    760 : FFFC;
    761 : FFFB;
    762 : FFF1;
    763 : 000E;
    764 : 0000;
    765 : 0005;
    766 : 000E;
    767 : 0003;
    768 : 0014;
    769 : 0002;
    770 : 0015;
    771 : 001E;
    772 : 001A;
    773 : 0010;
    774 : 000F;
    775 : 0018;
    776 : 0016;
    777 : 0019;
    778 : 0026;
    779 : 001A;
    780 : 0016;
    781 : 0018;
    782 : 0032;
    783 : 0029;
    784 : 0021;
    785 : 0026;
    786 : 0025;
    787 : 001F;
    788 : 0025;
    789 : 001C;
    790 : 0020;
    791 : 0021;
    792 : 001C;
    793 : 0021;
    794 : 0019;
    795 : 0019;
    796 : 0029;
    797 : 0019;
    798 : 0018;
    799 : 0017;
    800 : 0011;
    801 : 0017;
    802 : 001B;
    803 : 001A;
    804 : 000A;
    805 : 0009;
    806 : 000A;
    807 : 000F;
    808 : 0005;
    809 : 0005;
    810 : 0010;
    811 : 000C;
    812 : 0017;
    813 : 000E;
    814 : 0014;
    815 : 000E;
    816 : 000A;
    817 : 000A;
    818 : 0002;
    819 : 0002;
    820 : 0004;
    821 : 0000;
    822 : 0008;
    823 : 000C;
    824 : 0002;
    825 : 0005;
    826 : 0009;
    827 : 0014;
    828 : 000D;
    829 : 0005;
    830 : 0016;
    831 : 0018;
    832 : 001D;
    833 : 0015;
    834 : 001B;
    835 : 001C;
    836 : 001B;
    837 : 0023;
    838 : 002A;
    839 : 0019;
    840 : 0016;
    841 : 0018;
    842 : 001D;
    843 : 0008;
    844 : 0004;
    845 : 000C;
    846 : FFF6;
    847 : 000B;
    848 : FFFF;
    849 : FFF6;
    850 : 000B;
    851 : 000A;
    852 : 0014;
    853 : 0010;
    854 : 001D;
    855 : 001C;
    856 : 0018;
    857 : 001F;
    858 : 0023;
    859 : 000F;
    860 : 001F;
    861 : 0010;
    862 : 000F;
    863 : 000B;
    864 : 0017;
    865 : 0002;
    866 : 0000;
    867 : 0013;
    868 : 000B;
    869 : 0004;
    870 : 000A;
    871 : 0008;
    872 : 0015;
    873 : 0000;
    874 : 000B;
    875 : 0007;
    876 : 0005;
    877 : 000B;
    878 : 000A;
    879 : FFFD;
    880 : 0000;
    881 : 0007;
    882 : FFFE;
    883 : 0010;
    884 : 0004;
    885 : 000B;
    886 : 000A;
    887 : 0003;
    888 : 0013;
    889 : 0015;
    890 : 0015;
    891 : 000E;
    892 : 000E;
    893 : 000D;
    894 : 0005;
    895 : 0007;
    896 : FFFC;
    897 : 0002;
    898 : 0008;
    899 : 0001;
    900 : 000D;
    901 : 0007;
    902 : 000B;
    903 : FFFD;
    904 : FFF6;
    905 : 0002;
    906 : 0004;
    907 : 0002;
    908 : 0005;
    909 : 000E;
    910 : 000C;
    911 : 0013;
    912 : 0019;
    913 : 000B;
    914 : 001D;
    915 : 001D;
    916 : 002D;
    917 : 002F;
    918 : 0035;
    919 : 002F;
    920 : 0024;
    921 : 0029;
    922 : 0027;
    923 : 002E;
    924 : 002C;
    925 : 003B;
    926 : 0033;
    927 : 0028;
    928 : 0022;
    929 : 0021;
    930 : 001F;
    931 : 0018;
    932 : 001B;
    933 : 001A;
    934 : 001B;
    935 : 001D;
    936 : 001A;
    937 : 001F;
    938 : 0026;
    939 : 001B;
    940 : 0021;
    941 : 0016;
    942 : 0019;
    943 : 0018;
    944 : 000C;
    945 : 0000;
    946 : 000F;
    947 : 0006;
    948 : 0006;
    949 : 0007;
    950 : 0014;
    951 : 000F;
    952 : 0012;
    953 : 0013;
    954 : 0013;
    955 : 0015;
    956 : 001B;
    957 : 0012;
    958 : 0017;
    959 : 0007;
    960 : 000D;
    961 : 0007;
    962 : 000A;
    963 : FFFD;
    964 : 000A;
    965 : 0004;
    966 : 0007;
    967 : 000C;
    968 : FFF2;
    969 : 0005;
    970 : 0004;
    971 : 0007;
    972 : 0008;
    973 : 0007;
    974 : 000E;
    975 : 0008;
    976 : 0000;
    977 : 0008;
    978 : 0013;
    979 : FFFF;
    980 : 0002;
    981 : FFFF;
    982 : 0003;
    983 : FFFE;
    984 : 000A;
    985 : 0008;
    986 : FFF5;
    987 : 0005;
    988 : 0007;
    989 : 0009;
    990 : 0002;
    991 : FFF9;
    992 : FFF1;
    993 : FFE2;
    994 : FFEB;
    995 : FFF4;
    996 : FFF1;
    997 : FFFC;
    998 : FFF6;
    999 : FFF5;
    1000 : FFEA;
    1001 : FFF7;
    1002 : FFE2;
    1003 : FFED;
    1004 : 0000;
    1005 : FFEF;
    1006 : FFFA;
    1007 : FFEF;
    1008 : FFFD;
    1009 : FFFC;
    1010 : FFF0;
    1011 : FFFA;
    1012 : FFFB;
    1013 : FFF3;
    1014 : FFFA;
    1015 : FFFB;
    1016 : 0002;
    1017 : FFFA;
    1018 : FFF6;
    1019 : 0007;
    1020 : FFF5;
    1021 : 0001;
    1022 : 0000;
    1023 : FFF5;
    1024 : FFFF;
    1025 : FFF1;
    1026 : 0001;
    1027 : FFFF;
    1028 : 000E;
    1029 : 000D;
    1030 : 000D;
    1031 : 0008;
    1032 : 0010;
    1033 : 000D;
    1034 : FFFA;
    1035 : 0005;
    1036 : 0003;
    1037 : FFF9;
    1038 : 0001;
    1039 : FFE7;
    1040 : FFE8;
    1041 : FFED;
    1042 : FFED;
    1043 : FFF7;
    1044 : FFFF;
    1045 : FFFC;
    1046 : 0003;
    1047 : 000B;
    1048 : 0009;
    1049 : 0005;
    1050 : 0004;
    1051 : FFFB;
    1052 : FFEE;
    1053 : FFF6;
    1054 : FFF5;
    1055 : FFF4;
    1056 : FFF3;
    1057 : FFF9;
    1058 : FFE8;
    1059 : FFFB;
    1060 : FFF5;
    1061 : FFFB;
    1062 : 0003;
    1063 : FFF1;
    1064 : FFF4;
    1065 : FFE7;
    1066 : FFF5;
    1067 : FFE4;
    1068 : FFEF;
    1069 : FFE7;
    1070 : FFEE;
    1071 : FFED;
    1072 : FFF1;
    1073 : FFF2;
    1074 : FFE8;
    1075 : FFFA;
    1076 : FFF1;
    1077 : FFF2;
    1078 : 0004;
    1079 : FFF4;
    1080 : FFF1;
    1081 : FFFF;
    1082 : FFFB;
    1083 : FFFF;
    1084 : FFF3;
    1085 : FFFE;
    1086 : 0005;
    1087 : 0006;
    1088 : FFEA;
    1089 : FFF2;
    1090 : 0003;
    1091 : FFFB;
    1092 : 0004;
    1093 : FFFF;
    1094 : 0001;
    1095 : FFFF;
    1096 : FFFA;
    1097 : 000A;
    1098 : 000E;
    1099 : 0007;
    1100 : 0008;
    1101 : 000E;
    1102 : 0005;
    1103 : 000B;
    1104 : 000A;
    1105 : 0008;
    1106 : 0006;
    1107 : 000B;
    1108 : FFF9;
    1109 : 0000;
    1110 : 0004;
    1111 : 0007;
    1112 : FFEF;
    1113 : FFEC;
    1114 : FFF5;
    1115 : FFF3;
    1116 : FFF8;
    1117 : FFFB;
    1118 : FFF8;
    1119 : FFF7;
    1120 : FFEE;
    1121 : FFEE;
    1122 : FFE3;
    1123 : FFE6;
    1124 : FFE7;
    1125 : FFE0;
    1126 : FFED;
    1127 : FFDF;
    1128 : FFFB;
    1129 : FFF2;
    1130 : FFEC;
    1131 : FFE7;
    1132 : FFEC;
    1133 : FFF0;
    1134 : 0003;
    1135 : 0008;
    1136 : 0006;
    1137 : 0008;
    1138 : 000A;
    1139 : 000E;
    1140 : 0004;
    1141 : 0005;
    1142 : FFF9;
    1143 : FFFB;
    1144 : FFFA;
    1145 : FFFD;
    1146 : FFF2;
    1147 : FFF9;
    1148 : 0005;
    1149 : FFF3;
    1150 : FFF0;
    1151 : FFF4;
    1152 : 0002;
    1153 : 0000;
    1154 : 0006;
    1155 : 0001;
    1156 : FFF3;
    1157 : FFFE;
    1158 : FFFB;
    1159 : 0003;
    1160 : 0001;
    1161 : FFFF;
    1162 : 000D;
    1163 : 0007;
    1164 : 0010;
    1165 : 0002;
    1166 : FFFC;
    1167 : FFF9;
    1168 : FFF4;
    1169 : 0000;
    1170 : 0000;
    1171 : FFF9;
    1172 : 0003;
    1173 : FFFC;
    1174 : FFF9;
    1175 : FFFA;
    1176 : FFF8;
    1177 : FFF2;
    1178 : FFED;
    1179 : FFEF;
    1180 : FFE0;
    1181 : FFE8;
    1182 : FFE5;
    1183 : FFF9;
    1184 : FFF1;
    1185 : FFF4;
    1186 : FFFF;
    1187 : FFF9;
    1188 : 0004;
    1189 : 0001;
    1190 : 000B;
    1191 : FFFD;
    1192 : FFF4;
    1193 : FFF9;
    1194 : FFEF;
    1195 : FFF8;
    1196 : 0000;
    1197 : FFF6;
    1198 : FFFF;
    1199 : 0000;
    1200 : 0001;
    1201 : FFFF;
    1202 : 0008;
    1203 : FFF9;
    1204 : 0002;
    1205 : 000A;
    1206 : FFFA;
    1207 : 0001;
    1208 : 0004;
    1209 : FFFD;
    1210 : 0004;
    1211 : FFFC;
    1212 : FFEE;
    1213 : FFED;
    1214 : FFEC;
    1215 : FFE4;
    1216 : FFEB;
    1217 : FFE4;
    1218 : FFF5;
    1219 : FFF4;
    1220 : FFFA;
    1221 : FFEF;
    1222 : FFEC;
    1223 : FFF1;
    1224 : FFF1;
    1225 : FFF4;
    1226 : FFF4;
    1227 : FFF6;
    1228 : FFFD;
    1229 : FFF8;
    1230 : FFE8;
    1231 : FFF5;
    1232 : FFEC;
    1233 : FFFF;
    1234 : 0004;
    1235 : FFF6;
    1236 : FFF6;
    1237 : FFF7;
    1238 : 0003;
    1239 : FFF9;
    1240 : 0002;
    1241 : 0008;
    1242 : 0001;
    1243 : FFFC;
    1244 : FFFA;
    1245 : 0001;
    1246 : 0001;
    1247 : FFFC;
    1248 : 0005;
    1249 : 0002;
    1250 : 000A;
    1251 : 0009;
    1252 : 0006;
    1253 : 0010;
    1254 : 0006;
    1255 : FFF3;
    1256 : FFFD;
    1257 : FFFA;
    1258 : FFF4;
    1259 : FFF4;
    1260 : FFE4;
    1261 : FFE8;
    1262 : FFF9;
    1263 : FFEF;
    1264 : FFED;
    1265 : FFF3;
    1266 : FFFD;
    1267 : FFF5;
    1268 : FFFB;
    1269 : FFFC;
    1270 : FFF9;
    1271 : FFF6;
    1272 : FFEA;
    1273 : FFF6;
    1274 : FFE4;
    1275 : FFE9;
    1276 : FFEE;
    1277 : FFE9;
    1278 : FFE6;
    1279 : FFEA;
    1280 : FFF9;
    1281 : FFF1;
    1282 : 0001;
    1283 : FFF8;
    1284 : 0002;
    1285 : 0002;
    1286 : 000D;
    1287 : 0000;
    1288 : 0000;
    1289 : 0002;
    1290 : 000B;
    1291 : FFF6;
    1292 : FFF6;
    1293 : FFF8;
    1294 : FFF2;
    1295 : FFFE;
    1296 : 0009;
    1297 : 0001;
    1298 : 000D;
    1299 : 000F;
    1300 : 0014;
    1301 : 0005;
    1302 : 0001;
    1303 : 0002;
    1304 : 0007;
    1305 : 0017;
    1306 : FFFD;
    1307 : FFFC;
    1308 : FFF2;
    1309 : FFF9;
    1310 : FFF2;
    1311 : FFF8;
    1312 : FFFB;
    1313 : FFFF;
    1314 : FFF5;
    1315 : FFF2;
    1316 : FFEB;
    1317 : FFE5;
    1318 : FFEE;
    1319 : FFD4;
    1320 : FFDE;
    1321 : FFE9;
    1322 : FFDF;
    1323 : FFE0;
    1324 : FFE1;
    1325 : FFE0;
    1326 : FFDF;
    1327 : FFD1;
    1328 : FFE2;
    1329 : FFDA;
    1330 : FFDF;
    1331 : FFEA;
    1332 : FFEF;
    1333 : FFEE;
    1334 : FFDE;
    1335 : FFED;
    1336 : FFDC;
    1337 : FFF0;
    1338 : FFE5;
    1339 : FFE4;
    1340 : FFD4;
    1341 : FFE9;
    1342 : FFE8;
    1343 : FFED;
    1344 : FFF6;
    1345 : FFF8;
    1346 : FFF5;
    1347 : FFFC;
    1348 : FFFF;
    1349 : FFF2;
    1350 : FFEB;
    1351 : FFF9;
    1352 : FFF2;
    1353 : FFFB;
    1354 : 0009;
    1355 : 000B;
    1356 : 0009;
    1357 : FFFC;
    1358 : FFF9;
    1359 : 0004;
    1360 : 0002;
    1361 : FFF8;
    1362 : 000D;
    1363 : 0002;
    1364 : 0016;
    1365 : 0004;
    1366 : FFF9;
    1367 : 000E;
    1368 : 0002;
    1369 : 0004;
    1370 : FFF8;
    1371 : FFFF;
    1372 : FFF7;
    1373 : FFFB;
    1374 : FFF7;
    1375 : FFFA;
    1376 : FFF6;
    1377 : FFED;
    1378 : FFF7;
    1379 : FFF9;
    1380 : FFF7;
    1381 : 0004;
    1382 : FFF4;
    1383 : FFF0;
    1384 : FFF3;
    1385 : FFEE;
    1386 : FFF9;
    1387 : FFF5;
    1388 : FFEE;
    1389 : FFED;
    1390 : FFFA;
    1391 : FFF7;
    1392 : FFF8;
    1393 : FFFB;
    1394 : FFFB;
    1395 : 0001;
    1396 : FFF5;
    1397 : 0004;
    1398 : 0011;
    1399 : 0009;
    1400 : 000F;
    1401 : 0004;
    1402 : 0002;
    1403 : FFFC;
    1404 : 0003;
    1405 : 0006;
    1406 : 0013;
    1407 : 0000;
    1408 : 0003;
    1409 : 0001;
    1410 : FFF7;
    1411 : 0006;
    1412 : 0001;
    1413 : FFFA;
    1414 : FFFB;
    1415 : 0003;
    1416 : FFFC;
    1417 : 0008;
    1418 : 0003;
    1419 : FFFF;
    1420 : 0003;
    1421 : FFFC;
    1422 : FFF4;
    1423 : 0000;
    1424 : FFFA;
    1425 : FFFF;
    1426 : FFFA;
    1427 : 0000;
    1428 : FFFC;
    1429 : FFFF;
    1430 : 0012;
    1431 : FFFE;
    1432 : 0005;
    1433 : 0003;
    1434 : 0010;
    1435 : 0011;
    1436 : 0008;
    1437 : 0000;
    1438 : 0007;
    1439 : 0006;
    1440 : 0008;
    1441 : 000A;
    1442 : 0006;
    1443 : 000A;
    1444 : 0008;
    1445 : 0001;
    1446 : 0012;
    1447 : 0010;
    1448 : 000D;
    1449 : 0001;
    1450 : 000E;
    1451 : 0012;
    1452 : FFFB;
    1453 : 0010;
    1454 : 0003;
    1455 : 0019;
    1456 : 0010;
    1457 : 0003;
    1458 : 0007;
    1459 : FFF9;
    1460 : FFF0;
    1461 : 0002;
    1462 : FFFB;
    1463 : FFF2;
    1464 : FFF9;
    1465 : FFFC;
    1466 : FFEF;
    1467 : FFF6;
    1468 : FFFF;
    1469 : FFFA;
    1470 : FFFC;
    1471 : FFF6;
    1472 : 000A;
    1473 : 0000;
    1474 : 0006;
    1475 : FFFF;
    1476 : FFF8;
    1477 : FFFC;
    1478 : FFFB;
    1479 : FFFA;
    1480 : FFF1;
    1481 : FFF3;
    1482 : FFF9;
    1483 : FFF1;
    1484 : 0002;
    1485 : 0002;
    1486 : FFFA;
    1487 : FFFD;
    1488 : FFF7;
    1489 : 0001;
    1490 : 0007;
    1491 : 0009;
    1492 : 0003;
    1493 : 0003;
    1494 : 000D;
    1495 : 000D;
    1496 : 000C;
    1497 : 0011;
    1498 : 0014;
    1499 : 000F;
    1500 : 000E;
    1501 : 000B;
    1502 : FFFB;
    1503 : 0003;
    1504 : FFFE;
    1505 : FFEE;
    1506 : FFFB;
    1507 : FFFA;
    1508 : FFF4;
    1509 : FFFD;
    1510 : FFF5;
    1511 : FFF9;
    1512 : FFFE;
    1513 : FFFC;
    1514 : FFFF;
    1515 : FFF2;
    1516 : FFFD;
    1517 : FFED;
    1518 : FFF4;
    1519 : FFF6;
    1520 : FFF8;
    1521 : 0006;
    1522 : 0008;
    1523 : 0001;
    1524 : FFFC;
    1525 : 0006;
    1526 : FFED;
    1527 : FFF2;
    1528 : FFF5;
    1529 : FFF7;
    1530 : FFF4;
    1531 : FFF9;
    1532 : FFE9;
    1533 : FFEB;
    1534 : FFEF;
    1535 : FFF5;
    1536 : FFFA;
    1537 : FFEF;
    1538 : FFF2;
    1539 : FFFD;
    1540 : FFFB;
    1541 : FFF5;
    1542 : FFF3;
    1543 : FFFE;
    1544 : FFF5;
    1545 : FFEB;
    1546 : FFEE;
    1547 : FFEE;
    1548 : FFE8;
    1549 : FFF5;
    1550 : FFE8;
    1551 : FFEE;
    1552 : FFF0;
    1553 : FFE7;
    1554 : FFF7;
    1555 : FFEE;
    1556 : FFE3;
    1557 : FFE0;
    1558 : FFEE;
    1559 : FFE6;
    1560 : FFEF;
    1561 : FFEF;
    1562 : FFF8;
    1563 : FFF5;
    1564 : 0001;
    1565 : FFF3;
    1566 : FFEF;
    1567 : FFE8;
    1568 : FFEF;
    1569 : FFF5;
    1570 : FFFF;
    1571 : 0003;
    1572 : FFFF;
    1573 : 0002;
    1574 : FFFD;
    1575 : 0004;
    1576 : FFF9;
    1577 : FFF1;
    1578 : FFFF;
    1579 : FFEF;
    1580 : FFEC;
    1581 : FFEA;
    1582 : FFE2;
    1583 : FFEC;
    1584 : FFED;
    1585 : FFE7;
    1586 : FFE1;
    1587 : FFE2;
    1588 : FFE5;
    1589 : FFDF;
    1590 : FFF6;
    1591 : FFEA;
    1592 : FFF6;
    1593 : FFEF;
    1594 : FFF4;
    1595 : FFF3;
    1596 : FFF2;
    1597 : FFEE;
    1598 : FFF5;
    1599 : FFF3;
    1600 : FFF5;
    1601 : FFF9;
    1602 : FFE7;
    1603 : FFE7;
    1604 : FFF3;
    1605 : FFEC;
    1606 : FFEB;
    1607 : FFED;
    1608 : FFE3;
    1609 : FFE3;
    1610 : FFEC;
    1611 : FFDE;
    1612 : FFF6;
    1613 : FFF1;
    1614 : FFE3;
    1615 : FFF6;
    1616 : FFF7;
    1617 : FFFC;
    1618 : FFF2;
    1619 : FFFE;
    1620 : FFED;
    1621 : FFFA;
    1622 : FFEF;
    1623 : FFF2;
    1624 : FFE8;
    1625 : FFF1;
    1626 : FFFB;
    1627 : FFFA;
    1628 : FFF2;
    1629 : FFF3;
    1630 : FFF3;
    1631 : FFFE;
    1632 : 0003;
    1633 : FFF8;
    1634 : FFF3;
    1635 : FFFD;
    1636 : FFFB;
    1637 : FFF2;
    1638 : FFF7;
    1639 : FFF5;
    1640 : FFE4;
    1641 : FFF8;
    1642 : FFED;
    1643 : FFF1;
    1644 : FFF9;
    1645 : FFF1;
    1646 : FFEF;
    1647 : FFFA;
    1648 : FFEB;
    1649 : FFEF;
    1650 : FFF6;
    1651 : FFEB;
    1652 : FFF7;
    1653 : FFF6;
    1654 : FFF6;
    1655 : FFF1;
    1656 : FFFD;
    1657 : FFF6;
    1658 : FFF9;
    1659 : FFFC;
    1660 : 000A;
    1661 : 0000;
    1662 : FFF3;
    1663 : FFF6;
    1664 : FFF8;
    1665 : FFFC;
    1666 : FFE3;
    1667 : FFF5;
    1668 : FFFA;
    1669 : FFF6;
    1670 : FFF7;
    1671 : FFEC;
    1672 : FFF4;
    1673 : FFF7;
    1674 : FFF9;
    1675 : FFF8;
    1676 : 0001;
    1677 : FFF9;
    1678 : 0001;
    1679 : 0003;
    1680 : FFEB;
    1681 : FFF7;
    1682 : FFEE;
    1683 : FFF5;
    1684 : FFF4;
    1685 : FFED;
    1686 : FFF3;
    1687 : FFEF;
    1688 : FFF6;
    1689 : FFEB;
    1690 : FFEB;
    1691 : FFE7;
    1692 : FFE5;
    1693 : FFE1;
    1694 : FFDB;
    1695 : FFD9;
    1696 : FFE2;
    1697 : FFDE;
    1698 : FFEA;
    1699 : FFE2;
    1700 : FFD6;
    1701 : FFE5;
    1702 : FFE7;
    1703 : FFE4;
    1704 : FFEF;
    1705 : FFEC;
    1706 : FFF1;
    1707 : 0004;
    1708 : FFF2;
    1709 : FFF6;
    1710 : 0000;
    1711 : 0002;
    1712 : FFFD;
    1713 : FFFD;
    1714 : FFF8;
    1715 : 0006;
    1716 : FFF4;
    1717 : FFEC;
    1718 : FFF8;
    1719 : FFF3;
    1720 : FFEF;
    1721 : FFF3;
    1722 : FFFE;
    1723 : FFF6;
    1724 : 0001;
    1725 : 0004;
    1726 : 0009;
    1727 : 000F;
    1728 : 0015;
    1729 : 000D;
    1730 : 0008;
    1731 : 0015;
    1732 : 0000;
    1733 : 0008;
    1734 : 0001;
    1735 : FFF2;
    1736 : FFF8;
    1737 : FFF0;
    1738 : FFF2;
    1739 : 0002;
    1740 : FFF2;
    1741 : FFE7;
    1742 : FFF4;
    1743 : FFFC;
    1744 : FFEE;
    1745 : FFEB;
    1746 : FFF8;
    1747 : FFE9;
    1748 : FFF6;
    1749 : FFF0;
    1750 : FFF3;
    1751 : FFE9;
    1752 : FFF6;
    1753 : FFFE;
    1754 : FFF0;
    1755 : FFDE;
    1756 : FFEF;
    1757 : FFE8;
    1758 : FFDF;
    1759 : FFE3;
    1760 : FFED;
    1761 : FFF1;
    1762 : FFF2;
    1763 : FFF6;
    1764 : FFEE;
    1765 : FFF6;
    1766 : FFFE;
    1767 : FFFC;
    1768 : FFF4;
    1769 : FFF8;
    1770 : FFFC;
    1771 : FFF6;
    1772 : FFF6;
    1773 : FFE9;
    1774 : FFF5;
    1775 : FFE2;
    1776 : FFE9;
    1777 : FFF2;
    1778 : FFE9;
    1779 : FFE9;
    1780 : FFF5;
    1781 : FFEB;
    1782 : FFE1;
    1783 : FFE3;
    1784 : FFE8;
    1785 : FFDE;
    1786 : FFE7;
    1787 : FFDF;
    1788 : FFE0;
    1789 : FFD9;
    1790 : FFDD;
    1791 : FFDA;
    1792 : FFE6;
    1793 : FFE7;
    1794 : FFE8;
    1795 : FFE1;
    1796 : FFEF;
    1797 : FFE6;
    1798 : FFF2;
    1799 : FFF6;
    1800 : FFEF;
    1801 : FFE9;
    1802 : FFE6;
    1803 : FFD7;
    1804 : FFEC;
    1805 : FFDB;
    1806 : FFD3;
    1807 : FFDA;
    1808 : FFD6;
    1809 : FFDF;
    1810 : FFDB;
    1811 : FFE5;
    1812 : FFDF;
    1813 : FFEC;
    1814 : FFED;
    1815 : FFDD;
    1816 : FFF0;
    1817 : FFE8;
    1818 : FFEB;
    1819 : FFF1;
    1820 : FFE2;
    1821 : FFDB;
    1822 : FFE1;
    1823 : FFE2;
    1824 : FFD9;
    1825 : FFDA;
    1826 : FFE1;
    1827 : FFE0;
    1828 : FFE8;
    1829 : FFE0;
    1830 : FFEC;
    1831 : FFE7;
    1832 : FFE7;
    1833 : FFDD;
    1834 : FFDB;
    1835 : FFE8;
    1836 : FFE2;
    1837 : FFE3;
    1838 : FFDC;
    1839 : FFDD;
    1840 : FFD4;
    1841 : FFD8;
    1842 : FFDA;
    1843 : FFDB;
    1844 : FFDD;
    1845 : FFD0;
    1846 : FFD6;
    1847 : FFD5;
    1848 : FFD1;
    1849 : FFBF;
    1850 : FFD1;
    1851 : FFCB;
    1852 : FFD4;
    1853 : FFDF;
    1854 : FFD3;
    1855 : FFE4;
    1856 : FFE3;
    1857 : FFEB;
    1858 : FFF1;
    1859 : FFF8;
    1860 : FFEB;
    1861 : FFEF;
    1862 : FFF7;
    1863 : FFF5;
    1864 : FFDE;
    1865 : FFEA;
    1866 : FFEB;
    1867 : FFEA;
    1868 : FFF0;
    1869 : FFEA;
    1870 : FFF2;
    1871 : FFFA;
    1872 : 0003;
    1873 : 0001;
    1874 : 0007;
    1875 : FFFE;
    1876 : 000A;
    1877 : 0015;
    1878 : 000C;
    1879 : 000F;
    1880 : 0011;
    1881 : 0003;
    1882 : 000C;
    1883 : 000C;
    1884 : 0009;
    1885 : 0012;
    1886 : 0005;
    1887 : 0007;
    1888 : 0000;
    1889 : FFF4;
    1890 : 0000;
    1891 : FFF8;
    1892 : FFF7;
    1893 : FFF5;
    1894 : 0003;
    1895 : 0007;
    1896 : FFF1;
    1897 : FFF6;
    1898 : FFFA;
    1899 : FFF0;
    1900 : FFF9;
    1901 : FFFB;
    1902 : FFE8;
    1903 : FFF8;
    1904 : FFF7;
    1905 : FFF3;
    1906 : FFEA;
    1907 : FFF3;
    1908 : FFF7;
    1909 : FFE7;
    1910 : FFF8;
    1911 : FFF4;
    1912 : FFF2;
    1913 : FFEE;
    1914 : FFFC;
    1915 : FFE8;
    1916 : FFF2;
    1917 : FFF1;
    1918 : FFF3;
    1919 : FFED;
    1920 : FFF2;
    1921 : FFF2;
    1922 : FFEA;
    1923 : FFF1;
    1924 : FFF7;
    1925 : 0006;
    1926 : FFFF;
    1927 : FFFC;
    1928 : 000F;
    1929 : FFFC;
    1930 : 0008;
    1931 : 0003;
    1932 : 0009;
    1933 : 0016;
    1934 : 0006;
    1935 : 0007;
    1936 : FFFC;
    1937 : FFF6;
    1938 : FFF7;
    1939 : FFFA;
    1940 : FFF8;
    1941 : 0000;
    1942 : 0005;
    1943 : 0009;
    1944 : 0006;
    1945 : 0010;
    1946 : 000D;
    1947 : 0018;
    1948 : 000D;
    1949 : 0001;
    1950 : FFFD;
    1951 : FFFE;
    1952 : FFF4;
    1953 : FFF4;
    1954 : FFEB;
    1955 : FFE9;
    1956 : FFFC;
    1957 : FFFA;
    1958 : 0002;
    1959 : 0006;
    1960 : FFFB;
    1961 : FFF9;
    1962 : 0005;
    1963 : FFF4;
    1964 : FFFE;
    1965 : FFFF;
    1966 : FFF6;
    1967 : FFF4;
    1968 : 0002;
    1969 : FFF2;
    1970 : 0000;
    1971 : FFF9;
    1972 : FFED;
    1973 : FFEA;
    1974 : FFE2;
    1975 : FFE6;
    1976 : FFD2;
    1977 : FFEA;
    1978 : FFE5;
    1979 : FFD9;
    1980 : FFE1;
    1981 : FFE7;
    1982 : FFDF;
    1983 : FFDA;
    1984 : FFDB;
    1985 : FFD8;
    1986 : FFDA;
    1987 : FFDF;
    1988 : FFDF;
    1989 : FFE1;
    1990 : FFE2;
    1991 : FFD9;
    1992 : FFDE;
    1993 : FFD2;
    1994 : FFD1;
    1995 : FFDF;
    1996 : FFD2;
    1997 : FFD9;
    1998 : FFE1;
    1999 : FFD5;
    2000 : FFDF;
    2001 : FFDF;
    2002 : FFDB;
    2003 : FFE8;
    2004 : FFE5;
    2005 : FFEC;
    2006 : FFDF;
    2007 : FFE4;
    2008 : FFEB;
    2009 : FFE8;
    2010 : FFE7;
    2011 : FFE0;
    2012 : FFDB;
    2013 : FFCD;
    2014 : FFD2;
    2015 : FFCC;
    2016 : FFD6;
    2017 : FFC9;
    2018 : FFCF;
    2019 : FFDB;
    2020 : FFDE;
    2021 : FFDB;
    2022 : FFE1;
    2023 : FFED;
    2024 : FFE3;
    2025 : FFF0;
    2026 : FFD4;
    2027 : FFE5;
    2028 : FFE7;
    2029 : FFDC;
    2030 : FFEE;
    2031 : FFE6;
    2032 : FFE1;
    2033 : FFF2;
    2034 : FFEC;
    2035 : FFD9;
    2036 : FFDF;
    2037 : FFDD;
    2038 : FFDE;
    2039 : FFD8;
    2040 : FFE3;
    2041 : FFD5;
    2042 : FFD5;
    2043 : FFD9;
    2044 : FFD8;
    2045 : FFE8;
    2046 : FFE9;
    2047 : FFE0;
    2048 : FFE4;
    2049 : FFEC;
    2050 : FFDF;
    2051 : FFE1;
    2052 : FFE9;
    2053 : FFDC;
    2054 : FFEB;
    2055 : FFE9;
    2056 : FFEA;
    2057 : FFDB;
    2058 : FFDF;
    2059 : FFE4;
    2060 : FFF0;
    2061 : FFED;
    2062 : FFE1;
    2063 : 0002;
    2064 : FFEC;
    2065 : FFFE;
    2066 : FFFE;
    2067 : FFFF;
    2068 : FFF6;
    2069 : 0001;
    2070 : FFFB;
    2071 : 0008;
    2072 : 0005;
    2073 : FFF0;
    2074 : FFF5;
    2075 : FFF2;
    2076 : FFE7;
    2077 : FFFA;
    2078 : FFEA;
    2079 : FFF9;
    2080 : FFF1;
    2081 : FFF8;
    2082 : FFF8;
    2083 : FFF5;
    2084 : FFF1;
    2085 : FFFC;
    2086 : FFFE;
    2087 : FFFC;
    2088 : 0004;
    2089 : 0009;
    2090 : 0008;
    2091 : 0010;
    2092 : 0007;
    2093 : 0004;
    2094 : FFF6;
    2095 : 0009;
    2096 : 0005;
    2097 : 0013;
    2098 : 0008;
    2099 : 0012;
    2100 : 0012;
    2101 : 000E;
    2102 : 000D;
    2103 : 000E;
    2104 : 001A;
    2105 : 000B;
    2106 : 0000;
    2107 : 0009;
    2108 : 0004;
    2109 : FFFB;
    2110 : FFFA;
    2111 : FFFD;
    2112 : FFFD;
    2113 : 0005;
    2114 : 0005;
    2115 : FFFF;
    2116 : FFFB;
    2117 : FFFD;
    2118 : 0002;
    2119 : 0006;
    2120 : FFFE;
    2121 : FFFB;
    2122 : 0009;
    2123 : 0007;
    2124 : 0009;
    2125 : 000C;
    2126 : 0007;
    2127 : 0009;
    2128 : 000F;
    2129 : 0015;
    2130 : 000A;
    2131 : 0009;
    2132 : 0010;
    2133 : FFFF;
    2134 : 0000;
    2135 : 0003;
    2136 : FFFD;
    2137 : FFF5;
    2138 : FFFC;
    2139 : FFFB;
    2140 : 0001;
    2141 : 000C;
    2142 : FFF9;
    2143 : 0001;
    2144 : 0004;
    2145 : FFFA;
    2146 : 0006;
    2147 : 000A;
    2148 : 000A;
    2149 : 000A;
    2150 : 000C;
    2151 : 000C;
    2152 : 001E;
    2153 : 001B;
    2154 : 0011;
    2155 : 0016;
    2156 : 0012;
    2157 : 000C;
    2158 : 0003;
    2159 : 0006;
    2160 : FFF8;
    2161 : 0012;
    2162 : 0006;
    2163 : FFFD;
    2164 : 0005;
    2165 : 0005;
    2166 : 0007;
    2167 : FFFB;
    2168 : 000C;
    2169 : FFF7;
    2170 : FFFF;
    2171 : FFFE;
    2172 : FFFE;
    2173 : FFF2;
    2174 : FFF2;
    2175 : FFFC;
    2176 : FFF6;
    2177 : FFF4;
    2178 : FFF8;
    2179 : FFE9;
    2180 : FFEF;
    2181 : FFF7;
    2182 : FFED;
    2183 : FFFF;
    2184 : FFF9;
    2185 : 0004;
    2186 : FFF9;
    2187 : FFFA;
    2188 : FFFF;
    2189 : 0004;
    2190 : 000A;
    2191 : FFFB;
    2192 : FFF3;
    2193 : FFFF;
    2194 : FFF7;
    2195 : FFF3;
    2196 : FFF6;
    2197 : FFE9;
    2198 : FFF8;
    2199 : FFE5;
    2200 : FFF1;
    2201 : FFF8;
    2202 : FFF0;
    2203 : FFFE;
    2204 : FFF9;
    2205 : FFFE;
    2206 : 0008;
    2207 : FFF9;
    2208 : FFEF;
    2209 : FFFF;
    2210 : FFF7;
    2211 : FFF7;
    2212 : FFF4;
    2213 : FFF1;
    2214 : 0002;
    2215 : 0000;
    2216 : FFF7;
    2217 : FFF6;
    2218 : 0001;
    2219 : FFF4;
    2220 : FFF5;
    2221 : 0007;
    2222 : FFFF;
    2223 : FFFA;
    2224 : 0002;
    2225 : FFFA;
    2226 : 0003;
    2227 : FFFF;
    2228 : FFFF;
    2229 : 0005;
    2230 : FFFA;
    2231 : FFFC;
    2232 : 0006;
    2233 : FFFD;
    2234 : 000E;
    2235 : 0002;
    2236 : 0001;
    2237 : 0010;
    2238 : 0013;
    2239 : 0008;
    2240 : 0009;
    2241 : 000F;
    2242 : 0008;
    2243 : 0003;
    2244 : 0008;
    2245 : 0017;
    2246 : 0013;
    2247 : 0011;
    2248 : 000E;
    2249 : 0014;
    2250 : 0027;
    2251 : 0017;
    2252 : 0019;
    2253 : 0023;
    2254 : 0020;
    2255 : 0024;
    2256 : 001E;
    2257 : 0014;
    2258 : 0019;
    2259 : 0014;
    2260 : 0017;
    2261 : 0015;
    2262 : 001E;
    2263 : 0016;
    2264 : 0012;
    2265 : 000F;
    2266 : 000D;
    2267 : 0017;
    2268 : 000C;
    2269 : 0020;
    2270 : 0012;
    2271 : 0022;
    2272 : 0014;
    2273 : 0024;
    2274 : 001F;
    2275 : 001F;
    2276 : 000A;
    2277 : 000E;
    2278 : 0007;
    2279 : 0006;
    2280 : 0008;
    2281 : 000A;
    2282 : 0009;
    2283 : 000A;
    2284 : 0017;
    2285 : 000F;
    2286 : 001F;
    2287 : 0015;
    2288 : 0011;
    2289 : 001D;
    2290 : 0017;
    2291 : 0010;
    2292 : 0016;
    2293 : 0017;
    2294 : 000E;
    2295 : 0013;
    2296 : 0015;
    2297 : 0011;
    2298 : 001B;
    2299 : 0016;
    2300 : 0021;
    2301 : 0012;
    2302 : 000E;
    2303 : 001E;
    2304 : 001C;
    2305 : 001E;
    2306 : 001C;
    2307 : 0013;
    2308 : 000E;
    2309 : 0018;
    2310 : 000B;
    2311 : 0016;
    2312 : 0014;
    2313 : 0012;
    2314 : 001D;
    2315 : 001D;
    2316 : 0022;
    2317 : 001B;
    2318 : 001A;
    2319 : 0015;
    2320 : 001A;
    2321 : 0018;
    2322 : 001B;
    2323 : 002A;
    2324 : 0020;
    2325 : 0021;
    2326 : 001D;
    2327 : 0019;
    2328 : 000D;
    2329 : 000D;
    2330 : 0000;
    2331 : 0013;
    2332 : 000F;
    2333 : 0002;
    2334 : 0007;
    2335 : FFFB;
    2336 : 0011;
    2337 : 000C;
    2338 : 000E;
    2339 : 0012;
    2340 : 0019;
    2341 : 000C;
    2342 : 0004;
    2343 : 0012;
    2344 : 000A;
    2345 : FFF8;
    2346 : 0006;
    2347 : 000F;
    2348 : FFF4;
    2349 : FFF8;
    2350 : FFF0;
    2351 : FFF4;
    2352 : FFF8;
    2353 : FFF7;
    2354 : FFE8;
    2355 : FFE8;
    2356 : FFEC;
    2357 : FFE8;
    2358 : FFF0;
    2359 : FFEB;
    2360 : FFFC;
    2361 : FFF8;
    2362 : 0003;
    2363 : FFED;
    2364 : FFEE;
    2365 : FFF6;
    2366 : FFF0;
    2367 : FFF1;
    2368 : FFEB;
    2369 : FFFA;
    2370 : FFFE;
    2371 : FFF7;
    2372 : FFF3;
    2373 : FFFF;
    2374 : FFF8;
    2375 : 0007;
    2376 : FFFC;
    2377 : FFF8;
    2378 : FFFD;
    2379 : FFF3;
    2380 : FFF7;
    2381 : FFE8;
    2382 : FFF3;
    2383 : FFEE;
    2384 : FFED;
    2385 : 0006;
    2386 : FFF6;
    2387 : FFF3;
    2388 : FFE8;
    2389 : FFF3;
    2390 : FFFE;
    2391 : FFE5;
    2392 : FFF2;
    2393 : FFE9;
    2394 : FFE1;
    2395 : FFEF;
    2396 : FFEE;
    2397 : FFEC;
    2398 : FFF2;
    2399 : FFE4;
    2400 : FFF2;
    2401 : FFE6;
    2402 : FFE9;
    2403 : FFE9;
    2404 : FFEB;
    2405 : FFDB;
    2406 : FFEE;
    2407 : FFE4;
    2408 : FFDD;
    2409 : FFF4;
    2410 : FFED;
    2411 : FFF4;
    2412 : FFE7;
    2413 : FFF0;
    2414 : FFF1;
    2415 : FFF2;
    2416 : FFF2;
    2417 : FFDE;
    2418 : FFE9;
    2419 : FFE8;
    2420 : FFE7;
    2421 : FFEC;
    2422 : FFE9;
    2423 : FFDA;
    2424 : FFE3;
    2425 : FFE4;
    2426 : FFED;
    2427 : FFEC;
    2428 : FFE8;
    2429 : FFF1;
    2430 : FFEB;
    2431 : FFDA;
    2432 : FFF0;
    2433 : FFEC;
    2434 : FFF2;
    2435 : FFEB;
    2436 : FFF9;
    2437 : FFEE;
    2438 : FFF6;
    2439 : FFEE;
    2440 : FFE3;
    2441 : FFEF;
    2442 : FFF4;
    2443 : FFF5;
    2444 : FFF6;
    2445 : 000B;
    2446 : FFFC;
    2447 : FFFA;
    2448 : FFF9;
    2449 : FFFB;
    2450 : FFFD;
    2451 : FFF2;
    2452 : FFFE;
    2453 : FFF6;
    2454 : FFEE;
    2455 : FFEE;
    2456 : FFED;
    2457 : FFE5;
    2458 : FFF3;
    2459 : FFF3;
    2460 : FFEB;
    2461 : FFF5;
    2462 : FFEA;
    2463 : FFF2;
    2464 : FFF2;
    2465 : FFED;
    2466 : FFF6;
    2467 : 0001;
    2468 : FFFB;
    2469 : FFFF;
    2470 : FFFB;
    2471 : FFF1;
    2472 : FFF9;
    2473 : 0000;
    2474 : 0001;
    2475 : 0004;
    2476 : FFFA;
    2477 : FFF8;
    2478 : FFE9;
    2479 : FFEA;
    2480 : FFF0;
    2481 : FFF0;
    2482 : FFE6;
    2483 : FFED;
    2484 : FFF3;
    2485 : FFEE;
    2486 : FFE5;
    2487 : FFE7;
    2488 : FFDB;
    2489 : FFE6;
    2490 : FFE2;
    2491 : FFEA;
    2492 : FFE6;
    2493 : FFE2;
    2494 : FFDF;
    2495 : FFDF;
    2496 : FFD8;
    2497 : FFEC;
    2498 : FFDF;
    2499 : FFD9;
    2500 : FFEE;
    2501 : FFE5;
    2502 : FFE8;
    2503 : FFEB;
    2504 : FFEC;
    2505 : FFE1;
    2506 : FFED;
    2507 : FFEC;
    2508 : FFEF;
    2509 : FFE4;
    2510 : FFF8;
    2511 : FFEF;
    2512 : 0003;
    2513 : 0006;
    2514 : 0001;
    2515 : 0002;
    2516 : FFF4;
    2517 : FFFB;
    2518 : FFFF;
    2519 : FFFB;
    2520 : 0002;
    2521 : 0004;
    2522 : FFFC;
    2523 : 0000;
    2524 : FFFA;
    2525 : FFFF;
    2526 : 0000;
    2527 : 0002;
    2528 : 0001;
    2529 : 0003;
    2530 : 0010;
    2531 : 0002;
    2532 : 0003;
    2533 : 000D;
    2534 : FFF1;
    2535 : FFF5;
    2536 : FFF5;
    2537 : FFF1;
    2538 : FFED;
    2539 : FFE7;
    2540 : FFF3;
    2541 : FFEB;
    2542 : FFEF;
    2543 : FFE8;
    2544 : FFED;
    2545 : FFF2;
    2546 : FFF0;
    2547 : FFF7;
    2548 : FFF2;
    2549 : FFF7;
    2550 : FFF2;
    2551 : FFF9;
    2552 : FFFD;
    2553 : FFFC;
    2554 : FFFD;
    2555 : 0003;
    2556 : 0003;
    2557 : FFF9;
    2558 : FFF8;
    2559 : FFFD;
    2560 : 0005;
    2561 : FFEB;
    2562 : FFF0;
    2563 : FFF3;
    2564 : FFF1;
    2565 : FFFA;
    2566 : FFF8;
    2567 : 000A;
    2568 : FFF2;
    2569 : FFF7;
    2570 : FFE8;
    2571 : FFE3;
    2572 : FFE8;
    2573 : FFEF;
    2574 : FFE0;
    2575 : FFE7;
    2576 : FFDF;
    2577 : FFDE;
    2578 : FFE3;
    2579 : FFEF;
    2580 : FFDA;
    2581 : FFED;
    2582 : FFFA;
    2583 : FFF5;
    2584 : FFEC;
    2585 : FFF3;
    2586 : FFE9;
    2587 : FFF1;
    2588 : FFF5;
    2589 : FFF2;
    2590 : FFF8;
    2591 : FFE7;
    2592 : FFE9;
    2593 : FFEA;
    2594 : FFEA;
    2595 : FFDE;
    2596 : FFEF;
    2597 : FFE9;
    2598 : FFF2;
    2599 : FFF2;
    2600 : FFE6;
    2601 : FFF8;
    2602 : FFF7;
    2603 : FFFB;
    2604 : FFFA;
    2605 : FFF1;
    2606 : FFF0;
    2607 : FFF5;
    2608 : FFED;
    2609 : FFF0;
    2610 : FFED;
    2611 : FFFA;
    2612 : FFFB;
    2613 : FFF6;
    2614 : FFFC;
    2615 : FFFC;
    2616 : FFF9;
    2617 : FFF4;
    2618 : FFF8;
    2619 : FFED;
    2620 : FFE8;
    2621 : FFEB;
    2622 : FFF1;
    2623 : FFF7;
    2624 : FFF7;
    2625 : FFF1;
    2626 : FFF5;
    2627 : FFF3;
    2628 : FFEF;
    2629 : FFF6;
    2630 : FFFF;
    2631 : FFE9;
    2632 : FFEF;
    2633 : FFF6;
    2634 : FFEA;
    2635 : FFEA;
    2636 : FFEA;
    2637 : FFF0;
    2638 : FFE7;
    2639 : FFDF;
    2640 : FFDE;
    2641 : FFDF;
    2642 : FFDC;
    2643 : FFD8;
    2644 : FFE6;
    2645 : FFE2;
    2646 : FFDC;
    2647 : FFD9;
    2648 : FFF2;
    2649 : FFE8;
    2650 : FFF1;
    2651 : FFE2;
    2652 : FFEE;
    2653 : FFE9;
    2654 : FFE2;
    2655 : FFE6;
    2656 : FFD8;
    2657 : FFD7;
    2658 : FFD4;
    2659 : FFCE;
    2660 : FFD6;
    2661 : FFDB;
    2662 : FFDB;
    2663 : FFD5;
    2664 : FFE6;
    2665 : FFE3;
    2666 : FFF3;
    2667 : FFF5;
    2668 : FFFB;
    2669 : 0001;
    2670 : FFF9;
    2671 : FFFA;
    2672 : FFF7;
    2673 : FFF0;
    2674 : FFF1;
    2675 : FFE3;
    2676 : FFEC;
    2677 : FFDD;
    2678 : FFE9;
    2679 : FFE2;
    2680 : FFE6;
    2681 : FFEE;
    2682 : FFE1;
    2683 : FFE3;
    2684 : FFE7;
    2685 : FFE3;
    2686 : FFE4;
    2687 : FFEC;
    2688 : FFE5;
    2689 : FFF6;
    2690 : FFF1;
    2691 : FFF1;
    2692 : FFF6;
    2693 : FFF8;
    2694 : 0000;
    2695 : FFF6;
    2696 : FFFA;
    2697 : FFF2;
    2698 : FFF6;
    2699 : FFEF;
    2700 : FFFA;
    2701 : FFF1;
    2702 : FFF6;
    2703 : FFF2;
    2704 : FFF9;
    2705 : FFF5;
    2706 : FFFE;
    2707 : FFFA;
    2708 : FFF8;
    2709 : FFEF;
    2710 : FFF9;
    2711 : 0002;
    2712 : FFFA;
    2713 : 0003;
    2714 : FFFF;
    2715 : FFF5;
    2716 : 0009;
    2717 : FFF5;
    2718 : FFFA;
    2719 : FFF2;
    2720 : FFE8;
    2721 : FFE8;
    2722 : FFF2;
    2723 : FFFD;
    2724 : FFF6;
    2725 : FFF4;
    2726 : 0005;
    2727 : FFF2;
    2728 : FFFF;
    2729 : 0009;
    2730 : 0005;
    2731 : 0008;
    2732 : 0015;
    2733 : 0015;
    2734 : 000F;
    2735 : 0019;
    2736 : 0010;
    2737 : 0017;
    2738 : 000A;
    2739 : 000D;
    2740 : 000B;
    2741 : 000C;
    2742 : 0004;
    2743 : 000A;
    2744 : 000D;
    2745 : 0013;
    2746 : 0009;
    2747 : 0013;
    2748 : 0014;
    2749 : 0013;
    2750 : 0019;
    2751 : 0018;
    2752 : 000D;
    2753 : 0016;
    2754 : 0021;
    2755 : 001D;
    2756 : 001E;
    2757 : 0020;
    2758 : 000A;
    2759 : 0006;
    2760 : 0017;
    2761 : 0013;
    2762 : 000C;
    2763 : 0008;
    2764 : 0010;
    2765 : 0007;
    2766 : 000F;
    2767 : FFFF;
    2768 : 0005;
    2769 : 000A;
    2770 : 000B;
    2771 : 000A;
    2772 : 000D;
    2773 : 0006;
    2774 : 0003;
    2775 : 0005;
    2776 : 0001;
    2777 : 0008;
    2778 : 0008;
    2779 : 000E;
    2780 : 0007;
    2781 : 0009;
    2782 : 0005;
    2783 : FFFF;
    2784 : 0016;
    2785 : 000E;
    2786 : 001B;
    2787 : 0011;
    2788 : 0010;
    2789 : 0017;
    2790 : 0017;
    2791 : 0020;
    2792 : 0010;
    2793 : 0020;
    2794 : 001C;
    2795 : 0017;
    2796 : 0011;
    2797 : 0006;
    2798 : 0018;
    2799 : 0010;
    2800 : 001C;
    2801 : 000E;
    2802 : 0019;
    2803 : 0016;
    2804 : 000E;
    2805 : 0018;
    2806 : 0010;
    2807 : 0010;
    2808 : 000E;
    2809 : 000E;
    2810 : 000E;
    2811 : 0013;
    2812 : 0014;
    2813 : 000C;
    2814 : 000D;
    2815 : 000F;
    2816 : FFFF;
    2817 : FFFE;
    2818 : 0000;
    2819 : 0004;
    2820 : FFFA;
    2821 : 0003;
    2822 : 0004;
    2823 : 0009;
    2824 : 001E;
    2825 : 000B;
    2826 : 0013;
    2827 : 000E;
    2828 : 0012;
    2829 : 0011;
    2830 : 000E;
    2831 : 000A;
    2832 : 000E;
    2833 : 0005;
    2834 : 000D;
    2835 : 000C;
    2836 : 0004;
    2837 : 0022;
    2838 : 0023;
    2839 : 0021;
    2840 : 000F;
    2841 : 0014;
    2842 : 0016;
    2843 : 000F;
    2844 : 000D;
    2845 : 0008;
    2846 : FFF8;
    2847 : 0001;
    2848 : FFFC;
    2849 : FFFC;
    2850 : 0001;
    2851 : 0005;
    2852 : 0001;
    2853 : 0002;
    2854 : 0001;
    2855 : FFF7;
    2856 : 0009;
    2857 : 0009;
    2858 : 0013;
    2859 : 0017;
    2860 : 0015;
    2861 : 000A;
    2862 : 001B;
    2863 : 0018;
    2864 : 0014;
    2865 : 0016;
    2866 : 0015;
    2867 : 0012;
    2868 : 0016;
    2869 : 001D;
    2870 : 0016;
    2871 : 001F;
    2872 : 0014;
    2873 : 0018;
    2874 : 0013;
    2875 : 001F;
    2876 : 001C;
    2877 : 001B;
    2878 : 001C;
    2879 : 001A;
    2880 : 001E;
    2881 : 0010;
    2882 : 000C;
    2883 : 000B;
    2884 : 0021;
    2885 : 001D;
    2886 : 0019;
    2887 : 001A;
    2888 : 0023;
    2889 : 0017;
    2890 : 0021;
    2891 : 001E;
    2892 : 001E;
    2893 : 0020;
    2894 : 0014;
    2895 : 0012;
    2896 : 0018;
    2897 : 0005;
    2898 : 0002;
    2899 : FFFF;
    2900 : 000A;
    2901 : 0004;
    2902 : 000F;
    2903 : 0014;
    2904 : 0001;
    2905 : 0011;
    2906 : 000B;
    2907 : 0002;
    2908 : 0005;
    2909 : 000F;
    2910 : FFFD;
    2911 : FFFF;
    2912 : FFFD;
    2913 : 0001;
    2914 : 000E;
    2915 : 0005;
    2916 : 000B;
    2917 : 0014;
    2918 : 000F;
    2919 : 0010;
    2920 : 0014;
    2921 : 0006;
    2922 : 0016;
    2923 : 0000;
    2924 : 000F;
    2925 : 000D;
    2926 : FFFD;
    2927 : 0017;
    2928 : 000F;
    2929 : 0001;
    2930 : FFFF;
    2931 : 000B;
    2932 : FFF6;
    2933 : 0003;
    2934 : FFFB;
    2935 : FFFA;
    2936 : 000C;
    2937 : 0007;
    2938 : 0011;
    2939 : 0003;
    2940 : 0005;
    2941 : 0007;
    2942 : 0006;
    2943 : FFFF;
    2944 : FFF8;
    2945 : FFF6;
    2946 : FFFC;
    2947 : FFEE;
    2948 : FFE6;
    2949 : FFEC;
    2950 : FFDD;
    2951 : FFF0;
    2952 : FFF8;
    2953 : FFF5;
    2954 : FFED;
    2955 : FFF6;
    2956 : FFF5;
    2957 : FFF6;
    2958 : 0000;
    2959 : FFFF;
    2960 : FFFC;
    2961 : FFFD;
    2962 : 0007;
    2963 : 0006;
    2964 : FFF8;
    2965 : 0000;
    2966 : FFFB;
    2967 : FFFA;
    2968 : FFFC;
    2969 : 0004;
    2970 : FFFC;
    2971 : 0000;
    2972 : FFF6;
    2973 : FFF1;
    2974 : FFFC;
    2975 : FFF6;
    2976 : FFF8;
    2977 : FFFB;
    2978 : FFFA;
    2979 : FFFD;
    2980 : FFFD;
    2981 : FFFC;
    2982 : FFFD;
    2983 : FFFC;
    2984 : 0000;
    2985 : FFF6;
    2986 : FFF4;
    2987 : FFFF;
    2988 : FFFC;
    2989 : 0007;
    2990 : FFFA;
    2991 : FFF8;
    2992 : FFF8;
    2993 : 0006;
    2994 : FFF3;
    2995 : FFEC;
    2996 : FFE8;
    2997 : FFF3;
    2998 : FFF2;
    2999 : FFE7;
    3000 : FFE7;
    3001 : FFE0;
    3002 : FFEF;
    3003 : FFE5;
    3004 : FFE5;
    3005 : FFF1;
    3006 : FFE9;
    3007 : FFEE;
    3008 : 0003;
    3009 : FFF1;
    3010 : FFFD;
    3011 : FFFE;
    3012 : FFF4;
    3013 : FFEB;
    3014 : FFF0;
    3015 : FFFE;
    3016 : 0003;
    3017 : 000A;
    3018 : FFFF;
    3019 : FFEF;
    3020 : FFF8;
    3021 : FFFD;
    3022 : 000D;
    3023 : 0009;
    3024 : 0011;
    3025 : 000B;
    3026 : 000E;
    3027 : 000E;
    3028 : FFFD;
    3029 : 0001;
    3030 : FFFD;
    3031 : 0008;
    3032 : 0005;
    3033 : 0009;
    3034 : 0003;
    3035 : 000E;
    3036 : 0006;
    3037 : 0013;
    3038 : 000F;
    3039 : 0019;
    3040 : 0010;
    3041 : 0004;
    3042 : 0001;
    3043 : FFF9;
    3044 : 0000;
    3045 : 0007;
    3046 : FFF5;
    3047 : 0005;
    3048 : 0004;
    3049 : 0003;
    3050 : 000F;
    3051 : 000B;
    3052 : 0004;
    3053 : FFFD;
    3054 : 0000;
    3055 : FFFE;
    3056 : 0012;
    3057 : 0010;
    3058 : 0008;
    3059 : 0011;
    3060 : 000A;
    3061 : 0010;
    3062 : 0012;
    3063 : 001B;
    3064 : 0020;
    3065 : 0017;
    3066 : 001B;
    3067 : 001E;
    3068 : 002E;
    3069 : 0015;
    3070 : 0010;
    3071 : 0013;
    3072 : 0005;
    3073 : 000C;
    3074 : 0015;
    3075 : 0015;
    3076 : 0011;
    3077 : 0014;
    3078 : 000F;
    3079 : 0013;
    3080 : 0012;
    3081 : 0016;
    3082 : 001C;
    3083 : 000F;
    3084 : 001C;
    3085 : 0023;
    3086 : 0018;
    3087 : 000C;
    3088 : 000D;
    3089 : 000B;
    3090 : 0013;
    3091 : 0013;
    3092 : 0016;
    3093 : 001E;
    3094 : 0019;
    3095 : 0012;
    3096 : 0021;
    3097 : 0030;
    3098 : 0025;
    3099 : 0031;
    3100 : 001F;
    3101 : 0022;
    3102 : 0027;
    3103 : 000A;
    3104 : 0019;
    3105 : 000F;
    3106 : 001F;
    3107 : 001A;
    3108 : 0010;
    3109 : 0021;
    3110 : 0014;
    3111 : 000F;
    3112 : 000F;
    3113 : 000C;
    3114 : 0009;
    3115 : 0004;
    3116 : 0017;
    3117 : 0007;
    3118 : 000F;
    3119 : 0007;
    3120 : 0005;
    3121 : 000B;
    3122 : 0012;
    3123 : 000A;
    3124 : 000E;
    3125 : 0015;
    3126 : 000B;
    3127 : 000F;
    3128 : 0006;
    3129 : 000B;
    3130 : FFF9;
    3131 : FFF1;
    3132 : FFFD;
    3133 : FFF8;
    3134 : FFFC;
    3135 : FFFA;
    3136 : 0000;
    3137 : FFEE;
    3138 : FFF7;
    3139 : FFFF;
    3140 : 0006;
    3141 : 0004;
    3142 : 0004;
    3143 : 0005;
    3144 : FFFB;
    3145 : FFF7;
    3146 : 0004;
    3147 : FFF5;
    3148 : FFFE;
    3149 : 0004;
    3150 : 000C;
    3151 : 0004;
    3152 : FFFD;
    3153 : FFFD;
    3154 : 0006;
    3155 : FFFE;
    3156 : FFFC;
    3157 : FFFE;
    3158 : FFF9;
    3159 : 0003;
    3160 : 000B;
    3161 : 0000;
    3162 : 0000;
    3163 : FFFC;
    3164 : FFFB;
    3165 : FFFF;
    3166 : FFF9;
    3167 : 0001;
    3168 : 0001;
    3169 : 0002;
    3170 : 0005;
    3171 : FFF5;
    3172 : FFF8;
    3173 : 0003;
    3174 : FFFB;
    3175 : 0002;
    3176 : FFFA;
    3177 : FFFC;
    3178 : FFFF;
    3179 : 0006;
    3180 : FFF4;
    3181 : 0004;
    3182 : 0001;
    3183 : FFF3;
    3184 : FFEE;
    3185 : FFF9;
    3186 : FFE7;
    3187 : FFF6;
    3188 : FFF2;
    3189 : FFEC;
    3190 : FFFB;
    3191 : 0001;
    3192 : FFF6;
    3193 : 0003;
    3194 : FFF7;
    3195 : FFF7;
    3196 : FFF7;
    3197 : 0000;
    3198 : 000E;
    3199 : 000C;
    3200 : 0000;
    3201 : FFFE;
    3202 : 000D;
    3203 : 000D;
    3204 : 0007;
    3205 : 0009;
    3206 : 000E;
    3207 : 0002;
    3208 : 0001;
    3209 : 0000;
    3210 : 0008;
    3211 : 0000;
    3212 : 0002;
    3213 : 0001;
    3214 : FFFF;
    3215 : 0000;
    3216 : 0005;
    3217 : FFFE;
    3218 : FFFF;
    3219 : 000B;
    3220 : 0007;
    3221 : 0018;
    3222 : 0016;
    3223 : 000C;
    3224 : 0009;
    3225 : 0019;
    3226 : 000D;
    3227 : 000E;
    3228 : 0014;
    3229 : 0011;
    3230 : 001F;
    3231 : 001A;
    3232 : 0019;
    3233 : 0015;
    3234 : 0013;
    3235 : 000B;
    3236 : 000D;
    3237 : 000C;
    3238 : 000E;
    3239 : 000E;
    3240 : 0007;
    3241 : 0008;
    3242 : 0003;
    3243 : 000C;
    3244 : 000A;
    3245 : 0008;
    3246 : 000B;
    3247 : 0013;
    3248 : 0006;
    3249 : 0007;
    3250 : 000C;
    3251 : 0005;
    3252 : 0006;
    3253 : 0004;
    3254 : 0011;
    3255 : 0019;
    3256 : 0003;
    3257 : 0002;
    3258 : 0009;
    3259 : FFFF;
    3260 : 0009;
    3261 : 000C;
    3262 : 0014;
    3263 : 0012;
    3264 : 0017;
    3265 : 0009;
    3266 : 0007;
    3267 : 0016;
    3268 : 000E;
    3269 : 0008;
    3270 : 0015;
    3271 : 0019;
    3272 : 0011;
    3273 : 002A;
    3274 : 0012;
    3275 : 001A;
    3276 : 001F;
    3277 : 0013;
    3278 : 0021;
    3279 : 0022;
    3280 : 0016;
    3281 : 0023;
    3282 : 0017;
    3283 : 0022;
    3284 : 001E;
    3285 : 001D;
    3286 : 0023;
    3287 : 0023;
    3288 : 0030;
    3289 : 0018;
    3290 : 0037;
    3291 : 002D;
    3292 : 0024;
    3293 : 001F;
    3294 : 001A;
    3295 : 001F;
    3296 : 001D;
    3297 : 0025;
    3298 : 0021;
    3299 : 001C;
    3300 : 0016;
    3301 : 001F;
    3302 : 0024;
    3303 : 0024;
    3304 : 0026;
    3305 : 000E;
    3306 : 0018;
    3307 : 001D;
    3308 : 0003;
    3309 : 001B;
    3310 : 001C;
    3311 : 0017;
    3312 : 000E;
    3313 : 0012;
    3314 : 0013;
    3315 : 0004;
    3316 : FFF4;
    3317 : 000A;
    3318 : 0008;
    3319 : 0005;
    3320 : 0012;
    3321 : 0013;
    3322 : 000C;
    3323 : 000D;
    3324 : 0016;
    3325 : 0005;
    3326 : 000C;
    3327 : 0014;
    3328 : 000E;
    3329 : 000B;
    3330 : 0010;
    3331 : 0007;
    3332 : 0005;
    3333 : 0007;
    3334 : 000A;
    3335 : 0010;
    3336 : 0009;
    3337 : 0005;
    3338 : 000B;
    3339 : 0012;
    3340 : 000C;
    3341 : 0013;
    3342 : 000D;
    3343 : 000E;
    3344 : 0015;
    3345 : 0013;
    3346 : 0006;
    3347 : 0007;
    3348 : FFFB;
    3349 : FFF8;
    3350 : FFF7;
    3351 : FFF4;
    3352 : FFED;
    3353 : FFDF;
    3354 : FFFB;
    3355 : FFF6;
    3356 : 0005;
    3357 : 0000;
    3358 : 0006;
    3359 : 000D;
    3360 : 0010;
    3361 : 0011;
    3362 : 000D;
    3363 : 0012;
    3364 : 0006;
    3365 : 0002;
    3366 : FFFF;
    3367 : FFFD;
    3368 : FFFA;
    3369 : FFFD;
    3370 : 0004;
    3371 : FFFB;
    3372 : FFF6;
    3373 : FFEF;
    3374 : FFF5;
    3375 : FFF8;
    3376 : FFFF;
    3377 : 0003;
    3378 : 0007;
    3379 : 0004;
    3380 : 000B;
    3381 : 001F;
    3382 : 000C;
    3383 : 0017;
    3384 : 0019;
    3385 : FFFE;
    3386 : 000D;
    3387 : 0005;
    3388 : FFF8;
    3389 : FFFE;
    3390 : 000C;
    3391 : FFF8;
    3392 : 0002;
    3393 : 0005;
    3394 : FFF8;
    3395 : 0018;
    3396 : 000B;
    3397 : 0007;
    3398 : 0005;
    3399 : 0007;
    3400 : 000D;
    3401 : 000D;
    3402 : 000D;
    3403 : 000B;
    3404 : 000C;
    3405 : 000E;
    3406 : 000C;
    3407 : 0006;
    3408 : 0004;
    3409 : 0014;
    3410 : 0002;
    3411 : 000D;
    3412 : 000B;
    3413 : 0010;
    3414 : 000D;
    3415 : 0007;
    3416 : 000A;
    3417 : 0002;
    3418 : 0010;
    3419 : 0002;
    3420 : 0003;
    3421 : 0000;
    3422 : 0011;
    3423 : 0019;
    3424 : 001A;
    3425 : 0012;
    3426 : 0019;
    3427 : 0019;
    3428 : 001C;
    3429 : 000D;
    3430 : 0012;
    3431 : 0016;
    3432 : 0011;
    3433 : 0017;
    3434 : 0010;
    3435 : 0013;
    3436 : 001B;
    3437 : 0017;
    3438 : 001D;
    3439 : 0029;
    3440 : 001E;
    3441 : 001B;
    3442 : 001F;
    3443 : 0014;
    3444 : 000B;
    3445 : 0017;
    3446 : 0007;
    3447 : 0016;
    3448 : 0009;
    3449 : 0017;
    3450 : 000F;
    3451 : 0006;
    3452 : 0010;
    3453 : 000E;
    3454 : 0004;
    3455 : 0010;
    3456 : FFFE;
    3457 : 0008;
    3458 : 0005;
    3459 : 0009;
    3460 : 0016;
    3461 : 000D;
    3462 : 0012;
    3463 : 0011;
    3464 : 0018;
    3465 : 0008;
    3466 : 0019;
    3467 : 0010;
    3468 : 0012;
    3469 : 000A;
    3470 : 000B;
    3471 : 000E;
    3472 : 0008;
    3473 : 000F;
    3474 : 0009;
    3475 : 0010;
    3476 : 0016;
    3477 : 0013;
    3478 : 000B;
    3479 : 0014;
    3480 : 000F;
    3481 : 0019;
    3482 : 0016;
    3483 : 001B;
    3484 : 000C;
    3485 : 000A;
    3486 : 0001;
    3487 : 0011;
    3488 : 000B;
    3489 : 0006;
    3490 : 0017;
    3491 : 0011;
    3492 : 0016;
    3493 : 0009;
    3494 : 0002;
    3495 : 0003;
    3496 : 0000;
    3497 : 0008;
    3498 : 0001;
    3499 : 0004;
    3500 : FFFB;
    3501 : 0006;
    3502 : 0008;
    3503 : FFF7;
    3504 : 000C;
    3505 : FFFD;
    3506 : 0014;
    3507 : FFFF;
    3508 : 0002;
    3509 : 000B;
    3510 : 000D;
    3511 : 000E;
    3512 : 000F;
    3513 : 0017;
    3514 : 000A;
    3515 : 0010;
    3516 : 0012;
    3517 : 0023;
    3518 : 0013;
    3519 : 0004;
    3520 : 0003;
    3521 : 000E;
    3522 : 0009;
    3523 : 000C;
    3524 : 000E;
    3525 : 0008;
    3526 : FFFF;
    3527 : 0005;
    3528 : 0001;
    3529 : 000B;
    3530 : FFFB;
    3531 : 0008;
    3532 : 0008;
    3533 : FFFF;
    3534 : 0009;
    3535 : 000C;
    3536 : 0007;
    3537 : 0006;
    3538 : 0001;
    3539 : 0002;
    3540 : FFFC;
    3541 : FFFE;
    3542 : FFF9;
    3543 : FFEE;
    3544 : FFEB;
    3545 : FFE8;
    3546 : FFF2;
    3547 : FFF3;
    3548 : FFEE;
    3549 : FFF6;
    3550 : FFED;
    3551 : FFEA;
    3552 : FFF4;
    3553 : FFF9;
    3554 : 0003;
    3555 : FFFB;
    3556 : 0006;
    3557 : FFFF;
    3558 : 0004;
    3559 : 000E;
    3560 : 0005;
    3561 : FFF9;
    3562 : 0002;
    3563 : 0002;
    3564 : FFFE;
    3565 : FFF3;
    3566 : FFF4;
    3567 : FFF6;
    3568 : FFF6;
    3569 : FFEE;
    3570 : FFF5;
    3571 : FFEF;
    3572 : FFE5;
    3573 : FFFB;
    3574 : FFF9;
    3575 : FFE0;
    3576 : FFFB;
    3577 : FFF9;
    3578 : FFF6;
    3579 : 0002;
    3580 : 0002;
    3581 : FFEA;
    3582 : FFFE;
    3583 : FFF4;
    3584 : FFED;
    3585 : FFE8;
    3586 : FFF1;
    3587 : FFEC;
    3588 : FFF4;
    3589 : FFE4;
    3590 : FFEA;
    3591 : FFF4;
    3592 : FFEB;
    3593 : FFE1;
    3594 : FFDB;
    3595 : FFE3;
    3596 : FFEB;
    3597 : FFE9;
    3598 : FFFD;
    3599 : FFF5;
    3600 : FFF4;
    3601 : FFFE;
    3602 : 0002;
    3603 : 000C;
    3604 : FFF9;
    3605 : 0006;
    3606 : FFF4;
    3607 : FFF1;
    3608 : FFF7;
    3609 : FFEF;
    3610 : FFF6;
    3611 : FFE7;
    3612 : FFFB;
    3613 : 0003;
    3614 : 0009;
    3615 : FFF7;
    3616 : 0000;
    3617 : 0007;
    3618 : 0009;
    3619 : 0013;
    3620 : 001E;
    3621 : 0016;
    3622 : 000F;
    3623 : 0018;
    3624 : 0008;
    3625 : 0003;
    3626 : 0006;
    3627 : FFFF;
    3628 : 000D;
    3629 : FFFF;
    3630 : FFFA;
    3631 : 000D;
    3632 : 000E;
    3633 : 0013;
    3634 : 000B;
    3635 : 000E;
    3636 : FFFE;
    3637 : 0013;
    3638 : 0011;
    3639 : 0009;
    3640 : 000A;
    3641 : 0010;
    3642 : 000F;
    3643 : 0020;
    3644 : 002B;
    3645 : 001A;
    3646 : 0001;
    3647 : 001C;
    3648 : 0001;
    3649 : 0012;
    3650 : 0003;
    3651 : 0009;
    3652 : 0013;
    3653 : 0006;
    3654 : 0013;
    3655 : 002C;
    3656 : 0018;
    3657 : 0022;
    3658 : 001D;
    3659 : 000B;
    3660 : 0020;
    3661 : 0017;
    3662 : 0011;
    3663 : 001F;
    3664 : 001B;
    3665 : 0015;
    3666 : 0029;
    3667 : 0022;
    3668 : 001B;
    3669 : 0018;
    3670 : 000E;
    3671 : 0006;
    3672 : 000F;
    3673 : 000C;
    3674 : 0002;
    3675 : 0024;
    3676 : 000F;
    3677 : 002A;
    3678 : 0029;
    3679 : 002F;
    3680 : 002B;
    3681 : 002A;
    3682 : 0012;
    3683 : 0002;
    3684 : 000F;
    3685 : 0000;
    3686 : 000F;
    3687 : 0000;
    3688 : 0002;
    3689 : 0003;
    3690 : FFFE;
    3691 : 000A;
    3692 : 0009;
    3693 : 0008;
    3694 : 0016;
    3695 : 0028;
    3696 : 0020;
    3697 : 0026;
    3698 : 0031;
    3699 : 0025;
    3700 : 001E;
    3701 : 0020;
    3702 : 0021;
    3703 : 001D;
    3704 : 0017;
    3705 : 0016;
    3706 : 0010;
    3707 : 0019;
    3708 : 0015;
    3709 : 0011;
    3710 : 0028;
    3711 : 002A;
    3712 : 0030;
    3713 : 0021;
    3714 : 0014;
    3715 : 001F;
    3716 : 000E;
    3717 : 0018;
    3718 : 0014;
    3719 : 0002;
    3720 : FFFD;
    3721 : FFF7;
    3722 : 0002;
    3723 : 0007;
    3724 : FFF9;
    3725 : 0006;
    3726 : 0003;
    3727 : 0009;
    3728 : 0018;
    3729 : 0007;
    3730 : 0005;
    3731 : 0005;
    3732 : 0002;
    3733 : 0007;
    3734 : 0009;
    3735 : 0009;
    3736 : 0007;
    3737 : 0011;
    3738 : 0003;
    3739 : 0006;
    3740 : 000E;
    3741 : 0006;
    3742 : 0004;
    3743 : 0002;
    3744 : 0005;
    3745 : FFFF;
    3746 : FFFE;
    3747 : FFFA;
    3748 : FFF1;
    3749 : FFF0;
    3750 : FFF9;
    3751 : 0005;
    3752 : 0005;
    3753 : 000E;
    3754 : 0005;
    3755 : 0012;
    3756 : 0007;
    3757 : 0000;
    3758 : 0001;
    3759 : FFFA;
    3760 : 0005;
    3761 : FFF0;
    3762 : FFF8;
    3763 : 0000;
    3764 : FFEA;
    3765 : FFF1;
    3766 : 0000;
    3767 : FFFE;
    3768 : FFFE;
    3769 : 000D;
    3770 : 000D;
    3771 : 0010;
    3772 : 000D;
    3773 : 0018;
    3774 : 001A;
    3775 : 0007;
    3776 : 000D;
    3777 : FFFB;
    3778 : FFF9;
    3779 : FFFF;
    3780 : FFF1;
    3781 : FFF7;
    3782 : FFFE;
    3783 : FFF8;
    3784 : 0012;
    3785 : 000E;
    3786 : 0009;
    3787 : 0007;
    3788 : FFFD;
    3789 : 000E;
    3790 : 0002;
    3791 : FFFE;
    3792 : FFF7;
    3793 : FFF8;
    3794 : FFF6;
    3795 : FFEE;
    3796 : FFE9;
    3797 : FFF4;
    3798 : FFEC;
    3799 : FFF6;
    3800 : 0001;
    3801 : 0003;
    3802 : 0008;
    3803 : FFFE;
    3804 : 000C;
    3805 : FFFF;
    3806 : 0015;
    3807 : 000B;
    3808 : 000E;
    3809 : 000E;
    3810 : 000A;
    3811 : 000E;
    3812 : 0005;
    3813 : 0006;
    3814 : 000C;
    3815 : 000C;
    3816 : 0009;
    3817 : 0006;
    3818 : 0012;
    3819 : 0019;
    3820 : 000F;
    3821 : 0005;
    3822 : 0004;
    3823 : FFF8;
    3824 : FFF9;
    3825 : FFF5;
    3826 : FFF1;
    3827 : FFDE;
    3828 : FFED;
    3829 : FFFB;
    3830 : FFED;
    3831 : 0002;
    3832 : FFF5;
    3833 : FFF2;
    3834 : FFE5;
    3835 : FFE2;
    3836 : FFDE;
    3837 : FFEB;
    3838 : FFD8;
    3839 : FFDF;
    3840 : FFDC;
    3841 : FFE8;
    3842 : FFF2;
    3843 : FFF5;
    3844 : FFED;
    3845 : FFFA;
    3846 : FFFF;
    3847 : FFFC;
    3848 : 0008;
    3849 : FFFF;
    3850 : 0007;
    3851 : 0004;
    3852 : 0000;
    3853 : 0005;
    3854 : FFFF;
    3855 : 0002;
    3856 : 0009;
    3857 : 0003;
    3858 : 0006;
    3859 : 000E;
    3860 : 0018;
    3861 : 001C;
    3862 : 0021;
    3863 : 0032;
    3864 : 001C;
    3865 : 001D;
    3866 : 001F;
    3867 : 0014;
    3868 : 0018;
    3869 : 000D;
    3870 : FFFE;
    3871 : 0017;
    3872 : 0009;
    3873 : 0002;
    3874 : 0002;
    3875 : 0011;
    3876 : 000B;
    3877 : 0012;
    3878 : 000A;
    3879 : 0012;
    3880 : 0013;
    3881 : 000A;
    3882 : 0007;
    3883 : 0007;
    3884 : FFF2;
    3885 : FFF5;
    3886 : FFF7;
    3887 : FFEF;
    3888 : FFFD;
    3889 : FFF8;
    3890 : FFF4;
    3891 : FFFA;
    3892 : FFEC;
    3893 : FFE5;
    3894 : FFF9;
    3895 : 0006;
    3896 : 0013;
    3897 : 001D;
    3898 : 000E;
    3899 : 0010;
    3900 : 001E;
    3901 : 0006;
    3902 : 000A;
    3903 : 001D;
    3904 : 0014;
    3905 : 0037;
    3906 : 0047;
    3907 : 0051;
    3908 : 0042;
    3909 : 0061;
    3910 : 0037;
    3911 : 002E;
    3912 : 002B;
    3913 : 001A;
    3914 : 0011;
    3915 : 0003;
    3916 : 000A;
    3917 : 0003;
    3918 : 000E;
    3919 : 0006;
    3920 : 000B;
    3921 : 0006;
    3922 : FFDF;
    3923 : FFEA;
    3924 : FFEF;
    3925 : FFE6;
    3926 : FFF3;
    3927 : FFF7;
    3928 : FFFC;
    3929 : 0013;
    3930 : 0027;
    3931 : 001F;
    3932 : 0026;
    3933 : 0011;
    3934 : 001A;
    3935 : 0028;
    3936 : 001B;
    3937 : 000F;
    3938 : 0021;
    3939 : 000F;
    3940 : 0021;
    3941 : 0019;
    3942 : 0004;
    3943 : 0014;
    3944 : 0027;
    3945 : 003D;
    3946 : 003A;
    3947 : 0044;
    3948 : 0018;
    3949 : 002C;
    3950 : 0026;
    3951 : 001D;
    3952 : 0023;
    3953 : 002E;
    3954 : 0028;
    3955 : 001E;
    3956 : 0018;
    3957 : FFFB;
    3958 : FFE0;
    3959 : FFD5;
    3960 : FFE8;
    3961 : 0008;
    3962 : 0008;
    3963 : 000E;
    3964 : 0017;
    3965 : 000C;
    3966 : 001C;
    3967 : 0019;
    3968 : 0014;
    3969 : 001C;
    3970 : 0052;
    3971 : 003C;
    3972 : 003C;
    3973 : 0039;
    3974 : 0020;
    3975 : 002B;
    3976 : 0029;
    3977 : 0016;
    3978 : 0008;
    3979 : 000B;
    3980 : FFFE;
    3981 : 0015;
    3982 : 0006;
    3983 : 0004;
    3984 : 0008;
    3985 : 0010;
    3986 : 0027;
    3987 : 0046;
    3988 : 0035;
    3989 : 000E;
    3990 : 0031;
    3991 : 001A;
    3992 : FFF3;
    3993 : FFFF;
    3994 : FFF3;
    3995 : FFEB;
    3996 : 0003;
    3997 : 000B;
    3998 : 0003;
    3999 : FFF8;
    4000 : FFE5;
    4001 : FFDA;
    4002 : FFCA;
    4003 : FFC4;
    4004 : FFD6;
    4005 : FFDA;
    4006 : FFE5;
    4007 : 0012;
    4008 : 0016;
    4009 : 0018;
    4010 : 0031;
    4011 : 001D;
    4012 : 0019;
    4013 : 002D;
    4014 : 002B;
    4015 : 0014;
    4016 : FFFF;
    4017 : FFF2;
    4018 : FFE8;
    4019 : FFF2;
    4020 : FFE4;
    4021 : FFE0;
    4022 : FFE6;
    4023 : FFF1;
    4024 : 0000;
    4025 : 0004;
    4026 : 0011;
    4027 : 000E;
    4028 : 0019;
    4029 : FFFC;
    4030 : FFF4;
    4031 : FFF9;
    4032 : FFFF;
    4033 : 0011;
    4034 : 0015;
    4035 : 0010;
    4036 : 001C;
    4037 : 0012;
    4038 : 0020;
    4039 : 000F;
    4040 : 0005;
    4041 : 000E;
    4042 : 0017;
    4043 : 0029;
    4044 : 000F;
    4045 : 000A;
    4046 : FFDC;
    4047 : FFC5;
    4048 : FFCE;
    4049 : FFB3;
    4050 : FFB3;
    4051 : FFC9;
    4052 : FFC4;
    4053 : FFE4;
    4054 : 0018;
    4055 : 001B;
    4056 : 001D;
    4057 : 0033;
    4058 : 0035;
    4059 : 001F;
    4060 : 0018;
    4061 : 0021;
    4062 : 001A;
    4063 : 0015;
    4064 : 0028;
    4065 : 002A;
    4066 : 002F;
    4067 : 004C;
    4068 : 0043;
    4069 : 001D;
    4070 : FFFA;
    4071 : FFE4;
    4072 : FFBC;
    4073 : FFC6;
    4074 : FFFD;
    4075 : FFFC;
    4076 : 0015;
    4077 : 0032;
    4078 : 0029;
    4079 : 0027;
    4080 : 0007;
    4081 : FFEF;
    4082 : FFF9;
    4083 : 0000;
    4084 : 000B;
    4085 : 0003;
    4086 : 0003;
    4087 : FFDB;
    4088 : FFF9;
    4089 : 000F;
    4090 : FFF8;
    4091 : 000F;
    4092 : 0022;
    4093 : 000C;
    4094 : 0023;
    4095 : 001B;
    4096 : 0009;
    4097 : 0032;
    4098 : 0053;
    4099 : 0054;
    4100 : 003D;
    4101 : 002B;
    4102 : 0015;
    4103 : 0006;
    4104 : FFF6;
    4105 : FFFF;
    4106 : 0033;
    4107 : 0048;
    4108 : 0083;
    4109 : 0098;
    4110 : 006F;
    4111 : 0052;
    4112 : 002F;
    4113 : 000A;
    4114 : 0004;
    4115 : FFF8;
    4116 : FFED;
    4117 : FFFB;
    4118 : 0007;
    4119 : FFFC;
    4120 : FFED;
    4121 : FFDD;
    4122 : FFDF;
    4123 : FFE8;
    4124 : FFD9;
    4125 : FFCF;
    4126 : FFD1;
    4127 : FFA9;
    4128 : FFCB;
    4129 : FFEA;
    4130 : FFF3;
    4131 : 0030;
    4132 : 006F;
    4133 : 0079;
    4134 : 006E;
    4135 : 0071;
    4136 : 003D;
    4137 : 003B;
    4138 : 0055;
    4139 : 0066;
    4140 : 0053;
    4141 : 003B;
    4142 : 005F;
    4143 : 004C;
    4144 : 000E;
    4145 : FFEE;
    4146 : FFD0;
    4147 : FFB1;
    4148 : FFDC;
    4149 : 0018;
    4150 : 0007;
    4151 : 0024;
    4152 : 0071;
    4153 : 0053;
    4154 : 0042;
    4155 : 0035;
    4156 : FFE3;
    4157 : FFC9;
    4158 : FFC7;
    4159 : FFC9;
    4160 : FFBD;
    4161 : FFD4;
    4162 : 0016;
    4163 : 0033;
    4164 : 0051;
    4165 : 0058;
    4166 : 0041;
    4167 : 0003;
    4168 : FFC4;
    4169 : FF9A;
    4170 : FF41;
    4171 : FF0D;
    4172 : FF69;
    4173 : FFAB;
    4174 : FFEB;
    4175 : 005E;
    4176 : 007E;
    4177 : 0097;
    4178 : 00C7;
    4179 : 00CA;
    4180 : 008E;
    4181 : 0060;
    4182 : 0064;
    4183 : 0061;
    4184 : 0024;
    4185 : FFDD;
    4186 : FFB7;
    4187 : FF72;
    4188 : FF5C;
    4189 : FF75;
    4190 : FF74;
    4191 : FF9E;
    4192 : 002F;
    4193 : 0095;
    4194 : 00A9;
    4195 : 00ED;
    4196 : 00D1;
    4197 : 0075;
    4198 : 0095;
    4199 : 0071;
    4200 : 0022;
    4201 : 0020;
    4202 : 0036;
    4203 : FFF6;
    4204 : FFC7;
    4205 : FFCA;
    4206 : FFBA;
    4207 : FFA7;
    4208 : FFCC;
    4209 : 0002;
    4210 : 0001;
    4211 : 0026;
    4212 : 0057;
    4213 : 000B;
    4214 : FFD6;
    4215 : FFFA;
    4216 : FFE7;
    4217 : FFB0;
    4218 : FFC4;
    4219 : FFAD;
    4220 : FFAC;
    4221 : 001E;
    4222 : 0048;
    4223 : 0033;
    4224 : 003D;
    4225 : 0045;
    4226 : 0029;
    4227 : 0055;
    4228 : 0071;
    4229 : 0012;
    4230 : FFF5;
    4231 : 0026;
    4232 : 0049;
    4233 : 0043;
    4234 : 0036;
    4235 : 002D;
    4236 : FFD5;
    4237 : FFA6;
    4238 : FFA2;
    4239 : FF62;
    4240 : FF29;
    4241 : FFC7;
    4242 : 0050;
    4243 : 00A2;
    4244 : 012A;
    4245 : 0180;
    4246 : 0120;
    4247 : 00D8;
    4248 : 00A2;
    4249 : FFA5;
    4250 : FF22;
    4251 : FF45;
    4252 : FF1C;
    4253 : FECD;
    4254 : FF02;
    4255 : FF3D;
    4256 : FF2B;
    4257 : FF75;
    4258 : FF59;
    4259 : FDB0;
    4260 : FBC2;
    4261 : FBAB;
    4262 : FCB5;
    4263 : FDEF;
    4264 : 0179;
    4265 : 0657;
    4266 : 0B17;
    4267 : 10EF;
    4268 : 155A;
    4269 : 13CF;
    4270 : 0DEA;
    4271 : 0563;
    4272 : F914;
    4273 : EB8F;
    4274 : DFD4;
    4275 : D777;
    4276 : D469;
    4277 : D94E;
    4278 : E513;
    4279 : F402;
    4280 : 0511;
    4281 : 1621;
    4282 : 23EC;
    4283 : 2C38;
    4284 : 2F75;
    4285 : 2C1A;
    4286 : 21BF;
    4287 : 15B8;
    4288 : 0A2A;
    4289 : FF4F;
    4290 : F943;
    4291 : F8CF;
    4292 : FA57;
    4293 : FCBC;
    4294 : FF33;
    4295 : FE39;
    4296 : F876;
    4297 : F003;
    4298 : E542;
    4299 : D8B5;
    4300 : CDA0;
    4301 : C6DA;
    4302 : C53E;
    4303 : C899;
    4304 : D327;
    4305 : E40A;
    4306 : F8AA;
    4307 : 1131;
    4308 : 2AF5;
    4309 : 4031;
    4310 : 4F0B;
    4311 : 57BC;
    4312 : 57BA;
    4313 : 5059;
    4314 : 44E4;
    4315 : 351C;
    4316 : 2231;
    4317 : 104F;
    4318 : 0088;
    4319 : F113;
    4320 : E2AF;
    4321 : D62A;
    4322 : CA0B;
    4323 : BFAF;
    4324 : BA08;
    4325 : B7E6;
    4326 : B6D0;
    4327 : B8B4;
    4328 : BE05;
    4329 : C512;
    4330 : CF7F;
    4331 : DE92;
    4332 : EF69;
    4333 : 0159;
    4334 : 1600;
    4335 : 2AB0;
    4336 : 3CC4;
    4337 : 4C18;
    4338 : 5768;
    4339 : 5D50;
    4340 : 5E89;
    4341 : 5B2B;
    4342 : 51F1;
    4343 : 4228;
    4344 : 2CCC;
    4345 : 141C;
    4346 : FA18;
    4347 : E1E3;
    4348 : CEA0;
    4349 : C08C;
    4350 : B7E7;
    4351 : B512;
    4352 : B68B;
    4353 : BA5E;
    4354 : C0EB;
    4355 : C88A;
    4356 : D048;
    4357 : D90B;
    4358 : E29D;
    4359 : ECD3;
    4360 : F7F2;
    4361 : 038B;
    4362 : 0F0F;
    4363 : 1A80;
    4364 : 26A9;
    4365 : 3366;
    4366 : 3EBA;
    4367 : 4685;
    4368 : 49BF;
    4369 : 47BE;
    4370 : 4044;
    4371 : 34BD;
    4372 : 257E;
    4373 : 13D7;
    4374 : 0272;
    4375 : F341;
    4376 : E717;
    4377 : DDC3;
    4378 : D5AC;
    4379 : CE86;
    4380 : C999;
    4381 : C779;
    4382 : C878;
    4383 : CCCE;
    4384 : D338;
    4385 : DABD;
    4386 : E3B8;
    4387 : ED40;
    4388 : F5C7;
    4389 : FD0B;
    4390 : 0413;
    4391 : 0B2A;
    4392 : 12B9;
    4393 : 1B71;
    4394 : 2497;
    4395 : 2D45;
    4396 : 34E8;
    4397 : 3A84;
    4398 : 3C43;
    4399 : 39E3;
    4400 : 334C;
    4401 : 2809;
    4402 : 193C;
    4403 : 089A;
    4404 : F721;
    4405 : E736;
    4406 : DAFC;
    4407 : D27B;
    4408 : CD71;
    4409 : CC0B;
    4410 : CD7E;
    4411 : D10E;
    4412 : D633;
    4413 : DBD1;
    4414 : E12A;
    4415 : E686;
    4416 : ECC5;
    4417 : F480;
    4418 : FCE2;
    4419 : 0541;
    4420 : 0E32;
    4421 : 179B;
    4422 : 214B;
    4423 : 2AF3;
    4424 : 3329;
    4425 : 37BD;
    4426 : 388F;
    4427 : 359F;
    4428 : 2E72;
    4429 : 23FE;
    4430 : 17A0;
    4431 : 09F3;
    4432 : FC6A;
    4433 : F073;
    4434 : E5CA;
    4435 : DBCA;
    4436 : D2D7;
    4437 : CBCF;
    4438 : C784;
    4439 : C71A;
    4440 : CB55;
    4441 : D380;
    4442 : DE77;
    4443 : EBA8;
    4444 : F90A;
    4445 : 0459;
    4446 : 0DC4;
    4447 : 14E4;
    4448 : 19DF;
    4449 : 1E43;
    4450 : 2290;
    4451 : 2634;
    4452 : 2963;
    4453 : 2BD6;
    4454 : 2C29;
    4455 : 29FB;
    4456 : 250F;
    4457 : 1DA1;
    4458 : 1446;
    4459 : 0935;
    4460 : FCAD;
    4461 : EF58;
    4462 : E1D2;
    4463 : D59B;
    4464 : CC7E;
    4465 : C766;
    4466 : C6AC;
    4467 : CA90;
    4468 : D265;
    4469 : DCF7;
    4470 : E94A;
    4471 : F594;
    4472 : 00DA;
    4473 : 0A8C;
    4474 : 1297;
    4475 : 193F;
    4476 : 1E59;
    4477 : 21E2;
    4478 : 23E7;
    4479 : 24BD;
    4480 : 24B6;
    4481 : 23B5;
    4482 : 216D;
    4483 : 1D97;
    4484 : 185D;
    4485 : 11A8;
    4486 : 09E4;
    4487 : 017F;
    4488 : F891;
    4489 : F00C;
    4490 : E860;
    4491 : E155;
    4492 : DB35;
    4493 : D6B5;
    4494 : D3D8;
    4495 : D379;
    4496 : D620;
    4497 : DBD3;
    4498 : E490;
    4499 : F058;
    4500 : FDC6;
    4501 : 0AE7;
    4502 : 1685;
    4503 : 1F11;
    4504 : 23D5;
    4505 : 2584;
    4506 : 24C0;
    4507 : 2224;
    4508 : 1E4A;
    4509 : 1A25;
    4510 : 165C;
    4511 : 12A0;
    4512 : 0F30;
    4513 : 0BC8;
    4514 : 079C;
    4515 : 02DF;
    4516 : FD81;
    4517 : F6FA;
    4518 : EF3D;
    4519 : E6DE;
    4520 : DE6F;
    4521 : D73C;
    4522 : D2E6;
    4523 : D26C;
    4524 : D5F1;
    4525 : DD23;
    4526 : E6DF;
    4527 : F26D;
    4528 : FE87;
    4529 : 0971;
    4530 : 12B0;
    4531 : 199A;
    4532 : 1E3A;
    4533 : 21BD;
    4534 : 23D5;
    4535 : 245E;
    4536 : 2393;
    4537 : 2149;
    4538 : 1CFE;
    4539 : 1723;
    4540 : 1093;
    4541 : 095E;
    4542 : 0220;
    4543 : FB4C;
    4544 : F4F5;
    4545 : EF51;
    4546 : EA97;
    4547 : E6A2;
    4548 : E2FB;
    4549 : DFDD;
    4550 : DDD0;
    4551 : DD19;
    4552 : DE01;
    4553 : E0D7;
    4554 : E5A1;
    4555 : EC8A;
    4556 : F613;
    4557 : 0138;
    4558 : 0CB6;
    4559 : 17C1;
    4560 : 20F3;
    4561 : 2730;
    4562 : 2A50;
    4563 : 2A39;
    4564 : 26BC;
    4565 : 20A9;
    4566 : 18EF;
    4567 : 1076;
    4568 : 087A;
    4569 : 0156;
    4570 : FBA9;
    4571 : F723;
    4572 : F346;
    4573 : EFEA;
    4574 : ECC7;
    4575 : E97B;
    4576 : E625;
    4577 : E35F;
    4578 : E12C;
    4579 : E08B;
    4580 : E21A;
    4581 : E59F;
    4582 : EB1D;
    4583 : F29B;
    4584 : FB7E;
    4585 : 04A3;
    4586 : 0D71;
    4587 : 1513;
    4588 : 1B13;
    4589 : 1F2C;
    4590 : 2191;
    4591 : 222C;
    4592 : 20B7;
    4593 : 1D8E;
    4594 : 18F0;
    4595 : 12B6;
    4596 : 0B73;
    4597 : 0418;
    4598 : FCDE;
    4599 : F699;
    4600 : F18A;
    4601 : ED85;
    4602 : EA9A;
    4603 : E8DA;
    4604 : E7F3;
    4605 : E7CE;
    4606 : E85A;
    4607 : E9A0;
    4608 : EBAB;
    4609 : EE3B;
    4610 : F154;
    4611 : F539;
    4612 : F9E9;
    4613 : FF70;
    4614 : 05BE;
    4615 : 0C3E;
    4616 : 1268;
    4617 : 1835;
    4618 : 1CD6;
    4619 : 1F7D;
    4620 : 1FBC;
    4621 : 1D33;
    4622 : 187C;
    4623 : 121A;
    4624 : 0AC0;
    4625 : 0392;
    4626 : FD6F;
    4627 : F881;
    4628 : F4E5;
    4629 : F228;
    4630 : EFEC;
    4631 : EE41;
    4632 : ECB1;
    4633 : EAE0;
    4634 : E941;
    4635 : E85F;
    4636 : E875;
    4637 : EA16;
    4638 : ED46;
    4639 : F1E7;
    4640 : F878;
    4641 : 0078;
    4642 : 08B1;
    4643 : 107D;
    4644 : 1702;
    4645 : 1B81;
    4646 : 1E3E;
    4647 : 1F22;
    4648 : 1E00;
    4649 : 1B22;
    4650 : 16DB;
    4651 : 1120;
    4652 : 0AEA;
    4653 : 04B8;
    4654 : FE6E;
    4655 : F86A;
    4656 : F325;
    4657 : EE42;
    4658 : EA01;
    4659 : E6F2;
    4660 : E4C3;
    4661 : E3F8;
    4662 : E4F8;
    4663 : E794;
    4664 : EBB6;
    4665 : F155;
    4666 : F790;
    4667 : FDD2;
    4668 : 03C1;
    4669 : 0911;
    4670 : 0DDA;
    4671 : 1219;
    4672 : 15AF;
    4673 : 18B1;
    4674 : 1ADA;
    4675 : 1BE6;
    4676 : 1B64;
    4677 : 1912;
    4678 : 14C1;
    4679 : 0E9D;
    4680 : 0756;
    4681 : FF94;
    4682 : F83C;
    4683 : F20E;
    4684 : ECE3;
    4685 : E893;
    4686 : E5DB;
    4687 : E4FE;
    4688 : E586;
    4689 : E7DA;
    4690 : EB77;
    4691 : EFA0;
    4692 : F4D6;
    4693 : FA57;
    4694 : FF7F;
    4695 : 0456;
    4696 : 0905;
    4697 : 0D19;
    4698 : 108C;
    4699 : 138A;
    4700 : 155C;
    4701 : 1623;
    4702 : 15EA;
    4703 : 1477;
    4704 : 11C7;
    4705 : 0E63;
    4706 : 0A87;
    4707 : 06A1;
    4708 : 0275;
    4709 : FD89;
    4710 : F896;
    4711 : F3D0;
    4712 : EF65;
    4713 : EC00;
    4714 : E988;
    4715 : E7E0;
    4716 : E82B;
    4717 : EA7B;
    4718 : EDC2;
    4719 : F207;
    4720 : F6F0;
    4721 : FC05;
    4722 : 0199;
    4723 : 07A6;
    4724 : 0CD7;
    4725 : 10DA;
    4726 : 1382;
    4727 : 1435;
    4728 : 135A;
    4729 : 11E9;
    4730 : 0FE1;
    4731 : 0D89;
    4732 : 0B54;
    4733 : 093E;
    4734 : 0701;
    4735 : 04A3;
    4736 : 019E;
    4737 : FDF1;
    4738 : FA2C;
    4739 : F699;
    4740 : F36D;
    4741 : F0AC;
    4742 : EE33;
    4743 : EC16;
    4744 : EB2E;
    4745 : EB7F;
    4746 : ED4A;
    4747 : F0F6;
    4748 : F5EC;
    4749 : FB5C;
    4750 : 0159;
    4751 : 06F2;
    4752 : 0B2D;
    4753 : 0E5F;
    4754 : 107B;
    4755 : 1108;
    4756 : 1125;
    4757 : 10BD;
    4758 : 0F75;
    4759 : 0E56;
    4760 : 0CB4;
    4761 : 09C6;
    4762 : 0693;
    4763 : 0384;
    4764 : 004A;
    4765 : FD96;
    4766 : FB28;
    4767 : F838;
    4768 : F584;
    4769 : F366;
    4770 : F136;
    4771 : EF6F;
    4772 : EE7B;
    4773 : EDD2;
    4774 : EE49;
    4775 : F032;
    4776 : F2CF;
    4777 : F66D;
    4778 : FB47;
    4779 : 00BC;
    4780 : 0690;
    4781 : 0CA3;
    4782 : 119B;
    4783 : 1485;
    4784 : 1557;
    4785 : 1412;
    4786 : 119C;
    4787 : 0F00;
    4788 : 0BEC;
    4789 : 08A1;
    4790 : 05C9;
    4791 : 0325;
    4792 : 00E5;
    4793 : FEF7;
    4794 : FCB7;
    4795 : FA79;
    4796 : F88C;
    4797 : F662;
    4798 : F40B;
    4799 : F18E;
    4800 : EE61;
    4801 : EB8B;
    4802 : EA89;
    4803 : EAC0;
    4804 : EC99;
    4805 : F10E;
    4806 : F736;
    4807 : FE05;
    4808 : 05DE;
    4809 : 0D07;
    4810 : 128A;
    4811 : 16EC;
    4812 : 19B5;
    4813 : 19DC;
    4814 : 182A;
    4815 : 14EA;
    4816 : 1015;
    4817 : 0AFB;
    4818 : 05DE;
    4819 : 0108;
    4820 : FD45;
    4821 : FAC2;
    4822 : F923;
    4823 : F7DF;
    4824 : F666;
    4825 : F47F;
    4826 : F297;
    4827 : F05C;
    4828 : EE2A;
    4829 : ECBE;
    4830 : EBAF;
    4831 : EBB1;
    4832 : EDD0;
    4833 : F162;
    4834 : F625;
    4835 : FD16;
    4836 : 0508;
    4837 : 0C7C;
    4838 : 13A5;
    4839 : 197C;
    4840 : 1C3E;
    4841 : 1CB8;
    4842 : 1B25;
    4843 : 16E1;
    4844 : 112D;
    4845 : 0B20;
    4846 : 04BA;
    4847 : FEC7;
    4848 : FA52;
    4849 : F6BF;
    4850 : F43B;
    4851 : F31C;
    4852 : F295;
    4853 : F22D;
    4854 : F1F3;
    4855 : F1B5;
    4856 : F176;
    4857 : F17A;
    4858 : F1C5;
    4859 : F24A;
    4860 : F359;
    4861 : F569;
    4862 : F8EB;
    4863 : FDE1;
    4864 : 0390;
    4865 : 09EF;
    4866 : 1053;
    4867 : 157B;
    4868 : 1926;
    4869 : 1AF0;
    4870 : 19D1;
    4871 : 168E;
    4872 : 1203;
    4873 : 0BDD;
    4874 : 04D9;
    4875 : FE5C;
    4876 : F88A;
    4877 : F38C;
    4878 : F08A;
    4879 : EF3D;
    4880 : EEDC;
    4881 : EFF5;
    4882 : F1F3;
    4883 : F3BB;
    4884 : F58B;
    4885 : F70F;
    4886 : F7E6;
    4887 : F88A;
    4888 : F949;
    4889 : FA23;
    4890 : FBD2;
    4891 : FE90;
    4892 : 0213;
    4893 : 0652;
    4894 : 0B10;
    4895 : 0F74;
    4896 : 134C;
    4897 : 1628;
    4898 : 176B;
    4899 : 169E;
    4900 : 136F;
    4901 : 0E4B;
    4902 : 07AE;
    4903 : 0077;
    4904 : F954;
    4905 : F3A5;
    4906 : EFE1;
    4907 : ED98;
    4908 : ED70;
    4909 : EEB3;
    4910 : F0BC;
    4911 : F355;
    4912 : F63F;
    4913 : F8E2;
    4914 : FB1F;
    4915 : FD02;
    4916 : FDCD;
    4917 : FDFB;
    4918 : FE6C;
    4919 : FF2A;
    4920 : 00CB;
    4921 : 038F;
    4922 : 06F1;
    4923 : 0A7B;
    4924 : 0E2F;
    4925 : 1133;
    4926 : 12B2;
    4927 : 12B2;
    4928 : 1145;
    4929 : 0E2B;
    4930 : 09BE;
    4931 : 048A;
    4932 : FEFB;
    4933 : F95D;
    4934 : F464;
    4935 : F0CA;
    4936 : EED0;
    4937 : EE45;
    4938 : EF3B;
    4939 : F17F;
    4940 : F43C;
    4941 : F749;
    4942 : FA45;
    4943 : FCBF;
    4944 : FE89;
    4945 : 0020;
    4946 : 0164;
    4947 : 026D;
    4948 : 03CD;
    4949 : 0539;
    4950 : 0694;
    4951 : 084D;
    4952 : 0A20;
    4953 : 0BD6;
    4954 : 0D61;
    4955 : 0E60;
    4956 : 0E1D;
    4957 : 0C74;
    4958 : 09B6;
    4959 : 05A8;
    4960 : 00C7;
    4961 : FBE8;
    4962 : F741;
    4963 : F343;
    4964 : F07B;
    4965 : EF10;
    4966 : EEEF;
    4967 : F031;
    4968 : F26B;
    4969 : F582;
    4970 : F91A;
    4971 : FCEF;
    4972 : 0061;
    4973 : 0336;
    4974 : 0516;
    4975 : 0642;
    4976 : 072A;
    4977 : 078F;
    4978 : 07BD;
    4979 : 07E7;
    4980 : 07FF;
    4981 : 0860;
    4982 : 0906;
    4983 : 0942;
    4984 : 08C6;
    4985 : 07BF;
    4986 : 0608;
    4987 : 03B8;
    4988 : 012C;
    4989 : FE1F;
    4990 : FAB5;
    4991 : F79E;
    4992 : F515;
    4993 : F2FF;
    4994 : F208;
    4995 : F24F;
    4996 : F388;
    4997 : F5F1;
    4998 : F937;
    4999 : FCCA;
    5000 : 0033;
    5001 : 0349;
    5002 : 05B9;
    5003 : 0748;
    5004 : 0801;
    5005 : 0819;
    5006 : 0791;
    5007 : 06C9;
    5008 : 0595;
    5009 : 04A1;
    5010 : 03D8;
    5011 : 0350;
    5012 : 032E;
    5013 : 0334;
    5014 : 02EF;
    5015 : 0282;
    5016 : 01C7;
    5017 : 005D;
    5018 : FE61;
    5019 : FC01;
    5020 : F954;
    5021 : F6E5;
    5022 : F545;
    5023 : F477;
    5024 : F520;
    5025 : F704;
    5026 : F9B4;
    5027 : FCE8;
    5028 : 006C;
    5029 : 03B7;
    5030 : 065A;
    5031 : 0813;
    5032 : 08EE;
    5033 : 08B6;
    5034 : 07C9;
    5035 : 068E;
    5036 : 0508;
    5037 : 035B;
    5038 : 01ED;
    5039 : 00F7;
    5040 : 005A;
    5041 : FFE1;
    5042 : FF51;
    5043 : FEE5;
    5044 : FE49;
    5045 : FDBE;
    5046 : FD33;
    5047 : FC82;
    5048 : FB95;
    5049 : FABA;
    5050 : FA01;
    5051 : F986;
    5052 : F98E;
    5053 : FA27;
    5054 : FB23;
    5055 : FCC1;
    5056 : FF01;
    5057 : 0151;
    5058 : 03E4;
    5059 : 0630;
    5060 : 0809;
    5061 : 0921;
    5062 : 096B;
    5063 : 08A6;
    5064 : 06DF;
    5065 : 0496;
    5066 : 01D2;
    5067 : FF07;
    5068 : FC93;
    5069 : FAC8;
    5070 : F9EA;
    5071 : F9FA;
    5072 : FAEE;
    5073 : FC51;
    5074 : FDDA;
    5075 : FF51;
    5076 : 004B;
    5077 : 0086;
    5078 : 0012;
    5079 : FF1A;
    5080 : FDF2;
    5081 : FD0C;
    5082 : FCAF;
    5083 : FD22;
    5084 : FE28;
    5085 : FFE8;
    5086 : 0224;
    5087 : 048D;
    5088 : 0685;
    5089 : 07DA;
    5090 : 0831;
    5091 : 072F;
    5092 : 057A;
    5093 : 030E;
    5094 : 0044;
    5095 : FD60;
    5096 : FADF;
    5097 : F915;
    5098 : F839;
    5099 : F88D;
    5100 : F969;
    5101 : FAD5;
    5102 : FCAC;
    5103 : FEA8;
    5104 : 0087;
    5105 : 0204;
    5106 : 0309;
    5107 : 034B;
    5108 : 031E;
    5109 : 028D;
    5110 : 01C2;
    5111 : 00E7;
    5112 : 002A;
    5113 : FFED;
    5114 : 0040;
    5115 : 0119;
    5116 : 026B;
    5117 : 0390;
    5118 : 0437;
    5119 : 0464;
    5120 : 03E1;
    5121 : 02BD;
    5122 : 011D;
    5123 : FEF8;
    5124 : FCA7;
    5125 : FA7E;
    5126 : F8CB;
    5127 : F7C0;
    5128 : F793;
    5129 : F8A3;
    5130 : FAB8;
    5131 : FD85;
    5132 : 008E;
    5133 : 0362;
    5134 : 0570;
    5135 : 068E;
    5136 : 0697;
    5137 : 0585;
    5138 : 03F9;
    5139 : 026A;
    5140 : 0102;
    5141 : 000A;
    5142 : FF68;
    5143 : FF34;
    5144 : FF73;
    5145 : 0013;
    5146 : 00BE;
    5147 : 010C;
    5148 : 0126;
    5149 : 00CD;
    5150 : 0025;
    5151 : FF0B;
    5152 : FDB2;
    5153 : FC3D;
    5154 : FB0A;
    5155 : FA8C;
    5156 : FAB7;
    5157 : FB60;
    5158 : FC84;
    5159 : FDF9;
    5160 : FF78;
    5161 : 011D;
    5162 : 02B3;
    5163 : 03FF;
    5164 : 0508;
    5165 : 0581;
    5166 : 0565;
    5167 : 0499;
    5168 : 0329;
    5169 : 017F;
    5170 : FFF8;
    5171 : FEAD;
    5172 : FDFF;
    5173 : FE1A;
    5174 : FEA5;
    5175 : FF73;
    5176 : 0066;
    5177 : 00E7;
    5178 : 012E;
    5179 : 0112;
    5180 : 0068;
    5181 : FF3E;
    5182 : FE02;
    5183 : FCB3;
    5184 : FBCD;
    5185 : FBAE;
    5186 : FC28;
    5187 : FD33;
    5188 : FED8;
    5189 : 00B9;
    5190 : 0227;
    5191 : 0352;
    5192 : 03D8;
    5193 : 03A9;
    5194 : 02F4;
    5195 : 01F0;
    5196 : 00A9;
    5197 : FF8C;
    5198 : FEAB;
    5199 : FDFE;
    5200 : FDF1;
    5201 : FE0E;
    5202 : FEA4;
    5203 : FF7D;
    5204 : 0072;
    5205 : 012D;
    5206 : 01B8;
    5207 : 01E9;
    5208 : 019E;
    5209 : 0119;
    5210 : 0080;
    5211 : FFE9;
    5212 : FF5A;
    5213 : FF01;
    5214 : FEDD;
    5215 : FEF5;
    5216 : FF02;
    5217 : FF18;
    5218 : FF3D;
    5219 : FFA1;
    5220 : 0041;
    5221 : 00F8;
    5222 : 017D;
    5223 : 017F;
    5224 : 012F;
    5225 : 009E;
    5226 : FFD9;
    5227 : FF37;
    5228 : FEF0;
    5229 : FF19;
    5230 : FFAA;
    5231 : 0067;
    5232 : 010A;
    5233 : 0198;
    5234 : 01F0;
    5235 : 01E5;
    5236 : 01B7;
    5237 : 015B;
    5238 : 00A1;
    5239 : FFC9;
    5240 : FEF1;
    5241 : FDEC;
    5242 : FCD6;
    5243 : FC32;
    5244 : FC19;
    5245 : FCA4;
    5246 : FDA5;
    5247 : FEC4;
    5248 : FFE8;
    5249 : 0114;
    5250 : 01ED;
    5251 : 024F;
    5252 : 027D;
    5253 : 0278;
    5254 : 0264;
    5255 : 025C;
    5256 : 0248;
    5257 : 0213;
    5258 : 01DE;
    5259 : 01AA;
    5260 : 0199;
    5261 : 01AB;
    5262 : 0193;
    5263 : 015B;
    5264 : 00F0;
    5265 : FFF7;
    5266 : FE63;
    5267 : FC97;
    5268 : FB06;
    5269 : F9CC;
    5270 : F982;
    5271 : F9CF;
    5272 : FA99;
    5273 : FC04;
    5274 : FDE1;
    5275 : FFA6;
    5276 : 015E;
    5277 : 032F;
    5278 : 04D7;
    5279 : 0680;
    5280 : 07E4;
    5281 : 084A;
    5282 : 07CC;
    5283 : 06A4;
    5284 : 04BA;
    5285 : 029D;
    5286 : 00A5;
    5287 : FEFA;
    5288 : FDB2;
    5289 : FD07;
    5290 : FC80;
    5291 : FBF0;
    5292 : FB5D;
    5293 : FAA2;
    5294 : FA0C;
    5295 : F9FC;
    5296 : FA3F;
    5297 : FAE0;
    5298 : FBCD;
    5299 : FCD9;
    5300 : FE16;
    5301 : FF8D;
    5302 : 0146;
    5303 : 0344;
    5304 : 0597;
    5305 : 07AB;
    5306 : 091A;
    5307 : 09EA;
    5308 : 0985;
    5309 : 080C;
    5310 : 05EC;
    5311 : 0342;
    5312 : 007C;
    5313 : FE4E;
    5314 : FC97;
    5315 : FB50;
    5316 : FAB9;
    5317 : FA97;
    5318 : FA97;
    5319 : FAF7;
    5320 : FB7A;
    5321 : FBBC;
    5322 : FBF0;
    5323 : FC12;
    5324 : FC1A;
    5325 : FC53;
    5326 : FD0A;
    5327 : FE35;
    5328 : 000F;
    5329 : 0270;
    5330 : 04C7;
    5331 : 06BA;
    5332 : 0814;
    5333 : 08B3;
    5334 : 085B;
    5335 : 0726;
    5336 : 057F;
    5337 : 0380;
    5338 : 0175;
    5339 : FF86;
    5340 : FDA9;
    5341 : FBFB;
    5342 : FAA5;
    5343 : F9DE;
    5344 : F9C1;
    5345 : FA17;
    5346 : FAE4;
    5347 : FBEA;
    5348 : FCF6;
    5349 : FDFE;
    5350 : FED4;
    5351 : FF74;
    5352 : 0022;
    5353 : 0123;
    5354 : 023E;
    5355 : 035B;
    5356 : 046D;
    5357 : 04EA;
    5358 : 04DB;
    5359 : 0482;
    5360 : 03DD;
    5361 : 0308;
    5362 : 024C;
    5363 : 01AC;
    5364 : 00F1;
    5365 : 003D;
    5366 : FF5A;
    5367 : FE20;
    5368 : FCCE;
    5369 : FBAB;
    5370 : FAD7;
    5371 : FA7C;
    5372 : FACE;
    5373 : FB8F;
    5374 : FCA5;
    5375 : FE16;
    5376 : FF8B;
    5377 : 00E8;
    5378 : 01F6;
    5379 : 02C9;
    5380 : 035B;
    5381 : 03A8;
    5382 : 038C;
    5383 : 0345;
    5384 : 02AA;
    5385 : 01EF;
    5386 : 0151;
    5387 : 0099;
    5388 : 0028;
    5389 : FFEC;
    5390 : FFD3;
    5391 : FFBC;
    5392 : FFC2;
    5393 : FFD2;
    5394 : FFCC;
    5395 : FF9C;
    5396 : FF56;
    5397 : FEFC;
    5398 : FE6F;
    5399 : FE16;
    5400 : FD8E;
    5401 : FD1D;
    5402 : FD01;
    5403 : FD56;
    5404 : FDEE;
    5405 : FED3;
    5406 : FFBB;
    5407 : 009B;
    5408 : 0178;
    5409 : 022C;
    5410 : 027A;
    5411 : 0277;
    5412 : 022C;
    5413 : 01A1;
    5414 : 0114;
    5415 : 008A;
    5416 : 001D;
    5417 : FFF8;
    5418 : 0053;
    5419 : 0105;
    5420 : 01FB;
    5421 : 0304;
    5422 : 03AB;
    5423 : 03BE;
    5424 : 0323;
    5425 : 01D8;
    5426 : 0002;
    5427 : FDD0;
    5428 : FBF4;
    5429 : FA6D;
    5430 : F97C;
    5431 : F946;
    5432 : F9A0;
    5433 : FA65;
    5434 : FB9E;
    5435 : FD0C;
    5436 : FE9F;
    5437 : 004F;
    5438 : 0204;
    5439 : 0393;
    5440 : 04A9;
    5441 : 0550;
    5442 : 055B;
    5443 : 04E8;
    5444 : 0468;
    5445 : 03CC;
    5446 : 033B;
    5447 : 02D4;
    5448 : 0286;
    5449 : 0240;
    5450 : 01E9;
    5451 : 018C;
    5452 : 00D0;
    5453 : FFB0;
    5454 : FE81;
    5455 : FD07;
    5456 : FB6B;
    5457 : F9F1;
    5458 : F898;
    5459 : F7A3;
    5460 : F766;
    5461 : F817;
    5462 : F9A6;
    5463 : FBF1;
    5464 : FECC;
    5465 : 01D3;
    5466 : 049D;
    5467 : 0716;
    5468 : 08BA;
    5469 : 0987;
    5470 : 0960;
    5471 : 0886;
    5472 : 06E7;
    5473 : 04DF;
    5474 : 02B0;
    5475 : 0077;
    5476 : FEA4;
    5477 : FD71;
    5478 : FCE2;
    5479 : FCF3;
    5480 : FD4B;
    5481 : FD8A;
    5482 : FD86;
    5483 : FD0E;
    5484 : FC36;
    5485 : FB4D;
    5486 : FA4B;
    5487 : F9A1;
    5488 : F9AB;
    5489 : FA46;
    5490 : FB7D;
    5491 : FD4E;
    5492 : FF78;
    5493 : 01DF;
    5494 : 046A;
    5495 : 06B0;
    5496 : 0875;
    5497 : 0997;
    5498 : 0998;
    5499 : 0887;
    5500 : 06A2;
    5501 : 041B;
    5502 : 0142;
    5503 : FEB5;
    5504 : FCB8;
    5505 : FB5F;
    5506 : FADB;
    5507 : FAF4;
    5508 : FB5A;
    5509 : FC27;
    5510 : FD0A;
    5511 : FDD5;
    5512 : FE7D;
    5513 : FEF1;
    5514 : FF21;
    5515 : FF0A;
    5516 : FEDE;
    5517 : FE7E;
    5518 : FE41;
    5519 : FE58;
    5520 : FF01;
    5521 : 0024;
    5522 : 019B;
    5523 : 0337;
    5524 : 0485;
    5525 : 0575;
    5526 : 05C9;
    5527 : 0570;
    5528 : 044F;
    5529 : 02B6;
    5530 : 00CD;
    5531 : FECD;
    5532 : FD13;
    5533 : FBAE;
    5534 : FACF;
    5535 : FA83;
    5536 : FAF7;
    5537 : FC11;
    5538 : FD91;
    5539 : FF31;
    5540 : 00AE;
    5541 : 019C;
    5542 : 01E8;
    5543 : 01C5;
    5544 : 0138;
    5545 : 0072;
    5546 : FFC4;
    5547 : FF62;
    5548 : FF47;
    5549 : FF99;
    5550 : 0036;
    5551 : 00B9;
    5552 : 014B;
    5553 : 01D1;
    5554 : 0229;
    5555 : 024F;
    5556 : 023F;
    5557 : 01CF;
    5558 : 00F8;
    5559 : 0013;
    5560 : FF17;
    5561 : FE21;
    5562 : FD80;
    5563 : FD20;
    5564 : FD19;
    5565 : FD73;
    5566 : FE13;
    5567 : FECF;
    5568 : FF8E;
    5569 : 0042;
    5570 : 00CB;
    5571 : 011E;
    5572 : 013D;
    5573 : 011F;
    5574 : 00B5;
    5575 : 0037;
    5576 : FFA1;
    5577 : FF3D;
    5578 : FF1F;
    5579 : FF62;
    5580 : 0002;
    5581 : 00B5;
    5582 : 0158;
    5583 : 01C2;
    5584 : 01CF;
    5585 : 019D;
    5586 : 012E;
    5587 : 008D;
    5588 : FFC9;
    5589 : FF36;
    5590 : FED8;
    5591 : FE73;
    5592 : FE29;
    5593 : FDFF;
    5594 : FDD4;
    5595 : FE1D;
    5596 : FECA;
    5597 : FF80;
    5598 : 003F;
    5599 : 00D5;
    5600 : 0144;
    5601 : 0183;
    5602 : 018D;
    5603 : 014A;
    5604 : 00D5;
    5605 : 0063;
    5606 : 000C;
    5607 : FFE8;
    5608 : FFC6;
    5609 : FFB3;
    5610 : FFBD;
    5611 : 0009;
    5612 : 008C;
    5613 : 010C;
    5614 : 015F;
    5615 : 015D;
    5616 : 00E7;
    5617 : 001E;
    5618 : FF31;
    5619 : FE38;
    5620 : FD4A;
    5621 : FCB9;
    5622 : FC8B;
    5623 : FCDD;
    5624 : FD88;
    5625 : FE73;
    5626 : FF8D;
    5627 : 009C;
    5628 : 0191;
    5629 : 024E;
    5630 : 02C5;
    5631 : 02BD;
    5632 : 026F;
    5633 : 01B8;
    5634 : 00E4;
    5635 : 003F;
    5636 : FFC2;
    5637 : FF7E;
    5638 : FFAB;
    5639 : 0013;
    5640 : 007A;
    5641 : 00F8;
    5642 : 0141;
    5643 : 0144;
    5644 : 00F0;
    5645 : 006D;
    5646 : FF63;
    5647 : FE56;
    5648 : FD40;
    5649 : FC6B;
    5650 : FBE3;
    5651 : FBC4;
    5652 : FC35;
    5653 : FD3B;
    5654 : FEC2;
    5655 : 0074;
    5656 : 01F8;
    5657 : 0301;
    5658 : 03B1;
    5659 : 03E0;
    5660 : 03AD;
    5661 : 032A;
    5662 : 0281;
    5663 : 01B3;
    5664 : 00FB;
    5665 : 005E;
    5666 : FFC9;
    5667 : FF4E;
    5668 : FEAA;
    5669 : FE1C;
    5670 : FDD4;
    5671 : FDAB;
    5672 : FDB2;
    5673 : FDD2;
    5674 : FDE0;
    5675 : FE0E;
    5676 : FE3D;
    5677 : FE69;
    5678 : FEA4;
    5679 : FED1;
    5680 : FF1D;
    5681 : FFC1;
    5682 : 0090;
    5683 : 016A;
    5684 : 0264;
    5685 : 035B;
    5686 : 03EF;
    5687 : 0473;
    5688 : 0478;
    5689 : 03DC;
    5690 : 02C2;
    5691 : 0146;
    5692 : FF70;
    5693 : FDA0;
    5694 : FC2C;
    5695 : FB05;
    5696 : FA8C;
    5697 : FACE;
    5698 : FB84;
    5699 : FCB2;
    5700 : FE00;
    5701 : FF44;
    5702 : 0051;
    5703 : 011D;
    5704 : 0190;
    5705 : 01B9;
    5706 : 01B4;
    5707 : 017F;
    5708 : 0168;
    5709 : 0168;
    5710 : 0159;
    5711 : 0167;
    5712 : 01AF;
    5713 : 01C6;
    5714 : 01E4;
    5715 : 01FA;
    5716 : 0172;
    5717 : 00E5;
    5718 : 003C;
    5719 : FF68;
    5720 : FE9A;
    5721 : FE07;
    5722 : FD8D;
    5723 : FD5E;
    5724 : FD79;
    5725 : FD88;
    5726 : FD74;
    5727 : FD91;
    5728 : FDAF;
    5729 : FE0B;
    5730 : FEC1;
    5731 : FF75;
    5732 : 004A;
    5733 : 014A;
    5734 : 025D;
    5735 : 02F1;
    5736 : 0332;
    5737 : 0301;
    5738 : 0273;
    5739 : 01C3;
    5740 : 00ED;
    5741 : 0009;
    5742 : FF3C;
    5743 : FEBD;
    5744 : FEB5;
    5745 : FF01;
    5746 : FF72;
    5747 : 0013;
    5748 : 00A6;
    5749 : 013C;
    5750 : 0177;
    5751 : 013B;
    5752 : 0093;
    5753 : FF9C;
    5754 : FE84;
    5755 : FD7E;
    5756 : FCA7;
    5757 : FC42;
    5758 : FC46;
    5759 : FCAF;
    5760 : FD7D;
    5761 : FE89;
    5762 : FF80;
    5763 : 007C;
    5764 : 0186;
    5765 : 0249;
    5766 : 02C4;
    5767 : 02FA;
    5768 : 02B8;
    5769 : 024B;
    5770 : 01CF;
    5771 : 012F;
    5772 : 00A7;
    5773 : 0081;
    5774 : 0093;
    5775 : 00C7;
    5776 : 0132;
    5777 : 0151;
    5778 : 0119;
    5779 : 00B9;
    5780 : 0002;
    5781 : FEF3;
    5782 : FDBA;
    5783 : FC4E;
    5784 : FB12;
    5785 : FA5E;
    5786 : FA4C;
    5787 : FAEA;
    5788 : FBEA;
    5789 : FD86;
    5790 : FF76;
    5791 : 0194;
    5792 : 037B;
    5793 : 04C6;
    5794 : 0573;
    5795 : 0566;
    5796 : 04E6;
    5797 : 03FF;
    5798 : 02C7;
    5799 : 0189;
    5800 : 008F;
    5801 : FFF0;
    5802 : FFA0;
    5803 : FFA8;
    5804 : FFD4;
    5805 : FFC3;
    5806 : FF9E;
    5807 : FF3C;
    5808 : FE62;
    5809 : FD60;
    5810 : FC58;
    5811 : FB68;
    5812 : FAE2;
    5813 : FAE6;
    5814 : FB4B;
    5815 : FC3B;
    5816 : FD91;
    5817 : FF0A;
    5818 : 007C;
    5819 : 01ED;
    5820 : 0341;
    5821 : 045A;
    5822 : 051B;
    5823 : 0561;
    5824 : 0528;
    5825 : 0483;
    5826 : 03C1;
    5827 : 02C1;
    5828 : 01AF;
    5829 : 009F;
    5830 : FF99;
    5831 : FEB8;
    5832 : FE1D;
    5833 : FDB8;
    5834 : FD74;
    5835 : FD41;
    5836 : FD2F;
    5837 : FD7B;
    5838 : FD79;
    5839 : FD7A;
    5840 : FD4F;
    5841 : FCFF;
    5842 : FCBF;
    5843 : FCCE;
    5844 : FD16;
    5845 : FD79;
    5846 : FE4A;
    5847 : FF5B;
    5848 : 00AF;
    5849 : 0240;
    5850 : 03D0;
    5851 : 0511;
    5852 : 0601;
    5853 : 0673;
    5854 : 0633;
    5855 : 0542;
    5856 : 03DC;
    5857 : 01D5;
    5858 : FFD4;
    5859 : FE3C;
    5860 : FD11;
    5861 : FC8E;
    5862 : FCAE;
    5863 : FD27;
    5864 : FDA7;
    5865 : FE2A;
    5866 : FE47;
    5867 : FE1C;
    5868 : FDD4;
    5869 : FD3A;
    5870 : FC8E;
    5871 : FC14;
    5872 : FBA1;
    5873 : FB9E;
    5874 : FC0E;
    5875 : FCF9;
    5876 : FE7E;
    5877 : 009E;
    5878 : 02FF;
    5879 : 0534;
    5880 : 070B;
    5881 : 07EC;
    5882 : 0800;
    5883 : 0770;
    5884 : 0636;
    5885 : 0488;
    5886 : 02A3;
    5887 : 00C6;
    5888 : FEF6;
    5889 : FD9B;
    5890 : FC65;
    5891 : FB80;
    5892 : FAEF;
    5893 : FADF;
    5894 : FB03;
    5895 : FB58;
    5896 : FBAC;
    5897 : FBBF;
    5898 : FBE7;
    5899 : FBEC;
    5900 : FBFA;
    5901 : FC53;
    5902 : FD29;
    5903 : FE6A;
    5904 : 0023;
    5905 : 023A;
    5906 : 043E;
    5907 : 061D;
    5908 : 079D;
    5909 : 0897;
    5910 : 08E3;
    5911 : 0850;
    5912 : 070D;
    5913 : 0507;
    5914 : 029D;
    5915 : FFEE;
    5916 : FD4C;
    5917 : FB2D;
    5918 : F9A6;
    5919 : F907;
    5920 : F92C;
    5921 : F9C4;
    5922 : FAA9;
    5923 : FBAC;
    5924 : FC93;
    5925 : FD71;
    5926 : FE2E;
    5927 : FEAF;
    5928 : FF2B;
    5929 : FFC8;
    5930 : 0039;
    5931 : 00B4;
    5932 : 0134;
    5933 : 01C8;
    5934 : 0293;
    5935 : 0380;
    5936 : 047D;
    5937 : 0546;
    5938 : 05C6;
    5939 : 05C5;
    5940 : 052C;
    5941 : 03F8;
    5942 : 024E;
    5943 : 005B;
    5944 : FE72;
    5945 : FCD7;
    5946 : FB6C;
    5947 : FA72;
    5948 : F9DA;
    5949 : F9BC;
    5950 : FA32;
    5951 : FB33;
    5952 : FC7F;
    5953 : FDF7;
    5954 : FF8B;
    5955 : 00D1;
    5956 : 01B8;
    5957 : 0209;
    5958 : 01C8;
    5959 : 0141;
    5960 : 00F7;
    5961 : 00DA;
    5962 : 0116;
    5963 : 01AC;
    5964 : 0264;
    5965 : 033F;
    5966 : 03EA;
    5967 : 0424;
    5968 : 0417;
    5969 : 03A7;
    5970 : 02AC;
    5971 : 0186;
    5972 : 000A;
    5973 : FE73;
    5974 : FCB9;
    5975 : FB3F;
    5976 : FA54;
    5977 : F9F4;
    5978 : FA62;
    5979 : FB7C;
    5980 : FCE8;
    5981 : FE91;
    5982 : 0034;
    5983 : 0160;
    5984 : 0227;
    5985 : 0269;
    5986 : 0250;
    5987 : 0200;
    5988 : 01A1;
    5989 : 0150;
    5990 : 0115;
    5991 : 0108;
    5992 : 0123;
    5993 : 0169;
    5994 : 01CF;
    5995 : 024A;
    5996 : 029A;
    5997 : 02B4;
    5998 : 0257;
    5999 : 018C;
    6000 : 003D;
    6001 : FEC1;
    6002 : FD75;
    6003 : FC45;
    6004 : FB68;
    6005 : FAF5;
    6006 : FB07;
    6007 : FBA3;
    6008 : FCCB;
    6009 : FE23;
    6010 : FF9E;
    6011 : 011D;
    6012 : 0293;
    6013 : 03B1;
    6014 : 0449;
    6015 : 043A;
    6016 : 038D;
    6017 : 029C;
    6018 : 01B8;
    6019 : 00AC;
    6020 : 0001;
    6021 : FFA1;
    6022 : FF9B;
    6023 : FFDB;
    6024 : 0038;
    6025 : 0099;
    6026 : 00AD;
    6027 : 00A2;
    6028 : 0067;
    6029 : FFFE;
    6030 : FF71;
    6031 : FE99;
    6032 : FD93;
    6033 : FC9C;
    6034 : FBC5;
    6035 : FB81;
    6036 : FBD0;
    6037 : FCAB;
    6038 : FE31;
    6039 : FFE7;
    6040 : 0199;
    6041 : 0313;
    6042 : 040C;
    6043 : 047D;
    6044 : 047E;
    6045 : 0424;
    6046 : 038C;
    6047 : 02AD;
    6048 : 01CC;
    6049 : 00D5;
    6050 : FFCC;
    6051 : FF0C;
    6052 : FE98;
    6053 : FE71;
    6054 : FE91;
    6055 : FEFA;
    6056 : FF2D;
    6057 : FF34;
    6058 : FF26;
    6059 : FEA7;
    6060 : FDF9;
    6061 : FD50;
    6062 : FCBF;
    6063 : FC73;
    6064 : FC9B;
    6065 : FD25;
    6066 : FE0A;
    6067 : FF3E;
    6068 : 0091;
    6069 : 021A;
    6070 : 037C;
    6071 : 0496;
    6072 : 0551;
    6073 : 056A;
    6074 : 04C9;
    6075 : 03B8;
    6076 : 0245;
    6077 : 00BB;
    6078 : FF4F;
    6079 : FE49;
    6080 : FD74;
    6081 : FD34;
    6082 : FD70;
    6083 : FDD9;
    6084 : FE4C;
    6085 : FED9;
    6086 : FF60;
    6087 : FFAB;
    6088 : FFDA;
    6089 : FF8B;
    6090 : FED3;
    6091 : FE08;
    6092 : FD56;
    6093 : FCEF;
    6094 : FD11;
    6095 : FDC1;
    6096 : FEE2;
    6097 : 006B;
    6098 : 0218;
    6099 : 038A;
    6100 : 04B6;
    6101 : 054B;
    6102 : 0568;
    6103 : 050C;
    6104 : 0433;
    6105 : 02F9;
    6106 : 0180;
    6107 : FFC0;
    6108 : FE31;
    6109 : FD0F;
    6110 : FC5A;
    6111 : FC3C;
    6112 : FCB1;
    6113 : FD58;
    6114 : FE2E;
    6115 : FED6;
    6116 : FF23;
    6117 : FF1C;
    6118 : FEF1;
    6119 : FEA0;
    6120 : FE5D;
    6121 : FE37;
    6122 : FE3B;
    6123 : FE85;
    6124 : FF00;
    6125 : FFC1;
    6126 : 0096;
    6127 : 01A3;
    6128 : 02D4;
    6129 : 03E3;
    6130 : 04A3;
    6131 : 04F6;
    6132 : 04AE;
    6133 : 03F3;
    6134 : 02B2;
    6135 : 0152;
    6136 : FFE0;
    6137 : FE9F;
    6138 : FDAD;
    6139 : FD17;
    6140 : FCBA;
    6141 : FCA8;
    6142 : FCC5;
    6143 : FCF3;
    6144 : FD4E;
    6145 : FDB2;
    6146 : FE36;
    6147 : FE93;
    6148 : FEF6;
    6149 : FF2F;
    6150 : FF6A;
    6151 : FF94;
    6152 : FFD8;
    6153 : 0051;
    6154 : 00FA;
    6155 : 01BC;
    6156 : 02A1;
    6157 : 035F;
    6158 : 03F6;
    6159 : 0447;
    6160 : 042D;
    6161 : 03B8;
    6162 : 02F8;
    6163 : 01F8;
    6164 : 00E7;
    6165 : FFCA;
    6166 : FEB4;
    6167 : FDA3;
    6168 : FCB3;
    6169 : FC09;
    6170 : FBC3;
    6171 : FBC9;
    6172 : FC15;
    6173 : FC8F;
    6174 : FD2D;
    6175 : FDD4;
    6176 : FE7B;
    6177 : FF24;
    6178 : FFBE;
    6179 : 0054;
    6180 : 010B;
    6181 : 01CE;
    6182 : 028C;
    6183 : 0336;
    6184 : 038C;
    6185 : 03DF;
    6186 : 03F4;
    6187 : 03E7;
    6188 : 03D1;
    6189 : 038C;
    6190 : 0318;
    6191 : 0243;
    6192 : 0150;
    6193 : 0017;
    6194 : FEBB;
    6195 : FD71;
    6196 : FC5B;
    6197 : FBAC;
    6198 : FB6D;
    6199 : FB87;
    6200 : FBBB;
    6201 : FC15;
    6202 : FC6C;
    6203 : FCDA;
    6204 : FD88;
    6205 : FE5C;
    6206 : FF6E;
    6207 : 0088;
    6208 : 01AB;
    6209 : 028B;
    6210 : 032E;
    6211 : 039B;
    6212 : 03DD;
    6213 : 0418;
    6214 : 0439;
    6215 : 0457;
    6216 : 0467;
    6217 : 0410;
    6218 : 0363;
    6219 : 0247;
    6220 : 00F6;
    6221 : FF82;
    6222 : FE28;
    6223 : FD1F;
    6224 : FC52;
    6225 : FBD0;
    6226 : FB7D;
    6227 : FB6D;
    6228 : FB81;
    6229 : FBB9;
    6230 : FC3F;
    6231 : FCFF;
    6232 : FDEB;
    6233 : FF06;
    6234 : FFFC;
    6235 : 00CA;
    6236 : 0161;
    6237 : 01D5;
    6238 : 0238;
    6239 : 02B2;
    6240 : 0354;
    6241 : 0405;
    6242 : 04A7;
    6243 : 04FF;
    6244 : 04FE;
    6245 : 048C;
    6246 : 03B7;
    6247 : 02AF;
    6248 : 0179;
    6249 : 0031;
    6250 : FF07;
    6251 : FDE2;
    6252 : FCC1;
    6253 : FBE3;
    6254 : FB22;
    6255 : FAD9;
    6256 : FB06;
    6257 : FB7D;
    6258 : FC23;
    6259 : FCDA;
    6260 : FD73;
    6261 : FE06;
    6262 : FEB7;
    6263 : FF49;
    6264 : 0003;
    6265 : 00FD;
    6266 : 022F;
    6267 : 0371;
    6268 : 04B3;
    6269 : 059A;
    6270 : 0604;
    6271 : 0601;
    6272 : 05C0;
    6273 : 050D;
    6274 : 0402;
    6275 : 02D5;
    6276 : 0168;
    6277 : FFF2;
    6278 : FE91;
    6279 : FD2C;
    6280 : FC03;
    6281 : FB20;
    6282 : FA98;
    6283 : FA7B;
    6284 : FAB8;
    6285 : FB0D;
    6286 : FB85;
    6287 : FC0E;
    6288 : FCC8;
    6289 : FDB6;
    6290 : FEBC;
    6291 : FFEE;
    6292 : 0137;
    6293 : 026E;
    6294 : 038F;
    6295 : 0483;
    6296 : 0535;
    6297 : 05A8;
    6298 : 05CA;
    6299 : 0594;
    6300 : 04FE;
    6301 : 041E;
    6302 : 02FE;
    6303 : 019A;
    6304 : 0017;
    6305 : FEBE;
    6306 : FD95;
    6307 : FCB6;
    6308 : FC51;
    6309 : FC0B;
    6310 : FBE2;
    6311 : FBE5;
    6312 : FC08;
    6313 : FC2D;
    6314 : FC8D;
    6315 : FCED;
    6316 : FD78;
    6317 : FE16;
    6318 : FED9;
    6319 : FFCC;
    6320 : 00BA;
    6321 : 019C;
    6322 : 027C;
    6323 : 0370;
    6324 : 0466;
    6325 : 052D;
    6326 : 0597;
    6327 : 056E;
    6328 : 04A1;
    6329 : 0387;
    6330 : 021B;
    6331 : 00A9;
    6332 : FF37;
    6333 : FDE8;
    6334 : FD0B;
    6335 : FC99;
    6336 : FC60;
    6337 : FC42;
    6338 : FC46;
    6339 : FC73;
    6340 : FCC4;
    6341 : FD4E;
    6342 : FDF7;
    6343 : FE7D;
    6344 : FF12;
    6345 : FF88;
    6346 : FFDE;
    6347 : 0018;
    6348 : 0071;
    6349 : 00D1;
    6350 : 015D;
    6351 : 0220;
    6352 : 02E7;
    6353 : 039F;
    6354 : 042A;
    6355 : 0464;
    6356 : 0420;
    6357 : 037E;
    6358 : 027A;
    6359 : 014C;
    6360 : 0006;
    6361 : FED6;
    6362 : FDB2;
    6363 : FCB3;
    6364 : FC13;
    6365 : FBDF;
    6366 : FC13;
    6367 : FC95;
    6368 : FD41;
    6369 : FE08;
    6370 : FEBD;
    6371 : FF5D;
    6372 : FFE6;
    6373 : 002E;
    6374 : 004B;
    6375 : 006F;
    6376 : 0086;
    6377 : 00D4;
    6378 : 011B;
    6379 : 0180;
    6380 : 01F4;
    6381 : 0292;
    6382 : 033B;
    6383 : 03C8;
    6384 : 0418;
    6385 : 03F5;
    6386 : 0341;
    6387 : 0240;
    6388 : 00F8;
    6389 : FF93;
    6390 : FE3D;
    6391 : FD29;
    6392 : FC66;
    6393 : FC10;
    6394 : FC00;
    6395 : FC11;
    6396 : FC56;
    6397 : FCB3;
    6398 : FD42;
    6399 : FDFA;
    6400 : FEA9;
    6401 : FF7A;
    6402 : 003A;
    6403 : 00F7;
    6404 : 017C;
    6405 : 01DA;
    6406 : 0239;
    6407 : 028C;
    6408 : 02F3;
    6409 : 0343;
    6410 : 0375;
    6411 : 037C;
    6412 : 0368;
    6413 : 0326;
    6414 : 02A9;
    6415 : 021F;
    6416 : 014C;
    6417 : 0081;
    6418 : FF95;
    6419 : FE98;
    6420 : FD81;
    6421 : FC6D;
    6422 : FB76;
    6423 : FADD;
    6424 : FAB9;
    6425 : FB0A;
    6426 : FBB6;
    6427 : FCA8;
    6428 : FDEA;
    6429 : FF3C;
    6430 : 009B;
    6431 : 01B6;
    6432 : 0283;
    6433 : 02FD;
    6434 : 0357;
    6435 : 037F;
    6436 : 0391;
    6437 : 03B2;
    6438 : 0395;
    6439 : 0391;
    6440 : 038A;
    6441 : 035B;
    6442 : 02ED;
    6443 : 024A;
    6444 : 015C;
    6445 : 0045;
    6446 : FF34;
    6447 : FDFC;
    6448 : FCDC;
    6449 : FBE5;
    6450 : FB15;
    6451 : FA86;
    6452 : FA81;
    6453 : FAD5;
    6454 : FB86;
    6455 : FC95;
    6456 : FDBF;
    6457 : FF1C;
    6458 : 0087;
    6459 : 01C2;
    6460 : 02AF;
    6461 : 0366;
    6462 : 03CE;
    6463 : 0406;
    6464 : 042A;
    6465 : 0402;
    6466 : 03BF;
    6467 : 0358;
    6468 : 02C5;
    6469 : 021A;
    6470 : 0169;
    6471 : 00C6;
    6472 : 0001;
    6473 : FF34;
    6474 : FE6C;
    6475 : FD9F;
    6476 : FCE3;
    6477 : FC4B;
    6478 : FBE0;
    6479 : FBB1;
    6480 : FBCA;
    6481 : FC34;
    6482 : FCE9;
    6483 : FDCB;
    6484 : FEB6;
    6485 : FFA0;
    6486 : 0081;
    6487 : 0149;
    6488 : 01F6;
    6489 : 027F;
    6490 : 02D4;
    6491 : 0305;
    6492 : 0338;
    6493 : 0331;
    6494 : 0312;
    6495 : 02C0;
    6496 : 023E;
    6497 : 0181;
    6498 : 00CC;
    6499 : FFF8;
    6500 : FF38;
    6501 : FE7C;
    6502 : FDD0;
    6503 : FD5D;
    6504 : FD3D;
    6505 : FD3B;
    6506 : FD5A;
    6507 : FDB5;
    6508 : FE04;
    6509 : FE5B;
    6510 : FEB2;
    6511 : FEFA;
    6512 : FF1B;
    6513 : FF53;
    6514 : FF97;
    6515 : FFE7;
    6516 : 0069;
    6517 : 00F7;
    6518 : 0189;
    6519 : 0202;
    6520 : 0277;
    6521 : 02A9;
    6522 : 02B8;
    6523 : 0274;
    6524 : 01E7;
    6525 : 013D;
    6526 : 0056;
    6527 : FF7F;
    6528 : FEC9;
    6529 : FE4F;
    6530 : FDF0;
    6531 : FDF4;
    6532 : FE1A;
    6533 : FE67;
    6534 : FED0;
    6535 : FF29;
    6536 : FF4A;
    6537 : FF61;
    6538 : FF54;
    6539 : FF40;
    6540 : FF4A;
    6541 : FF51;
    6542 : FF79;
    6543 : FFB5;
    6544 : 000D;
    6545 : 006C;
    6546 : 00CC;
    6547 : 0122;
    6548 : 015E;
    6549 : 017F;
    6550 : 01A5;
    6551 : 019F;
    6552 : 0176;
    6553 : 010E;
    6554 : 0098;
    6555 : 0010;
    6556 : FFAC;
    6557 : FF53;
    6558 : FF11;
    6559 : FEF1;
    6560 : FEC9;
    6561 : FEC1;
    6562 : FEC2;
    6563 : FEEE;
    6564 : FF18;
    6565 : FF4A;
    6566 : FF84;
    6567 : FFB6;
    6568 : FFF6;
    6569 : 0005;
    6570 : FFFC;
    6571 : FFE1;
    6572 : FFC2;
    6573 : FFB3;
    6574 : FFC3;
    6575 : FFF5;
    6576 : 0034;
    6577 : 006F;
    6578 : 00C9;
    6579 : 010D;
    6580 : 0128;
    6581 : 010E;
    6582 : 00C7;
    6583 : 0086;
    6584 : 004C;
    6585 : FFF3;
    6586 : FFB5;
    6587 : FF6B;
    6588 : FF19;
    6589 : FEFD;
    6590 : FEE5;
    6591 : FEF0;
    6592 : FF22;
    6593 : FF69;
    6594 : FFC5;
    6595 : 0015;
    6596 : 0050;
    6597 : 0061;
    6598 : 0031;
    6599 : 0016;
    6600 : FFD1;
    6601 : FF93;
    6602 : FF7F;
    6603 : FF82;
    6604 : FFA7;
    6605 : FFF5;
    6606 : 002F;
    6607 : 0086;
    6608 : 00D0;
    6609 : 00F2;
    6610 : 00FE;
    6611 : 00D6;
    6612 : 0085;
    6613 : 0023;
    6614 : FFC8;
    6615 : FF6F;
    6616 : FF0F;
    6617 : FEE0;
    6618 : FEEB;
    6619 : FF12;
    6620 : FF83;
    6621 : FFE8;
    6622 : 0032;
    6623 : 0069;
    6624 : 008B;
    6625 : 008D;
    6626 : 007B;
    6627 : 0048;
    6628 : FFFF;
    6629 : FFC0;
    6630 : FF73;
    6631 : FF49;
    6632 : FF23;
    6633 : FF28;
    6634 : FF2C;
    6635 : FF57;
    6636 : FF93;
    6637 : FFD8;
    6638 : 0016;
    6639 : 0035;
    6640 : 004D;
    6641 : 0078;
    6642 : 00A5;
    6643 : 00B8;
    6644 : 00C9;
    6645 : 00C2;
    6646 : 00B8;
    6647 : 00A3;
    6648 : 009F;
    6649 : 00A5;
    6650 : 00A6;
    6651 : 00A9;
    6652 : 00AD;
    6653 : 0090;
    6654 : 0049;
    6655 : FFD5;
    6656 : FF3A;
    6657 : FEA8;
    6658 : FE04;
    6659 : FD85;
    6660 : FD46;
    6661 : FD58;
    6662 : FDA0;
    6663 : FE37;
    6664 : FEEC;
    6665 : FFA4;
    6666 : 0053;
    6667 : 00FB;
    6668 : 0184;
    6669 : 01D8;
    6670 : 0218;
    6671 : 0221;
    6672 : 022C;
    6673 : 022A;
    6674 : 0210;
    6675 : 01E9;
    6676 : 01B7;
    6677 : 017A;
    6678 : 0136;
    6679 : 00F2;
    6680 : 007A;
    6681 : FFE6;
    6682 : FF30;
    6683 : FE60;
    6684 : FD9D;
    6685 : FCF6;
    6686 : FC5B;
    6687 : FC08;
    6688 : FC11;
    6689 : FC82;
    6690 : FD3D;
    6691 : FE09;
    6692 : FEF9;
    6693 : FFDD;
    6694 : 00CB;
    6695 : 0195;
    6696 : 0221;
    6697 : 0283;
    6698 : 02CF;
    6699 : 02EE;
    6700 : 02FA;
    6701 : 02EA;
    6702 : 02AE;
    6703 : 0282;
    6704 : 0236;
    6705 : 01E3;
    6706 : 0175;
    6707 : 00C8;
    6708 : FFFC;
    6709 : FF22;
    6710 : FE43;
    6711 : FD61;
    6712 : FC9F;
    6713 : FC0A;
    6714 : FBA5;
    6715 : FB89;
    6716 : FBB7;
    6717 : FC26;
    6718 : FCD7;
    6719 : FDD0;
    6720 : FEEB;
    6721 : 000F;
    6722 : 012D;
    6723 : 0212;
    6724 : 02E9;
    6725 : 0388;
    6726 : 03F9;
    6727 : 043D;
    6728 : 0447;
    6729 : 0425;
    6730 : 03DC;
    6731 : 036E;
    6732 : 02B8;
    6733 : 01E7;
    6734 : 00FA;
    6735 : 0023;
    6736 : FF64;
    6737 : FE92;
    6738 : FDBE;
    6739 : FCE3;
    6740 : FC0E;
    6741 : FB66;
    6742 : FAEB;
    6743 : FAB1;
    6744 : FADB;
    6745 : FB80;
    6746 : FC92;
    6747 : FDE7;
    6748 : FF5E;
    6749 : 00B9;
    6750 : 0206;
    6751 : 0316;
    6752 : 03F4;
    6753 : 0476;
    6754 : 04BE;
    6755 : 04D4;
    6756 : 0499;
    6757 : 043F;
    6758 : 03A8;
    6759 : 0314;
    6760 : 025B;
    6761 : 01A4;
    6762 : 00E0;
    6763 : 0007;
    6764 : FF23;
    6765 : FE2F;
    6766 : FD46;
    6767 : FC5E;
    6768 : FB9E;
    6769 : FAFC;
    6770 : FAAC;
    6771 : FA8A;
    6772 : FAD8;
    6773 : FB7B;
    6774 : FC64;
    6775 : FD9E;
    6776 : FEF5;
    6777 : 0093;
    6778 : 0223;
    6779 : 0389;
    6780 : 04AC;
    6781 : 054F;
    6782 : 0599;
    6783 : 0578;
    6784 : 04E7;
    6785 : 0418;
    6786 : 0328;
    6787 : 0234;
    6788 : 0169;
    6789 : 00A8;
    6790 : 000A;
    6791 : FF54;
    6792 : FEAF;
    6793 : FE29;
    6794 : FDAB;
    6795 : FD3E;
    6796 : FCB7;
    6797 : FC45;
    6798 : FC00;
    6799 : FBD4;
    6800 : FBCA;
    6801 : FC0C;
    6802 : FC99;
    6803 : FD80;
    6804 : FEAE;
    6805 : 000A;
    6806 : 016B;
    6807 : 02B8;
    6808 : 03AD;
    6809 : 046C;
    6810 : 04E1;
    6811 : 0515;
    6812 : 0501;
    6813 : 04B2;
    6814 : 0416;
    6815 : 0354;
    6816 : 0254;
    6817 : 0123;
    6818 : FFEB;
    6819 : FED2;
    6820 : FDD7;
    6821 : FD46;
    6822 : FD06;
    6823 : FCD8;
    6824 : FCC1;
    6825 : FCB8;
    6826 : FC97;
    6827 : FC9A;
    6828 : FCA9;
    6829 : FCDF;
    6830 : FD5E;
    6831 : FE1C;
    6832 : FEFE;
    6833 : 0000;
    6834 : 0108;
    6835 : 0225;
    6836 : 0328;
    6837 : 0408;
    6838 : 04AB;
    6839 : 04EF;
    6840 : 04D4;
    6841 : 045D;
    6842 : 0395;
    6843 : 0298;
    6844 : 0194;
    6845 : 00A9;
    6846 : FFFE;
    6847 : FF63;
    6848 : FED2;
    6849 : FE44;
    6850 : FDCA;
    6851 : FD59;
    6852 : FD00;
    6853 : FCD0;
    6854 : FCB1;
    6855 : FCCB;
    6856 : FCFC;
    6857 : FD5C;
    6858 : FDCD;
    6859 : FE4D;
    6860 : FEDD;
    6861 : FFA8;
    6862 : 00B5;
    6863 : 01AB;
    6864 : 02A9;
    6865 : 0369;
    6866 : 03CC;
    6867 : 03FA;
    6868 : 03EF;
    6869 : 03BE;
    6870 : 0374;
    6871 : 031A;
    6872 : 02C2;
    6873 : 0242;
    6874 : 0193;
    6875 : 00A5;
    6876 : FF99;
    6877 : FE75;
    6878 : FD90;
    6879 : FCEE;
    6880 : FC7D;
    6881 : FC4E;
    6882 : FC45;
    6883 : FC70;
    6884 : FCA7;
    6885 : FD14;
    6886 : FD9F;
    6887 : FE4C;
    6888 : FF14;
    6889 : FFDE;
    6890 : 00A0;
    6891 : 0131;
    6892 : 01DB;
    6893 : 0250;
    6894 : 02BE;
    6895 : 0322;
    6896 : 0384;
    6897 : 03E4;
    6898 : 0404;
    6899 : 03F3;
    6900 : 0379;
    6901 : 02CE;
    6902 : 01D3;
    6903 : 00C1;
    6904 : FFB7;
    6905 : FE9A;
    6906 : FDAD;
    6907 : FCD5;
    6908 : FC35;
    6909 : FBE1;
    6910 : FBF5;
    6911 : FC49;
    6912 : FCAF;
    6913 : FD6E;
    6914 : FE54;
    6915 : FF38;
    6916 : FFFA;
    6917 : 008F;
    6918 : 010C;
    6919 : 0186;
    6920 : 01FE;
    6921 : 0292;
    6922 : 0302;
    6923 : 0346;
    6924 : 036D;
    6925 : 0373;
    6926 : 033C;
    6927 : 02D2;
    6928 : 0226;
    6929 : 0149;
    6930 : 0059;
    6931 : FF63;
    6932 : FE6A;
    6933 : FD8A;
    6934 : FCD9;
    6935 : FC4F;
    6936 : FC40;
    6937 : FC70;
    6938 : FD08;
    6939 : FDC7;
    6940 : FE9E;
    6941 : FF82;
    6942 : 0024;
    6943 : 00B6;
    6944 : 0127;
    6945 : 0172;
    6946 : 01A5;
    6947 : 01D6;
    6948 : 0203;
    6949 : 023B;
    6950 : 0263;
    6951 : 0274;
    6952 : 0254;
    6953 : 0211;
    6954 : 0199;
    6955 : 0119;
    6956 : 0091;
    6957 : FFDD;
    6958 : FF39;
    6959 : FE93;
    6960 : FE0A;
    6961 : FDB9;
    6962 : FD9A;
    6963 : FD92;
    6964 : FD9B;
    6965 : FDD2;
    6966 : FE28;
    6967 : FEB4;
    6968 : FF53;
    6969 : FFF1;
    6970 : 007D;
    6971 : 0107;
    6972 : 0183;
    6973 : 01F7;
    6974 : 0237;
    6975 : 0225;
    6976 : 0204;
    6977 : 01EB;
    6978 : 01C5;
    6979 : 0198;
    6980 : 014F;
    6981 : 011B;
    6982 : 00E3;
    6983 : 0094;
    6984 : 005C;
    6985 : 0002;
    6986 : FF96;
    6987 : FF16;
    6988 : FE9B;
    6989 : FE46;
    6990 : FE0E;
    6991 : FDFF;
    6992 : FE0B;
    6993 : FE3B;
    6994 : FE91;
    6995 : FEF9;
    6996 : FF6F;
    6997 : FFD4;
    6998 : 000A;
    6999 : 0034;
    7000 : 0054;
    7001 : 0078;
    7002 : 00B5;
    7003 : 00F1;
    7004 : 013A;
    7005 : 0196;
    7006 : 01EB;
    7007 : 0233;
    7008 : 0259;
    7009 : 0240;
    7010 : 01FC;
    7011 : 019A;
    7012 : 010E;
    7013 : 007D;
    7014 : FFDE;
    7015 : FF3B;
    7016 : FEAD;
    7017 : FE39;
    7018 : FE05;
    7019 : FDF8;
    7020 : FDFF;
    7021 : FE0C;
    7022 : FE1A;
    7023 : FE28;
    7024 : FE4F;
    7025 : FE9C;
    7026 : FED3;
    7027 : FF2C;
    7028 : FF9E;
    7029 : 002A;
    7030 : 00CB;
    7031 : 0179;
    7032 : 01F5;
    7033 : 0258;
    7034 : 029E;
    7035 : 02DF;
    7036 : 0308;
    7037 : 02FB;
    7038 : 02C7;
    7039 : 0245;
    7040 : 01AC;
    7041 : 0101;
    7042 : 0026;
    7043 : FF54;
    7044 : FE7B;
    7045 : FDD9;
    7046 : FD4A;
    7047 : FCFC;
    7048 : FCDE;
    7049 : FCDC;
    7050 : FD1A;
    7051 : FD5D;
    7052 : FDF7;
    7053 : FE9D;
    7054 : FF39;
    7055 : FFF3;
    7056 : 0087;
    7057 : 00F9;
    7058 : 0173;
    7059 : 01D0;
    7060 : 0216;
    7061 : 0249;
    7062 : 025E;
    7063 : 0278;
    7064 : 0271;
    7065 : 0276;
    7066 : 0246;
    7067 : 01FD;
    7068 : 017B;
    7069 : 00DF;
    7070 : 0030;
    7071 : FF68;
    7072 : FE95;
    7073 : FDDF;
    7074 : FD39;
    7075 : FCC6;
    7076 : FCAC;
    7077 : FCDA;
    7078 : FD41;
    7079 : FDDA;
    7080 : FE9C;
    7081 : FF62;
    7082 : 0023;
    7083 : 00BB;
    7084 : 012D;
    7085 : 018A;
    7086 : 01B2;
    7087 : 01C6;
    7088 : 01D8;
    7089 : 01E3;
    7090 : 01B4;
    7091 : 0187;
    7092 : 014D;
    7093 : 010C;
    7094 : 00E3;
    7095 : 00AA;
    7096 : 0061;
    7097 : 0022;
    7098 : FFDA;
    7099 : FF9E;
    7100 : FF60;
    7101 : FF05;
    7102 : FEBD;
    7103 : FE78;
    7104 : FE39;
    7105 : FE40;
    7106 : FE63;
    7107 : FEAB;
    7108 : FF24;
    7109 : FFB8;
    7110 : 0058;
    7111 : 00F4;
    7112 : 0180;
    7113 : 01C3;
    7114 : 01DB;
    7115 : 01C3;
    7116 : 0166;
    7117 : 0106;
    7118 : 008A;
    7119 : 0017;
    7120 : FFAF;
    7121 : FF67;
    7122 : FF48;
    7123 : FF61;
    7124 : FF7B;
    7125 : FFA5;
    7126 : FFCE;
    7127 : FFD3;
    7128 : FFEA;
    7129 : FFE4;
    7130 : FFE3;
    7131 : FFE7;
    7132 : FFF1;
    7133 : 0024;
    7134 : 005D;
    7135 : 00A1;
    7136 : 00DA;
    7137 : 00F4;
    7138 : 00D4;
    7139 : 00BE;
    7140 : 009D;
    7141 : 004D;
    7142 : 0007;
    7143 : FFD9;
    7144 : FFAD;
    7145 : FFA6;
    7146 : FFAB;
    7147 : FF9A;
    7148 : FF99;
    7149 : FF88;
    7150 : FF7D;
    7151 : FF6D;
    7152 : FF71;
    7153 : FF4F;
    7154 : FF65;
    7155 : FF85;
    7156 : FFAD;
    7157 : 0008;
    7158 : 0066;
    7159 : 00CB;
    7160 : 0106;
    7161 : 0143;
    7162 : 015E;
    7163 : 0148;
    7164 : 011C;
    7165 : 00D7;
    7166 : 0083;
    7167 : 0035;
    7168 : FFEF;
    7169 : FFD4;
    7170 : FFB8;
    7171 : FFA5;
    7172 : FFAC;
    7173 : FFAF;
    7174 : FFAB;
    7175 : FFA6;
    7176 : FF84;
    7177 : FF5A;
    7178 : FF1F;
    7179 : FEF1;
    7180 : FEE4;
    7181 : FF0B;
    7182 : FF47;
    7183 : FF99;
    7184 : FFEE;
    7185 : 0050;
    7186 : 00A5;
    7187 : 00E9;
    7188 : 0103;
    7189 : 00EF;
    7190 : 00E2;
    7191 : 00CF;
    7192 : 00C6;
    7193 : 00AA;
    7194 : 0093;
    7195 : 0079;
    7196 : 0062;
    7197 : 0059;
    7198 : 005F;
    7199 : 0051;
    7200 : 0048;
    7201 : 0029;
    7202 : FFFE;
    7203 : FFBA;
    7204 : FF63;
    7205 : FF28;
    7206 : FEE0;
    7207 : FEB8;
    7208 : FEAC;
    7209 : FEBE;
    7210 : FEE6;
    7211 : FF04;
    7212 : FF3A;
    7213 : FF83;
    7214 : FFE7;
    7215 : 003F;
    7216 : 00A3;
    7217 : 00ED;
    7218 : 0126;
    7219 : 0141;
    7220 : 013D;
    7221 : 0126;
    7222 : 00FC;
    7223 : 00D0;
    7224 : 00AB;
    7225 : 006D;
    7226 : 003D;
    7227 : 0017;
    7228 : FFEE;
    7229 : FFE0;
    7230 : FFC0;
    7231 : FFC9;
    7232 : FFBA;
    7233 : FFD5;
    7234 : FFE0;
    7235 : FFD8;
    7236 : FFB3;
    7237 : FF99;
    7238 : FF79;
    7239 : FF6A;
    7240 : FF65;
    7241 : FF60;
    7242 : FF73;
    7243 : FF94;
    7244 : FFB3;
    7245 : FFCA;
    7246 : FFDE;
    7247 : 0011;
    7248 : 0037;
    7249 : 008A;
    7250 : 00C3;
    7251 : 00D0;
    7252 : 00C7;
    7253 : 00A1;
    7254 : 006C;
    7255 : 004A;
    7256 : 0024;
    7257 : 0035;
    7258 : 0050;
    7259 : 007A;
    7260 : 00B4;
    7261 : 00BF;
    7262 : 00CA;
    7263 : 00A1;
    7264 : 0075;
    7265 : 002B;
    7266 : FFD8;
    7267 : FF7D;
    7268 : FF1C;
    7269 : FEC7;
    7270 : FE94;
    7271 : FE7D;
    7272 : FE91;
    7273 : FEE4;
    7274 : FF45;
    7275 : FFC1;
    7276 : 002E;
    7277 : 008A;
    7278 : 00A0;
    7279 : 00B2;
    7280 : 009F;
    7281 : 0099;
    7282 : 0075;
    7283 : 0062;
    7284 : 0063;
    7285 : 0057;
    7286 : 0057;
    7287 : 0062;
    7288 : 006C;
    7289 : 008A;
    7290 : 00C0;
    7291 : 00D1;
    7292 : 00C6;
    7293 : 0098;
    7294 : 0032;
    7295 : FFC3;
    7296 : FF56;
    7297 : FEFB;
    7298 : FEB8;
    7299 : FEA8;
    7300 : FEC5;
    7301 : FF09;
    7302 : FF4B;
    7303 : FF91;
    7304 : FFB1;
    7305 : FFF7;
    7306 : 003A;
    7307 : 007E;
    7308 : 00BB;
    7309 : 00D7;
    7310 : 00C7;
    7311 : 00B3;
    7312 : 009D;
    7313 : 0067;
    7314 : 004E;
    7315 : 0059;
    7316 : 0063;
    7317 : 009A;
    7318 : 00C8;
    7319 : 00C7;
    7320 : 00A7;
    7321 : 006C;
    7322 : 001A;
    7323 : FFDF;
    7324 : FFAE;
    7325 : FF86;
    7326 : FF74;
    7327 : FF5E;
    7328 : FF40;
    7329 : FF2A;
    7330 : FF28;
    7331 : FF30;
    7332 : FF5D;
    7333 : FF9F;
    7334 : FFD9;
    7335 : 0010;
    7336 : 004D;
    7337 : 006A;
    7338 : 0086;
    7339 : 0084;
    7340 : 0091;
    7341 : 00B2;
    7342 : 00BC;
    7343 : 00D3;
    7344 : 00DF;
    7345 : 00D6;
    7346 : 00B2;
    7347 : 00A0;
    7348 : 008E;
    7349 : 0070;
    7350 : 0051;
    7351 : 0019;
    7352 : FFF6;
    7353 : FFC2;
    7354 : FF91;
    7355 : FF6E;
    7356 : FF53;
    7357 : FF52;
    7358 : FF79;
    7359 : FF9A;
    7360 : FFA0;
    7361 : FFB3;
    7362 : FFB4;
    7363 : FFBE;
    7364 : FFC9;
    7365 : FFFA;
    7366 : 0015;
    7367 : 0041;
    7368 : 0062;
    7369 : 0066;
    7370 : 0053;
    7371 : 0039;
    7372 : 003C;
    7373 : 0056;
    7374 : 0085;
    7375 : 00C5;
    7376 : 010C;
    7377 : 0132;
    7378 : 0136;
    7379 : 012A;
    7380 : 00F2;
    7381 : 009B;
    7382 : 005F;
    7383 : FFFD;
    7384 : FFA5;
    7385 : FF51;
    7386 : FF0F;
    7387 : FEC3;
    7388 : FE9D;
    7389 : FEA3;
    7390 : FEE2;
    7391 : FF3C;
    7392 : FF98;
    7393 : FFF9;
    7394 : 0049;
    7395 : 007F;
    7396 : 006F;
    7397 : 005D;
    7398 : 0048;
    7399 : 0030;
    7400 : 0058;
    7401 : 007A;
    7402 : 009B;
    7403 : 00BE;
    7404 : 00D5;
    7405 : 00E2;
    7406 : 00DB;
    7407 : 00DC;
    7408 : 00CF;
    7409 : 00A6;
    7410 : 007E;
    7411 : 0033;
    7412 : FFDA;
    7413 : FF5C;
    7414 : FEFF;
    7415 : FEC7;
    7416 : FEB3;
    7417 : FEDB;
    7418 : FEF6;
    7419 : FF39;
    7420 : FF71;
    7421 : FFA7;
    7422 : FFF6;
    7423 : 0016;
    7424 : 003F;
    7425 : 0063;
    7426 : 007F;
    7427 : 009A;
    7428 : 00B7;
    7429 : 00A9;
    7430 : 009A;
    7431 : 0099;
    7432 : 009A;
    7433 : 0097;
    7434 : 00AB;
    7435 : 00A0;
    7436 : 0069;
    7437 : 0030;
    7438 : FFD4;
    7439 : FF73;
    7440 : FF33;
    7441 : FF17;
    7442 : FF12;
    7443 : FF35;
    7444 : FF51;
    7445 : FF72;
    7446 : FF87;
    7447 : FF8D;
    7448 : FFA7;
    7449 : FFB7;
    7450 : FFDC;
    7451 : 0017;
    7452 : 0050;
    7453 : 007E;
    7454 : 009E;
    7455 : 0098;
    7456 : 009D;
    7457 : 00A6;
    7458 : 00A8;
    7459 : 00A0;
    7460 : 009C;
    7461 : 007F;
    7462 : 003D;
    7463 : FFF9;
    7464 : FF91;
    7465 : FF39;
    7466 : FF0E;
    7467 : FEFE;
    7468 : FF1F;
    7469 : FF3E;
    7470 : FF44;
    7471 : FF58;
    7472 : FF60;
    7473 : FF5E;
    7474 : FF60;
    7475 : FF90;
    7476 : FFC7;
    7477 : 0009;
    7478 : 0054;
    7479 : 0082;
    7480 : 00A9;
    7481 : 00BC;
    7482 : 00B6;
    7483 : 00B0;
    7484 : 00B0;
    7485 : 00AD;
    7486 : 007E;
    7487 : 004E;
    7488 : FFE5;
    7489 : FF7E;
    7490 : FF2E;
    7491 : FEF5;
    7492 : FEFF;
    7493 : FF03;
    7494 : FF37;
    7495 : FF55;
    7496 : FF70;
    7497 : FF6F;
    7498 : FF5A;
    7499 : FF4C;
    7500 : FF67;
    7501 : FF80;
    7502 : FFB3;
    7503 : 0000;
    7504 : 003F;
    7505 : 005B;
    7506 : 006B;
    7507 : 005E;
    7508 : 006B;
    7509 : 009F;
    7510 : 00BE;
    7511 : 00CA;
    7512 : 00C7;
    7513 : 00B5;
    7514 : 008D;
    7515 : 0058;
    7516 : 0009;
    7517 : FFCE;
    7518 : FFA4;
    7519 : FF7F;
    7520 : FF65;
    7521 : FF56;
    7522 : FF17;
    7523 : FEEF;
    7524 : FECE;
    7525 : FECC;
    7526 : FF06;
    7527 : FF48;
    7528 : FF94;
    7529 : FFDD;
    7530 : 0009;
    7531 : 001F;
    7532 : 0027;
    7533 : 0029;
    7534 : 002D;
    7535 : 004D;
    7536 : 007B;
    7537 : 00B5;
    7538 : 00F2;
    7539 : 012C;
    7540 : 0140;
    7541 : 0152;
    7542 : 012F;
    7543 : 0120;
    7544 : 00DA;
    7545 : 0073;
    7546 : FFEF;
    7547 : FF58;
    7548 : FED8;
    7549 : FE6D;
    7550 : FE17;
    7551 : FDF8;
    7552 : FE1E;
    7553 : FE64;
    7554 : FED8;
    7555 : FF4A;
    7556 : FFA9;
    7557 : FFFA;
    7558 : 0049;
    7559 : 007A;
    7560 : 009C;
    7561 : 00BE;
    7562 : 00D3;
    7563 : 00C4;
    7564 : 00C4;
    7565 : 00B1;
    7566 : 00C2;
    7567 : 00C7;
    7568 : 00FC;
    7569 : 0125;
    7570 : 012C;
    7571 : 0122;
    7572 : 00F3;
    7573 : 009B;
    7574 : 001A;
    7575 : FF7F;
    7576 : FEF9;
    7577 : FE8C;
    7578 : FE48;
    7579 : FE16;
    7580 : FE09;
    7581 : FE23;
    7582 : FE6C;
    7583 : FED9;
    7584 : FF47;
    7585 : FFDD;
    7586 : 0047;
    7587 : 00B8;
    7588 : 010A;
    7589 : 013F;
    7590 : 0157;
    7591 : 014D;
    7592 : 014F;
    7593 : 0138;
    7594 : 0135;
    7595 : 0128;
    7596 : 0113;
    7597 : 0103;
    7598 : 00CD;
    7599 : 0070;
    7600 : 0018;
    7601 : FFB4;
    7602 : FF44;
    7603 : FEDB;
    7604 : FE78;
    7605 : FE2F;
    7606 : FE0C;
    7607 : FDFB;
    7608 : FE1B;
    7609 : FE4C;
    7610 : FEA5;
    7611 : FF17;
    7612 : FF91;
    7613 : 0018;
    7614 : 0098;
    7615 : 0117;
    7616 : 0170;
    7617 : 01BE;
    7618 : 01FF;
    7619 : 0228;
    7620 : 0232;
    7621 : 021B;
    7622 : 01E2;
    7623 : 0192;
    7624 : 0124;
    7625 : 00A6;
    7626 : 0017;
    7627 : FF81;
    7628 : FED2;
    7629 : FE47;
    7630 : FDCE;
    7631 : FD8D;
    7632 : FD5D;
    7633 : FD6F;
    7634 : FD99;
    7635 : FDEF;
    7636 : FE72;
    7637 : FEF1;
    7638 : FF94;
    7639 : 0033;
    7640 : 00C4;
    7641 : 014B;
    7642 : 01C3;
    7643 : 0215;
    7644 : 023E;
    7645 : 0255;
    7646 : 0235;
    7647 : 01FB;
    7648 : 01BF;
    7649 : 0169;
    7650 : 00F9;
    7651 : 0083;
    7652 : FFF4;
    7653 : FF84;
    7654 : FF12;
    7655 : FEA9;
    7656 : FE40;
    7657 : FDEE;
    7658 : FD95;
    7659 : FD69;
    7660 : FD6B;
    7661 : FD83;
    7662 : FDCB;
    7663 : FE39;
    7664 : FED3;
    7665 : FF8D;
    7666 : 0037;
    7667 : 00E0;
    7668 : 016C;
    7669 : 01DA;
    7670 : 0211;
    7671 : 0236;
    7672 : 024E;
    7673 : 023D;
    7674 : 0218;
    7675 : 01BB;
    7676 : 0174;
    7677 : 00F9;
    7678 : 0076;
    7679 : FFFC;
    7680 : FF6F;
    7681 : FEEB;
    7682 : FE82;
    7683 : FE25;
    7684 : FDDB;
    7685 : FD9C;
    7686 : FD82;
    7687 : FD84;
    7688 : FDB6;
    7689 : FE0C;
    7690 : FE74;
    7691 : FEFA;
    7692 : FF79;
    7693 : 000F;
    7694 : 0099;
    7695 : 0128;
    7696 : 018B;
    7697 : 01FB;
    7698 : 0239;
    7699 : 0277;
    7700 : 028C;
    7701 : 0283;
    7702 : 023C;
    7703 : 01D5;
    7704 : 0162;
    7705 : 00DA;
    7706 : 005C;
    7707 : FFCB;
    7708 : FF4A;
    7709 : FEBB;
    7710 : FE3B;
    7711 : FDE5;
    7712 : FD98;
    7713 : FD6D;
    7714 : FD7B;
    7715 : FD9F;
    7716 : FDE6;
    7717 : FE34;
    7718 : FEAA;
    7719 : FF1F;
    7720 : FF82;
    7721 : 0001;
    7722 : 0094;
    7723 : 010D;
    7724 : 0192;
    7725 : 01E5;
    7726 : 0210;
    7727 : 020E;
    7728 : 0200;
    7729 : 01D0;
    7730 : 01A3;
    7731 : 015F;
    7732 : 0124;
    7733 : 00DC;
    7734 : 006F;
    7735 : 0013;
    7736 : FF92;
    7737 : FF1F;
    7738 : FEC3;
    7739 : FE7B;
    7740 : FE6C;
    7741 : FE6D;
    7742 : FE86;
    7743 : FE76;
    7744 : FE95;
    7745 : FEA2;
    7746 : FEBA;
    7747 : FEEE;
    7748 : FF25;
    7749 : FF71;
    7750 : FFC3;
    7751 : 000D;
    7752 : 004F;
    7753 : 0080;
    7754 : 00B0;
    7755 : 00EB;
    7756 : 012C;
    7757 : 0193;
    7758 : 01D6;
    7759 : 01FC;
    7760 : 0213;
    7761 : 01F1;
    7762 : 01A3;
    7763 : 014B;
    7764 : 00D4;
    7765 : 0058;
    7766 : FFE6;
    7767 : FF75;
    7768 : FF20;
    7769 : FED3;
    7770 : FE94;
    7771 : FE55;
    7772 : FE4D;
    7773 : FE3D;
    7774 : FE3A;
    7775 : FE4F;
    7776 : FE5D;
    7777 : FE7F;
    7778 : FEB4;
    7779 : FEF4;
    7780 : FF60;
    7781 : FFD2;
    7782 : 0057;
    7783 : 00F1;
    7784 : 016A;
    7785 : 01EF;
    7786 : 024C;
    7787 : 028B;
    7788 : 02A5;
    7789 : 0296;
    7790 : 0283;
    7791 : 0233;
    7792 : 01B6;
    7793 : 0124;
    7794 : 004E;
    7795 : FF91;
    7796 : FEE5;
    7797 : FE36;
    7798 : FDCD;
    7799 : FD8B;
    7800 : FD7D;
    7801 : FD8F;
    7802 : FDCD;
    7803 : FE0F;
    7804 : FE59;
    7805 : FEAC;
    7806 : FF12;
    7807 : FF88;
    7808 : FFF0;
    7809 : 0053;
    7810 : 009D;
    7811 : 00E4;
    7812 : 0132;
    7813 : 019B;
    7814 : 0201;
    7815 : 0261;
    7816 : 02C9;
    7817 : 02E2;
    7818 : 02CF;
    7819 : 028D;
    7820 : 01E9;
    7821 : 0114;
    7822 : 0040;
    7823 : FF67;
    7824 : FEB5;
    7825 : FE35;
    7826 : FDE6;
    7827 : FDAE;
    7828 : FDA7;
    7829 : FDC5;
    7830 : FDF2;
    7831 : FE39;
    7832 : FE75;
    7833 : FEDD;
    7834 : FF34;
    7835 : FF72;
    7836 : FFC9;
    7837 : 0002;
    7838 : 004A;
    7839 : 0089;
    7840 : 00EB;
    7841 : 013C;
    7842 : 01A1;
    7843 : 0200;
    7844 : 0248;
    7845 : 0288;
    7846 : 029A;
    7847 : 0286;
    7848 : 0240;
    7849 : 01C6;
    7850 : 0123;
    7851 : 0066;
    7852 : FF8E;
    7853 : FECA;
    7854 : FE12;
    7855 : FD80;
    7856 : FD33;
    7857 : FD16;
    7858 : FD39;
    7859 : FD6D;
    7860 : FDD8;
    7861 : FE41;
    7862 : FEB9;
    7863 : FF35;
    7864 : FF95;
    7865 : 000F;
    7866 : 004B;
    7867 : 008D;
    7868 : 00E9;
    7869 : 0120;
    7870 : 0186;
    7871 : 01EB;
    7872 : 0267;
    7873 : 02D5;
    7874 : 030D;
    7875 : 031D;
    7876 : 02EB;
    7877 : 0268;
    7878 : 01A7;
    7879 : 00AD;
    7880 : FFA6;
    7881 : FEBC;
    7882 : FDE1;
    7883 : FD50;
    7884 : FCEE;
    7885 : FCB2;
    7886 : FCCE;
    7887 : FCF6;
    7888 : FD47;
    7889 : FDA6;
    7890 : FE1C;
    7891 : FE93;
    7892 : FF11;
    7893 : FFA0;
    7894 : 0024;
    7895 : 00AC;
    7896 : 0129;
    7897 : 01AC;
    7898 : 021D;
    7899 : 0278;
    7900 : 02CB;
    7901 : 02E1;
    7902 : 02EC;
    7903 : 02B0;
    7904 : 026D;
    7905 : 01DE;
    7906 : 0143;
    7907 : 0090;
    7908 : FFD9;
    7909 : FF27;
    7910 : FE6C;
    7911 : FDD8;
    7912 : FD4D;
    7913 : FCFA;
    7914 : FCD5;
    7915 : FCCF;
    7916 : FD0B;
    7917 : FD6A;
    7918 : FDEB;
    7919 : FE80;
    7920 : FF31;
    7921 : FFF4;
    7922 : 00A3;
    7923 : 0135;
    7924 : 01B1;
    7925 : 0212;
    7926 : 0253;
    7927 : 0276;
    7928 : 0282;
    7929 : 028A;
    7930 : 0277;
    7931 : 025C;
    7932 : 021D;
    7933 : 01B9;
    7934 : 0140;
    7935 : 00A6;
    7936 : FFF1;
    7937 : FF44;
    7938 : FEA1;
    7939 : FE2A;
    7940 : FDB2;
    7941 : FD73;
    7942 : FD41;
    7943 : FD40;
    7944 : FD5F;
    7945 : FD95;
    7946 : FDE9;
    7947 : FE4E;
    7948 : FED6;
    7949 : FF6C;
    7950 : 000E;
    7951 : 00B4;
    7952 : 0148;
    7953 : 01D5;
    7954 : 025F;
    7955 : 02B8;
    7956 : 0306;
    7957 : 0323;
    7958 : 030A;
    7959 : 02B7;
    7960 : 0246;
    7961 : 01BB;
    7962 : 0107;
    7963 : 005B;
    7964 : FFC9;
    7965 : FF35;
    7966 : FED2;
    7967 : FE7C;
    7968 : FE1C;
    7969 : FDC6;
    7970 : FD76;
    7971 : FD3F;
    7972 : FD1E;
    7973 : FD31;
    7974 : FD51;
    7975 : FDB1;
    7976 : FE22;
    7977 : FEB9;
    7978 : FF93;
    7979 : 0063;
    7980 : 0144;
    7981 : 0225;
    7982 : 02D8;
    7983 : 0361;
    7984 : 03C4;
    7985 : 03D9;
    7986 : 03A5;
    7987 : 0354;
    7988 : 02B5;
    7989 : 0219;
    7990 : 015F;
    7991 : 0098;
    7992 : FFBD;
    7993 : FEF4;
    7994 : FE49;
    7995 : FDA7;
    7996 : FD48;
    7997 : FCEE;
    7998 : FCCA;
    7999 : FCB7;
    8000 : FCD8;
    8001 : FD0F;
    8002 : FD52;
    8003 : FDBE;
    8004 : FE68;
    8005 : FF12;
    8006 : FFE1;
    8007 : 00C4;
    8008 : 01AC;
    8009 : 0271;
    8010 : 031F;
    8011 : 03AB;
    8012 : 0412;
    8013 : 042E;
    8014 : 03FA;
    8015 : 0399;
    8016 : 02F0;
    8017 : 0205;
    8018 : 0111;
    8019 : 0007;
    8020 : FF15;
    8021 : FE4F;
    8022 : FDD7;
    8023 : FD82;
    8024 : FD59;
    8025 : FD4E;
    8026 : FD52;
    8027 : FD5E;
    8028 : FD75;
    8029 : FD9B;
    8030 : FDCB;
    8031 : FE34;
    8032 : FE9A;
    8033 : FF21;
    8034 : FFC4;
    8035 : 006B;
    8036 : 0116;
    8037 : 01D2;
    8038 : 026E;
    8039 : 02EA;
    8040 : 0348;
    8041 : 0375;
    8042 : 0359;
    8043 : 030F;
    8044 : 0283;
    8045 : 01CE;
    8046 : 011C;
    8047 : 0063;
    8048 : FFAF;
    8049 : FF0C;
    8050 : FE8C;
    8051 : FE18;
    8052 : FDD9;
    8053 : FDB1;
    8054 : FDA5;
    8055 : FDBD;
    8056 : FDDD;
    8057 : FE05;
    8058 : FE42;
    8059 : FE7D;
    8060 : FEBE;
    8061 : FF0D;
    8062 : FF6A;
    8063 : FFCF;
    8064 : 0051;
    8065 : 00E1;
    8066 : 0171;
    8067 : 01FD;
    8068 : 0267;
    8069 : 02C5;
    8070 : 02EC;
    8071 : 02D7;
    8072 : 028D;
    8073 : 0224;
    8074 : 0192;
    8075 : 00EB;
    8076 : 0039;
    8077 : FF81;
    8078 : FEE0;
    8079 : FE58;
    8080 : FDF6;
    8081 : FDB6;
    8082 : FD89;
    8083 : FD75;
    8084 : FD70;
    8085 : FD96;
    8086 : FDC8;
    8087 : FE20;
    8088 : FE98;
    8089 : FF39;
    8090 : FFE8;
    8091 : 0091;
    8092 : 012B;
    8093 : 01C3;
    8094 : 0226;
    8095 : 0261;
    8096 : 0287;
    8097 : 0282;
    8098 : 0266;
    8099 : 021F;
    8100 : 01C3;
    8101 : 0139;
    8102 : 00A2;
    8103 : 001E;
    8104 : FF91;
    8105 : FF0D;
    8106 : FEBB;
    8107 : FE7C;
    8108 : FE36;
    8109 : FE20;
    8110 : FDFC;
    8111 : FDD7;
    8112 : FDCA;
    8113 : FDF0;
    8114 : FE32;
    8115 : FEAF;
    8116 : FF46;
    8117 : 0000;
    8118 : 00A2;
    8119 : 0151;
    8120 : 01DE;
    8121 : 023F;
    8122 : 0287;
    8123 : 029F;
    8124 : 0278;
    8125 : 024E;
    8126 : 01EC;
    8127 : 0168;
    8128 : 00D8;
    8129 : 0037;
    8130 : FFB0;
    8131 : FF24;
    8132 : FED4;
    8133 : FE7C;
    8134 : FE41;
    8135 : FE23;
    8136 : FE12;
    8137 : FE0B;
    8138 : FE27;
    8139 : FE57;
    8140 : FE88;
    8141 : FED9;
    8142 : FF2F;
    8143 : FFAF;
    8144 : 0028;
    8145 : 00AA;
    8146 : 0139;
    8147 : 01B4;
    8148 : 0213;
    8149 : 0260;
    8150 : 0278;
    8151 : 025C;
    8152 : 0234;
    8153 : 01E3;
    8154 : 017B;
    8155 : 00EE;
    8156 : 006D;
    8157 : FFE6;
    8158 : FF57;
    8159 : FEF6;
    8160 : FE89;
    8161 : FE25;
    8162 : FE04;
    8163 : FDFD;
    8164 : FDF6;
    8165 : FE14;
    8166 : FE3C;
    8167 : FE6B;
    8168 : FEB5;
    8169 : FF08;
    8170 : FF6D;
    8171 : FFE7;
    8172 : 0065;
    8173 : 00E7;
    8174 : 0166;
    8175 : 01E2;
    8176 : 023A;
    8177 : 027A;
    8178 : 028A;
    8179 : 0284;
    8180 : 025E;
    8181 : 020A;
    8182 : 01A7;
    8183 : 0122;
    8184 : 00AB;
    8185 : 000C;
    8186 : FF88;
    8187 : FF0F;
    8188 : FE87;
    8189 : FE2E;
    8190 : FDE6;
    8191 : FDBA;
    8192 : FDBA;
    8193 : FDCB;
    8194 : FE03;
    8195 : FE4F;
    8196 : FE9E;
    8197 : FEFB;
    8198 : FF55;
    8199 : FFBE;
    8200 : 0023;
    8201 : 0098;
    8202 : 010E;
    8203 : 017D;
    8204 : 01E8;
    8205 : 0252;
    8206 : 0296;
    8207 : 02C1;
    8208 : 02C8;
    8209 : 02A1;
    8210 : 024B;
    8211 : 01C7;
    8212 : 013D;
    8213 : 0073;
    8214 : FFB1;
    8215 : FEF1;
    8216 : FE51;
    8217 : FDCB;
    8218 : FD5C;
    8219 : FD3B;
    8220 : FD2E;
    8221 : FD6E;
    8222 : FDC1;
    8223 : FE1E;
    8224 : FE8D;
    8225 : FEF8;
    8226 : FF5F;
    8227 : FFB8;
    8228 : 0031;
    8229 : 00B6;
    8230 : 0137;
    8231 : 01C4;
    8232 : 023F;
    8233 : 029B;
    8234 : 02DA;
    8235 : 02FA;
    8236 : 02DF;
    8237 : 029D;
    8238 : 0222;
    8239 : 0185;
    8240 : 00E7;
    8241 : 0025;
    8242 : FF57;
    8243 : FEB7;
    8244 : FE13;
    8245 : FD9D;
    8246 : FD64;
    8247 : FD4D;
    8248 : FD4E;
    8249 : FD84;
    8250 : FDC2;
    8251 : FE0F;
    8252 : FE75;
    8253 : FEE6;
    8254 : FF6D;
    8255 : 0001;
    8256 : 00A0;
    8257 : 013B;
    8258 : 01BB;
    8259 : 022E;
    8260 : 0271;
    8261 : 0285;
    8262 : 0283;
    8263 : 0240;
    8264 : 01F1;
    8265 : 017D;
    8266 : 0101;
    8267 : 0098;
    8268 : 0019;
    8269 : FFA0;
    8270 : FF42;
    8271 : FEF5;
    8272 : FEA9;
    8273 : FE73;
    8274 : FE3B;
    8275 : FE15;
    8276 : FDEF;
    8277 : FDEE;
    8278 : FE18;
    8279 : FE48;
    8280 : FEAB;
    8281 : FF22;
    8282 : FFA2;
    8283 : 0036;
    8284 : 00A8;
    8285 : 011C;
    8286 : 0178;
    8287 : 019F;
    8288 : 01BF;
    8289 : 01C6;
    8290 : 01B2;
    8291 : 0192;
    8292 : 0151;
    8293 : 0115;
    8294 : 00D6;
    8295 : 0097;
    8296 : 0055;
    8297 : 000F;
    8298 : FFEA;
    8299 : FF9E;
    8300 : FF5F;
    8301 : FF1A;
    8302 : FEF2;
    8303 : FEC4;
    8304 : FE9F;
    8305 : FE87;
    8306 : FE8A;
    8307 : FEA0;
    8308 : FEC7;
    8309 : FEF3;
    8310 : FF21;
    8311 : FF59;
    8312 : FF98;
    8313 : FFF0;
    8314 : 004E;
    8315 : 00AC;
    8316 : 0104;
    8317 : 015C;
    8318 : 01A3;
    8319 : 01B8;
    8320 : 01B8;
    8321 : 0197;
    8322 : 0163;
    8323 : 011B;
    8324 : 00BE;
    8325 : 0061;
    8326 : 0008;
    8327 : FF96;
    8328 : FF3F;
    8329 : FEFE;
    8330 : FECC;
    8331 : FEBB;
    8332 : FEA1;
    8333 : FEB0;
    8334 : FEAA;
    8335 : FEB4;
    8336 : FEC4;
    8337 : FED3;
    8338 : FEFB;
    8339 : FF2A;
    8340 : FF72;
    8341 : FFDE;
    8342 : 0054;
    8343 : 00D0;
    8344 : 0141;
    8345 : 01A4;
    8346 : 01E5;
    8347 : 0204;
    8348 : 0209;
    8349 : 01F6;
    8350 : 01C0;
    8351 : 0166;
    8352 : 00F7;
    8353 : 0091;
    8354 : 000A;
    8355 : FF85;
    8356 : FF1D;
    8357 : FECB;
    8358 : FE86;
    8359 : FE57;
    8360 : FE51;
    8361 : FE59;
    8362 : FE93;
    8363 : FEBF;
    8364 : FEF0;
    8365 : FF34;
    8366 : FF76;
    8367 : FFB0;
    8368 : FFE4;
    8369 : 0011;
    8370 : 0043;
    8371 : 0094;
    8372 : 00D7;
    8373 : 0130;
    8374 : 017C;
    8375 : 01C3;
    8376 : 0209;
    8377 : 022A;
    8378 : 0224;
    8379 : 01EB;
    8380 : 0190;
    8381 : 010B;
    8382 : 0079;
    8383 : FFDA;
    8384 : FF41;
    8385 : FEBA;
    8386 : FE52;
    8387 : FE08;
    8388 : FDF8;
    8389 : FDFC;
    8390 : FE22;
    8391 : FE4E;
    8392 : FE9F;
    8393 : FEDF;
    8394 : FF22;
    8395 : FF5B;
    8396 : FF9D;
    8397 : FFD6;
    8398 : 0038;
    8399 : 008D;
    8400 : 00E3;
    8401 : 015B;
    8402 : 01AB;
    8403 : 01FA;
    8404 : 021D;
    8405 : 0236;
    8406 : 022B;
    8407 : 020B;
    8408 : 01D4;
    8409 : 016C;
    8410 : 00F5;
    8411 : 0058;
    8412 : FFA7;
    8413 : FF05;
    8414 : FE65;
    8415 : FDDC;
    8416 : FD76;
    8417 : FD5F;
    8418 : FD5B;
    8419 : FD7D;
    8420 : FDE0;
    8421 : FE4F;
    8422 : FEE7;
    8423 : FF79;
    8424 : 0019;
    8425 : 0097;
    8426 : 0113;
    8427 : 0182;
    8428 : 01C0;
    8429 : 01F9;
    8430 : 0209;
    8431 : 0216;
    8432 : 0226;
    8433 : 0213;
    8434 : 0204;
    8435 : 01D4;
    8436 : 017F;
    8437 : 010A;
    8438 : 0065;
    8439 : FFD2;
    8440 : FF13;
    8441 : FE74;
    8442 : FDF5;
    8443 : FD9D;
    8444 : FD5F;
    8445 : FD5C;
    8446 : FD88;
    8447 : FDD8;
    8448 : FE4C;
    8449 : FEE3;
    8450 : FF73;
    8451 : 0013;
    8452 : 0090;
    8453 : 00E5;
    8454 : 012B;
    8455 : 014D;
    8456 : 0165;
    8457 : 0179;
    8458 : 0181;
    8459 : 018E;
    8460 : 0184;
    8461 : 0167;
    8462 : 0147;
    8463 : 010B;
    8464 : 00CD;
    8465 : 007B;
    8466 : 0019;
    8467 : FFB0;
    8468 : FF51;
    8469 : FEEB;
    8470 : FE9D;
    8471 : FE48;
    8472 : FE20;
    8473 : FE0E;
    8474 : FE39;
    8475 : FE62;
    8476 : FEC3;
    8477 : FF2D;
    8478 : FF87;
    8479 : FFE6;
    8480 : 0035;
    8481 : 0077;
    8482 : 00B4;
    8483 : 00DF;
    8484 : 0104;
    8485 : 0118;
    8486 : 011A;
    8487 : 011B;
    8488 : 010F;
    8489 : 00F7;
    8490 : 00DF;
    8491 : 00CC;
    8492 : 00C4;
    8493 : 00A6;
    8494 : 0077;
    8495 : 0025;
    8496 : FFD0;
    8497 : FF78;
    8498 : FF1B;
    8499 : FECF;
    8500 : FE8E;
    8501 : FE79;
    8502 : FE71;
    8503 : FE88;
    8504 : FE96;
    8505 : FEB9;
    8506 : FEFE;
    8507 : FF34;
    8508 : FF90;
    8509 : FFEB;
    8510 : 004F;
    8511 : 00A9;
    8512 : 00FD;
    8513 : 0123;
    8514 : 0143;
    8515 : 016F;
    8516 : 0167;
    8517 : 015B;
    8518 : 0132;
    8519 : 0106;
    8520 : 00B7;
    8521 : 0078;
    8522 : 001A;
    8523 : FFAF;
    8524 : FF61;
    8525 : FF2B;
    8526 : FEEA;
    8527 : FED5;
    8528 : FEBD;
    8529 : FE9E;
    8530 : FEAB;
    8531 : FEA7;
    8532 : FEC6;
    8533 : FEEC;
    8534 : FF31;
    8535 : FF71;
    8536 : FFBF;
    8537 : 0023;
    8538 : 0071;
    8539 : 00C1;
    8540 : 010F;
    8541 : 0141;
    8542 : 0168;
    8543 : 0180;
    8544 : 0174;
    8545 : 0165;
    8546 : 012D;
    8547 : 00D3;
    8548 : 007B;
    8549 : 000E;
    8550 : FFAD;
    8551 : FF51;
    8552 : FF0A;
    8553 : FECC;
    8554 : FEAD;
    8555 : FEB4;
    8556 : FE9C;
    8557 : FEC9;
    8558 : FEDC;
    8559 : FF1B;
    8560 : FF50;
    8561 : FF92;
    8562 : FFDD;
    8563 : 001C;
    8564 : 0071;
    8565 : 00A8;
    8566 : 00E2;
    8567 : 010F;
    8568 : 013B;
    8569 : 0143;
    8570 : 0143;
    8571 : 0129;
    8572 : 00F6;
    8573 : 00C2;
    8574 : 006D;
    8575 : 001F;
    8576 : FFBB;
    8577 : FF6C;
    8578 : FF2A;
    8579 : FF00;
    8580 : FEDE;
    8581 : FED2;
    8582 : FEDB;
    8583 : FEE8;
    8584 : FF09;
    8585 : FF37;
    8586 : FF7B;
    8587 : FFC4;
    8588 : 001D;
    8589 : 006C;
    8590 : 008D;
    8591 : 00BD;
    8592 : 00DF;
    8593 : 00DF;
    8594 : 00F0;
    8595 : 00F2;
    8596 : 00DB;
    8597 : 00CD;
    8598 : 0099;
    8599 : 0053;
    8600 : 0012;
    8601 : FFCE;
    8602 : FF87;
    8603 : FF52;
    8604 : FF30;
    8605 : FF29;
    8606 : FF37;
    8607 : FF42;
    8608 : FF4F;
    8609 : FF63;
    8610 : FF82;
    8611 : FFA5;
    8612 : FFDE;
    8613 : 000D;
    8614 : 003D;
    8615 : 0066;
    8616 : 008A;
    8617 : 008C;
    8618 : 008E;
    8619 : 008B;
    8620 : 0097;
    8621 : 0088;
    8622 : 006E;
    8623 : 005C;
    8624 : 0030;
    8625 : 0001;
    8626 : FFE8;
    8627 : FFA7;
    8628 : FFA1;
    8629 : FF9C;
    8630 : FFB0;
    8631 : FFC9;
    8632 : FFE6;
    8633 : FFEE;
    8634 : 0002;
    8635 : FFF7;
    8636 : 0004;
    8637 : FFF1;
    8638 : FFF6;
    8639 : 0003;
    8640 : 0000;
    8641 : 0020;
    8642 : 0026;
    8643 : 0033;
    8644 : 003E;
    8645 : 004E;
    8646 : 0052;
    8647 : 0056;
    8648 : 0046;
    8649 : 003D;
    8650 : 0021;
    8651 : FFFA;
    8652 : FFE9;
    8653 : FFE0;
    8654 : FFEB;
    8655 : 000B;
    8656 : 0019;
    8657 : 003A;
    8658 : 002B;
    8659 : 001F;
    8660 : FFFD;
    8661 : FFD2;
    8662 : FFA8;
    8663 : FF92;
    8664 : FF8A;
    8665 : FF86;
    8666 : FF88;
    8667 : FFA4;
    8668 : FFC5;
    8669 : FFED;
    8670 : 001F;
    8671 : 0055;
    8672 : 008C;
    8673 : 00C8;
    8674 : 00CD;
    8675 : 00BE;
    8676 : 00A7;
    8677 : 0084;
    8678 : 006A;
    8679 : 004E;
    8680 : 0038;
    8681 : 002F;
    8682 : 0021;
    8683 : 0014;
    8684 : 0001;
    8685 : FFBF;
    8686 : FF8C;
    8687 : FF52;
    8688 : FF26;
    8689 : FF19;
    8690 : FF0A;
    8691 : FF10;
    8692 : FF2A;
    8693 : FF52;
    8694 : FF84;
    8695 : FFC7;
    8696 : 0012;
    8697 : 0075;
    8698 : 00D8;
    8699 : 0112;
    8700 : 013D;
    8701 : 013F;
    8702 : 013A;
    8703 : 0113;
    8704 : 00EA;
    8705 : 00C4;
    8706 : 0092;
    8707 : 0060;
    8708 : 002A;
    8709 : FFEB;
    8710 : FFAA;
    8711 : FF76;
    8712 : FF53;
    8713 : FF42;
    8714 : FF3A;
    8715 : FF20;
    8716 : FF19;
    8717 : FF07;
    8718 : FF15;
    8719 : FF26;
    8720 : FF62;
    8721 : FFAD;
    8722 : 0001;
    8723 : 0075;
    8724 : 00D6;
    8725 : 0120;
    8726 : 013C;
    8727 : 015A;
    8728 : 0155;
    8729 : 013C;
    8730 : 010E;
    8731 : 00CC;
    8732 : 0091;
    8733 : 0046;
    8734 : 0007;
    8735 : FFC2;
    8736 : FF9E;
    8737 : FF87;
    8738 : FF8F;
    8739 : FFA2;
    8740 : FF9C;
    8741 : FFA8;
    8742 : FF82;
    8743 : FF5E;
    8744 : FF36;
    8745 : FF1A;
    8746 : FF2A;
    8747 : FF54;
    8748 : FF8B;
    8749 : FFF8;
    8750 : 0046;
    8751 : 0095;
    8752 : 00EA;
    8753 : 0124;
    8754 : 0138;
    8755 : 0153;
    8756 : 0157;
    8757 : 0137;
    8758 : 0104;
    8759 : 00B9;
    8760 : 0073;
    8761 : 0021;
    8762 : FFDA;
    8763 : FFAA;
    8764 : FF76;
    8765 : FF64;
    8766 : FF5A;
    8767 : FF49;
    8768 : FF44;
    8769 : FF4E;
    8770 : FF4E;
    8771 : FF4A;
    8772 : FF5B;
    8773 : FF65;
    8774 : FF6F;
    8775 : FF7D;
    8776 : FF94;
    8777 : FFC7;
    8778 : 0002;
    8779 : 005B;
    8780 : 00B9;
    8781 : 0119;
    8782 : 0166;
    8783 : 0194;
    8784 : 01A0;
    8785 : 017E;
    8786 : 0149;
    8787 : 00EC;
    8788 : 0091;
    8789 : 002D;
    8790 : FFD0;
    8791 : FF7F;
    8792 : FF39;
    8793 : FF08;
    8794 : FEF5;
    8795 : FEFB;
    8796 : FF0C;
    8797 : FF2F;
    8798 : FF58;
    8799 : FF6A;
    8800 : FF82;
    8801 : FF67;
    8802 : FF6A;
    8803 : FF79;
    8804 : FF9C;
    8805 : FFE1;
    8806 : 0034;
    8807 : 0085;
    8808 : 00D7;
    8809 : 0110;
    8810 : 012F;
    8811 : 013D;
    8812 : 0147;
    8813 : 012F;
    8814 : 0113;
    8815 : 0102;
    8816 : 00C8;
    8817 : 008C;
    8818 : 0037;
    8819 : FFE0;
    8820 : FF9B;
    8821 : FF60;
    8822 : FF2F;
    8823 : FF14;
    8824 : FEED;
    8825 : FED0;
    8826 : FECC;
    8827 : FED2;
    8828 : FEE1;
    8829 : FF05;
    8830 : FF43;
    8831 : FF8F;
    8832 : FFE4;
    8833 : 0026;
    8834 : 004C;
    8835 : 0083;
    8836 : 00A3;
    8837 : 00C1;
    8838 : 00F5;
    8839 : 0120;
    8840 : 015C;
    8841 : 016F;
    8842 : 016B;
    8843 : 015C;
    8844 : 0129;
    8845 : 00DD;
    8846 : 0097;
    8847 : 003A;
    8848 : FFC6;
    8849 : FF73;
    8850 : FF04;
    8851 : FE9B;
    8852 : FE48;
    8853 : FE04;
    8854 : FDED;
    8855 : FE05;
    8856 : FE48;
    8857 : FEA1;
    8858 : FF0D;
    8859 : FF82;
    8860 : FFE5;
    8861 : 0058;
    8862 : 00B3;
    8863 : 010B;
    8864 : 015F;
    8865 : 018A;
    8866 : 01A0;
    8867 : 018E;
    8868 : 0168;
    8869 : 013E;
    8870 : 00F2;
    8871 : 00AB;
    8872 : 0074;
    8873 : 0046;
    8874 : 0013;
    8875 : FFAE;
    8876 : FF4B;
    8877 : FEDE;
    8878 : FE73;
    8879 : FE18;
    8880 : FDDB;
    8881 : FDBC;
    8882 : FDBF;
    8883 : FDEE;
    8884 : FE49;
    8885 : FED1;
    8886 : FF6C;
    8887 : 0022;
    8888 : 00C9;
    8889 : 0177;
    8890 : 01ED;
    8891 : 0239;
    8892 : 0241;
    8893 : 022F;
    8894 : 01EF;
    8895 : 018D;
    8896 : 0138;
    8897 : 00C8;
    8898 : 004F;
    8899 : FFFD;
    8900 : FF83;
    8901 : FF2E;
    8902 : FEDD;
    8903 : FE8C;
    8904 : FE51;
    8905 : FE37;
    8906 : FE3D;
    8907 : FE2A;
    8908 : FE36;
    8909 : FE71;
    8910 : FE97;
    8911 : FEE1;
    8912 : FF42;
    8913 : FFC0;
    8914 : 004C;
    8915 : 00DB;
    8916 : 016F;
    8917 : 01C7;
    8918 : 021C;
    8919 : 0244;
    8920 : 023D;
    8921 : 0216;
    8922 : 01D7;
    8923 : 016D;
    8924 : 00E6;
    8925 : 005C;
    8926 : FFC1;
    8927 : FF34;
    8928 : FEBA;
    8929 : FE74;
    8930 : FE55;
    8931 : FE4E;
    8932 : FE70;
    8933 : FE94;
    8934 : FED0;
    8935 : FEFF;
    8936 : FF2C;
    8937 : FF48;
    8938 : FF78;
    8939 : FFA1;
    8940 : FFE6;
    8941 : 001D;
    8942 : 0068;
    8943 : 00BC;
    8944 : 010F;
    8945 : 0158;
    8946 : 01A3;
    8947 : 01D2;
    8948 : 01E8;
    8949 : 01D1;
    8950 : 018B;
    8951 : 012A;
    8952 : 00C1;
    8953 : 0036;
    8954 : FFCA;
    8955 : FF64;
    8956 : FF0E;
    8957 : FED8;
    8958 : FEAE;
    8959 : FEA5;
    8960 : FE9A;
    8961 : FEC3;
    8962 : FEFD;
    8963 : FF44;
    8964 : FF8C;
    8965 : FFC7;
    8966 : 0002;
    8967 : 0022;
    8968 : 002A;
    8969 : 0036;
    8970 : 0046;
    8971 : 0063;
    8972 : 008A;
    8973 : 00C3;
    8974 : 00FC;
    8975 : 0125;
    8976 : 013B;
    8977 : 0148;
    8978 : 014D;
    8979 : 0134;
    8980 : 0103;
    8981 : 00C6;
    8982 : 005E;
    8983 : FFD4;
    8984 : FF65;
    8985 : FEE9;
    8986 : FEA6;
    8987 : FE86;
    8988 : FE7D;
    8989 : FEC2;
    8990 : FF15;
    8991 : FF6B;
    8992 : FFAA;
    8993 : FFDF;
    8994 : FFF9;
    8995 : 0013;
    8996 : 0012;
    8997 : 000E;
    8998 : 001F;
    8999 : 0039;
    9000 : 005C;
    9001 : 007B;
    9002 : 00BC;
    9003 : 00E6;
    9004 : 0127;
    9005 : 0149;
    9006 : 0159;
    9007 : 0134;
    9008 : 00F6;
    9009 : 00B2;
    9010 : 0050;
    9011 : FFD9;
    9012 : FF7B;
    9013 : FF2C;
    9014 : FEE3;
    9015 : FED2;
    9016 : FEBE;
    9017 : FEB2;
    9018 : FECD;
    9019 : FEE6;
    9020 : FF0C;
    9021 : FF44;
    9022 : FF72;
    9023 : FFAD;
    9024 : FFE2;
    9025 : 000E;
    9026 : 003D;
    9027 : 006A;
    9028 : 00B5;
    9029 : 00E2;
    9030 : 0113;
    9031 : 0147;
    9032 : 015D;
    9033 : 0154;
    9034 : 013C;
    9035 : 011A;
    9036 : 00EA;
    9037 : 0097;
    9038 : 0053;
    9039 : 0002;
    9040 : FF9A;
    9041 : FF3E;
    9042 : FEE0;
    9043 : FE8B;
    9044 : FE49;
    9045 : FE12;
    9046 : FE08;
    9047 : FE1A;
    9048 : FE58;
    9049 : FEA5;
    9050 : FEF0;
    9051 : FF49;
    9052 : FFA6;
    9053 : 0004;
    9054 : 0056;
    9055 : 00B0;
    9056 : 00F4;
    9057 : 0147;
    9058 : 0192;
    9059 : 01AF;
    9060 : 01B6;
    9061 : 01AB;
    9062 : 0192;
    9063 : 0152;
    9064 : 010A;
    9065 : 00AF;
    9066 : 0040;
    9067 : FFD6;
    9068 : FF61;
    9069 : FF03;
    9070 : FE91;
    9071 : FE49;
    9072 : FE1C;
    9073 : FE07;
    9074 : FE02;
    9075 : FE18;
    9076 : FE45;
    9077 : FE79;
    9078 : FECF;
    9079 : FF1E;
    9080 : FF88;
    9081 : FFF3;
    9082 : 0064;
    9083 : 00CF;
    9084 : 012B;
    9085 : 0175;
    9086 : 01AE;
    9087 : 01D6;
    9088 : 01E0;
    9089 : 01D0;
    9090 : 01B2;
    9091 : 0175;
    9092 : 012C;
    9093 : 00D5;
    9094 : 0075;
    9095 : 0016;
    9096 : FF9F;
    9097 : FF4E;
    9098 : FEE1;
    9099 : FE90;
    9100 : FE4B;
    9101 : FE17;
    9102 : FE08;
    9103 : FDFE;
    9104 : FE21;
    9105 : FE3D;
    9106 : FE7C;
    9107 : FED3;
    9108 : FF36;
    9109 : FF9A;
    9110 : 0006;
    9111 : 006D;
    9112 : 00D8;
    9113 : 0126;
    9114 : 0179;
    9115 : 01AE;
    9116 : 01CC;
    9117 : 01E8;
    9118 : 01E2;
    9119 : 01B9;
    9120 : 017E;
    9121 : 012E;
    9122 : 00C4;
    9123 : 005C;
    9124 : FFEB;
    9125 : FF7D;
    9126 : FF08;
    9127 : FEBA;
    9128 : FE6E;
    9129 : FE3F;
    9130 : FE04;
    9131 : FDE8;
    9132 : FDE7;
    9133 : FDFF;
    9134 : FE44;
    9135 : FEAA;
    9136 : FF17;
    9137 : FF89;
    9138 : 000B;
    9139 : 0085;
    9140 : 00ED;
    9141 : 015A;
    9142 : 01A2;
    9143 : 01CF;
    9144 : 01F1;
    9145 : 0205;
    9146 : 01E3;
    9147 : 01AA;
    9148 : 0154;
    9149 : 00F4;
    9150 : 009D;
    9151 : 0036;
    9152 : FFD6;
    9153 : FF7A;
    9154 : FF1A;
    9155 : FECB;
    9156 : FE89;
    9157 : FE5D;
    9158 : FE3D;
    9159 : FE40;
    9160 : FE5D;
    9161 : FE88;
    9162 : FEDC;
    9163 : FF2B;
    9164 : FF73;
    9165 : FFE2;
    9166 : 0042;
    9167 : 00A1;
    9168 : 0103;
    9169 : 013F;
    9170 : 016E;
    9171 : 0198;
    9172 : 01A2;
    9173 : 0189;
    9174 : 0156;
    9175 : 0114;
    9176 : 00D0;
    9177 : 0070;
    9178 : 0019;
    9179 : FFC1;
    9180 : FF6A;
    9181 : FF27;
    9182 : FEF4;
    9183 : FEE7;
    9184 : FED9;
    9185 : FEE8;
    9186 : FEF1;
    9187 : FF03;
    9188 : FF25;
    9189 : FF34;
    9190 : FF55;
    9191 : FF78;
    9192 : FFB0;
    9193 : FFE9;
    9194 : 003E;
    9195 : 0091;
    9196 : 00D8;
    9197 : 0121;
    9198 : 013D;
    9199 : 0162;
    9200 : 014F;
    9201 : 012C;
    9202 : 00FC;
    9203 : 00AC;
    9204 : 005D;
    9205 : 0000;
    9206 : FFB0;
    9207 : FF65;
    9208 : FF2F;
    9209 : FF1C;
    9210 : FF0C;
    9211 : FF19;
    9212 : FF35;
    9213 : FF45;
    9214 : FF5D;
    9215 : FF63;
    9216 : FF6D;
    9217 : FF72;
    9218 : FF79;
    9219 : FF9A;
    9220 : FFC2;
    9221 : FFF8;
    9222 : 0022;
    9223 : 0058;
    9224 : 008F;
    9225 : 00BF;
    9226 : 00F0;
    9227 : 0101;
    9228 : 011E;
    9229 : 0110;
    9230 : 00EB;
    9231 : 00BF;
    9232 : 006F;
    9233 : 000C;
    9234 : FFBF;
    9235 : FF7A;
    9236 : FF35;
    9237 : FF0D;
    9238 : FEF0;
    9239 : FEF4;
    9240 : FF00;
    9241 : FF07;
    9242 : FF2E;
    9243 : FF56;
    9244 : FF7E;
    9245 : FF9D;
    9246 : FFC1;
    9247 : FFD7;
    9248 : FFEC;
    9249 : FFFA;
    9250 : 0021;
    9251 : 0042;
    9252 : 007A;
    9253 : 00BA;
    9254 : 00ED;
    9255 : 0128;
    9256 : 0142;
    9257 : 013F;
    9258 : 012B;
    9259 : 00F2;
    9260 : 00AC;
    9261 : 0058;
    9262 : FFF9;
    9263 : FF8B;
    9264 : FF40;
    9265 : FEF1;
    9266 : FEAD;
    9267 : FE86;
    9268 : FE73;
    9269 : FE8F;
    9270 : FEB9;
    9271 : FEF2;
    9272 : FF2C;
    9273 : FF62;
    9274 : FF98;
    9275 : FFC8;
    9276 : FFEF;
    9277 : 001E;
    9278 : 0056;
    9279 : 007F;
    9280 : 00C0;
    9281 : 00DC;
    9282 : 00F9;
    9283 : 0108;
    9284 : 0123;
    9285 : 011F;
    9286 : 0109;
    9287 : 00E7;
    9288 : 00A3;
    9289 : 005A;
    9290 : FFF4;
    9291 : FF86;
    9292 : FF14;
    9293 : FEB8;
    9294 : FE73;
    9295 : FE3A;
    9296 : FE38;
    9297 : FE42;
    9298 : FE6E;
    9299 : FEB2;
    9300 : FF19;
    9301 : FF6A;
    9302 : FFCA;
    9303 : 002C;
    9304 : 006C;
    9305 : 00B3;
    9306 : 00E7;
    9307 : 0100;
    9308 : 011A;
    9309 : 011F;
    9310 : 011B;
    9311 : 0111;
    9312 : 010A;
    9313 : 00FB;
    9314 : 00E4;
    9315 : 00B2;
    9316 : 0078;
    9317 : 001B;
    9318 : FFCC;
    9319 : FF7E;
    9320 : FF2F;
    9321 : FEEC;
    9322 : FEA2;
    9323 : FE9A;
    9324 : FE84;
    9325 : FE82;
    9326 : FEA0;
    9327 : FECF;
    9328 : FF0F;
    9329 : FF76;
    9330 : FFD2;
    9331 : 003A;
    9332 : 0094;
    9333 : 00DC;
    9334 : 0114;
    9335 : 0144;
    9336 : 0141;
    9337 : 0126;
    9338 : 010E;
    9339 : 00DD;
    9340 : 00AD;
    9341 : 007B;
    9342 : 0034;
    9343 : FFF6;
    9344 : FFBD;
    9345 : FFB7;
    9346 : FF8E;
    9347 : FF7C;
    9348 : FF67;
    9349 : FF41;
    9350 : FF3B;
    9351 : FF18;
    9352 : FEFE;
    9353 : FEFA;
    9354 : FEF8;
    9355 : FF0E;
    9356 : FF43;
    9357 : FF8C;
    9358 : FFE8;
    9359 : 0037;
    9360 : 008D;
    9361 : 00CA;
    9362 : 0100;
    9363 : 011A;
    9364 : 011C;
    9365 : 0117;
    9366 : 00EA;
    9367 : 00BC;
    9368 : 0072;
    9369 : 001E;
    9370 : FFF7;
    9371 : FFBC;
    9372 : FFA5;
    9373 : FFA7;
    9374 : FFB3;
    9375 : FFBD;
    9376 : FFC7;
    9377 : FFC0;
    9378 : FFC5;
    9379 : FFB9;
    9380 : FFA0;
    9381 : FF89;
    9382 : FF6D;
    9383 : FF64;
    9384 : FF59;
    9385 : FF63;
    9386 : FF6F;
    9387 : FF97;
    9388 : FFE5;
    9389 : 0028;
    9390 : 0065;
    9391 : 00A8;
    9392 : 00D8;
    9393 : 00E2;
    9394 : 00C9;
    9395 : 00B0;
    9396 : 0079;
    9397 : 004F;
    9398 : 0014;
    9399 : FFF3;
    9400 : FFD6;
    9401 : FFB5;
    9402 : FFBB;
    9403 : FFC2;
    9404 : FFC3;
    9405 : FFD5;
    9406 : FFDC;
    9407 : FFD8;
    9408 : FFCF;
    9409 : FF9B;
    9410 : FF81;
    9411 : FF5D;
    9412 : FF51;
    9413 : FF57;
    9414 : FF70;
    9415 : FFA0;
    9416 : FFE0;
    9417 : 0027;
    9418 : 004A;
    9419 : 0071;
    9420 : 008F;
    9421 : 009C;
    9422 : 009D;
    9423 : 0080;
    9424 : 0076;
    9425 : 006A;
    9426 : 0046;
    9427 : 0028;
    9428 : 0014;
    9429 : FFF6;
    9430 : FFEA;
    9431 : FFDF;
    9432 : FFD5;
    9433 : FFCF;
    9434 : FFD1;
    9435 : FFC0;
    9436 : FFAF;
    9437 : FFB9;
    9438 : FFB1;
    9439 : FFB9;
    9440 : FFC6;
    9441 : FFD7;
    9442 : FFE5;
    9443 : FFF3;
    9444 : FFFC;
    9445 : FFF3;
    9446 : FFEF;
    9447 : FFF9;
    9448 : 0009;
    9449 : 0020;
    9450 : 0038;
    9451 : 004F;
    9452 : 0062;
    9453 : 006B;
    9454 : 0063;
    9455 : 0055;
    9456 : 0045;
    9457 : 0013;
    9458 : FFE9;
    9459 : FFE4;
    9460 : FFBF;
    9461 : FFB8;
    9462 : FFBF;
    9463 : FFCD;
    9464 : FFD9;
    9465 : FFEF;
    9466 : FFF7;
    9467 : 000B;
    9468 : 0010;
    9469 : 0007;
    9470 : FFED;
    9471 : FFCE;
    9472 : FFA7;
    9473 : FF9D;
    9474 : FF9E;
    9475 : FFA5;
    9476 : FFB6;
    9477 : FFE0;
    9478 : 0006;
    9479 : 002E;
    9480 : 0044;
    9481 : 0048;
    9482 : 004B;
    9483 : 003E;
    9484 : 0033;
    9485 : 000D;
    9486 : FFF7;
    9487 : FFD2;
    9488 : FFB5;
    9489 : FFBC;
    9490 : FFA1;
    9491 : FF9C;
    9492 : FFAD;
    9493 : FFC1;
    9494 : FFCE;
    9495 : FFD8;
    9496 : FFE2;
    9497 : FFE5;
    9498 : FFDE;
    9499 : FFBC;
    9500 : FFBB;
    9501 : FFC0;
    9502 : FFBF;
    9503 : FFCC;
    9504 : FFE9;
    9505 : 000B;
    9506 : 0032;
    9507 : 0053;
    9508 : 0069;
    9509 : 0091;
    9510 : 0095;
    9511 : 008A;
    9512 : 006F;
    9513 : 0040;
    9514 : 0015;
    9515 : FFE1;
    9516 : FFC0;
    9517 : FFA1;
    9518 : FF8A;
    9519 : FF94;
    9520 : FF8A;
    9521 : FF9E;
    9522 : FFBE;
    9523 : FFD4;
    9524 : FFE5;
    9525 : FFED;
    9526 : 0005;
    9527 : 0005;
    9528 : 0018;
    9529 : 0021;
    9530 : 0018;
    9531 : 0019;
    9532 : 0007;
    9533 : 000C;
    9534 : 000F;
    9535 : 0015;
    9536 : 0030;
    9537 : 0040;
    9538 : 0048;
    9539 : 003E;
    9540 : 003E;
    9541 : 0030;
    9542 : 0012;
    9543 : FFF0;
    9544 : FFCD;
    9545 : FFC5;
    9546 : FFB3;
    9547 : FFA1;
    9548 : FF9B;
    9549 : FFA4;
    9550 : FFB4;
    9551 : FFCD;
    9552 : FFF6;
    9553 : 000B;
    9554 : 0031;
END;
